state_test_id,route,set_id,kind,question_count,width,open_and_long_text,wrong_selection,change_answer,correct_selection,unanswered_submit,submit_score_explanation,post_submit_lock,retry_reset,solution_toggle,expiry_if_available,storage_failure_if_supported,evidence,commit,notes
ST001,/NhapMonLuatHoc-LuyenDe,nmlh-ch12-state-igo,MCQ,8,320,PASS,PASS,PASS,PASS,PASS,PASS,PASS,PASS,N/A_MCQ,N/A_NO_COUNTDOWN,PASS,evidence/after/practice-states/results.json; implementation/practice-visual-review.json; evidence/after/practice-reading/ST001_open.png; evidence/after/practice-reading/ST001_graded.png,2f6eadb67fd1d5e07e58f4684dab5812002458f2,"Fixture: Firebase fixture; student@example.test; local storage isolated to browser context; actual question IDs=[""nmlh_1"", ""nmlh_2"", ""nmlh_3"", ""nmlh_4"", ""nmlh_5"", ""nmlh_6"", ""nmlh_7"", ""nmlh_8""]; scoring/banks/source protected; automated status=PASS"
ST002,/NhapMonLuatHoc-LuyenDe,nmlh-ch12-state-igo,MCQ,8,390,PASS,PASS,PASS,PASS,PASS,PASS,PASS,PASS,N/A_MCQ,N/A_NO_COUNTDOWN,PASS,evidence/after/practice-states/results.json; implementation/practice-visual-review.json; evidence/after/practice-reading/ST002_open.png; evidence/after/practice-reading/ST002_graded.png,2f6eadb67fd1d5e07e58f4684dab5812002458f2,"Fixture: Firebase fixture; student@example.test; local storage isolated to browser context; actual question IDs=[""nmlh_1"", ""nmlh_2"", ""nmlh_3"", ""nmlh_4"", ""nmlh_5"", ""nmlh_6"", ""nmlh_7"", ""nmlh_8""]; scoring/banks/source protected; automated status=PASS"
ST003,/NhapMonLuatHoc-LuyenDe,nmlh-ch12-state-igo,MCQ,8,768,PASS,PASS,PASS,PASS,PASS,PASS,PASS,PASS,N/A_MCQ,N/A_NO_COUNTDOWN,PASS,evidence/after/practice-states/results.json; implementation/practice-visual-review.json; evidence/after/practice-reading/ST003_open.png; evidence/after/practice-reading/ST003_graded.png,2f6eadb67fd1d5e07e58f4684dab5812002458f2,"Fixture: Firebase fixture; student@example.test; local storage isolated to browser context; actual question IDs=[""nmlh_1"", ""nmlh_2"", ""nmlh_3"", ""nmlh_4"", ""nmlh_5"", ""nmlh_6"", ""nmlh_7"", ""nmlh_8""]; scoring/banks/source protected; automated status=PASS"
ST004,/NhapMonLuatHoc-LuyenDe,nmlh-ch12-state-igo,MCQ,8,1366,PASS,PASS,PASS,PASS,PASS,PASS,PASS,PASS,N/A_MCQ,N/A_NO_COUNTDOWN,PASS,evidence/after/practice-states/results.json; implementation/practice-visual-review.json; evidence/after/practice-reading/ST004_open.png; evidence/after/practice-reading/ST004_graded.png,2f6eadb67fd1d5e07e58f4684dab5812002458f2,"Fixture: Firebase fixture; student@example.test; local storage isolated to browser context; actual question IDs=[""nmlh_1"", ""nmlh_2"", ""nmlh_3"", ""nmlh_4"", ""nmlh_5"", ""nmlh_6"", ""nmlh_7"", ""nmlh_8""]; scoring/banks/source protected; automated status=PASS"
ST005,/NhapMonLuatHoc-LuyenDe,nmlh-ch34-norms,MCQ,6,320,PASS,PASS,PASS,PASS,PASS,PASS,PASS,PASS,N/A_MCQ,N/A_NO_COUNTDOWN,PASS,evidence/after/practice-states/results.json; implementation/practice-visual-review.json; evidence/after/practice-reading/ST005_open.png; evidence/after/practice-reading/ST005_graded.png,2f6eadb67fd1d5e07e58f4684dab5812002458f2,"Fixture: Firebase fixture; student@example.test; local storage isolated to browser context; actual question IDs=[""nmlh_9"", ""nmlh_10"", ""nmlh_11"", ""nmlh_12"", ""nmlh_13"", ""nmlh_14""]; scoring/banks/source protected; automated status=PASS"
ST006,/NhapMonLuatHoc-LuyenDe,nmlh-ch34-norms,MCQ,6,390,PASS,PASS,PASS,PASS,PASS,PASS,PASS,PASS,N/A_MCQ,N/A_NO_COUNTDOWN,PASS,evidence/after/practice-states/results.json; implementation/practice-visual-review.json; evidence/after/practice-reading/ST006_open.png; evidence/after/practice-reading/ST006_graded.png,2f6eadb67fd1d5e07e58f4684dab5812002458f2,"Fixture: Firebase fixture; student@example.test; local storage isolated to browser context; actual question IDs=[""nmlh_9"", ""nmlh_10"", ""nmlh_11"", ""nmlh_12"", ""nmlh_13"", ""nmlh_14""]; scoring/banks/source protected; automated status=PASS"
ST007,/NhapMonLuatHoc-LuyenDe,nmlh-ch34-norms,MCQ,6,768,PASS,PASS,PASS,PASS,PASS,PASS,PASS,PASS,N/A_MCQ,N/A_NO_COUNTDOWN,PASS,evidence/after/practice-states/results.json; implementation/practice-visual-review.json; evidence/after/practice-reading/ST007_open.png; evidence/after/practice-reading/ST007_graded.png,2f6eadb67fd1d5e07e58f4684dab5812002458f2,"Fixture: Firebase fixture; student@example.test; local storage isolated to browser context; actual question IDs=[""nmlh_9"", ""nmlh_10"", ""nmlh_11"", ""nmlh_12"", ""nmlh_13"", ""nmlh_14""]; scoring/banks/source protected; automated status=PASS"
ST008,/NhapMonLuatHoc-LuyenDe,nmlh-ch34-norms,MCQ,6,1366,PASS,PASS,PASS,PASS,PASS,PASS,PASS,PASS,N/A_MCQ,N/A_NO_COUNTDOWN,PASS,evidence/after/practice-states/results.json; implementation/practice-visual-review.json; evidence/after/practice-reading/ST008_open.png; evidence/after/practice-reading/ST008_graded.png,2f6eadb67fd1d5e07e58f4684dab5812002458f2,"Fixture: Firebase fixture; student@example.test; local storage isolated to browser context; actual question IDs=[""nmlh_9"", ""nmlh_10"", ""nmlh_11"", ""nmlh_12"", ""nmlh_13"", ""nmlh_14""]; scoring/banks/source protected; automated status=PASS"
ST009,/NhapMonLuatHoc-LuyenDe,nmlh-ch57-relations-liability,MCQ,6,320,PASS,PASS,PASS,PASS,PASS,PASS,PASS,PASS,N/A_MCQ,N/A_NO_COUNTDOWN,PASS,evidence/after/practice-states/results.json; implementation/practice-visual-review.json; evidence/after/practice-reading/ST009_open.png; evidence/after/practice-reading/ST009_graded.png,2f6eadb67fd1d5e07e58f4684dab5812002458f2,"Fixture: Firebase fixture; student@example.test; local storage isolated to browser context; actual question IDs=[""nmlh_15"", ""nmlh_16"", ""nmlh_17"", ""nmlh_18"", ""nmlh_19"", ""nmlh_20""]; scoring/banks/source protected; automated status=PASS"
ST010,/NhapMonLuatHoc-LuyenDe,nmlh-ch57-relations-liability,MCQ,6,390,PASS,PASS,PASS,PASS,PASS,PASS,PASS,PASS,N/A_MCQ,N/A_NO_COUNTDOWN,PASS,evidence/after/practice-states/results.json; implementation/practice-visual-review.json; evidence/after/practice-reading/ST010_open.png; evidence/after/practice-reading/ST010_graded.png,2f6eadb67fd1d5e07e58f4684dab5812002458f2,"Fixture: Firebase fixture; student@example.test; local storage isolated to browser context; actual question IDs=[""nmlh_15"", ""nmlh_16"", ""nmlh_17"", ""nmlh_18"", ""nmlh_19"", ""nmlh_20""]; scoring/banks/source protected; automated status=PASS"
ST011,/NhapMonLuatHoc-LuyenDe,nmlh-ch57-relations-liability,MCQ,6,768,PASS,PASS,PASS,PASS,PASS,PASS,PASS,PASS,N/A_MCQ,N/A_NO_COUNTDOWN,PASS,evidence/after/practice-states/results.json; implementation/practice-visual-review.json; evidence/after/practice-reading/ST011_open.png; evidence/after/practice-reading/ST011_graded.png,2f6eadb67fd1d5e07e58f4684dab5812002458f2,"Fixture: Firebase fixture; student@example.test; local storage isolated to browser context; actual question IDs=[""nmlh_15"", ""nmlh_16"", ""nmlh_17"", ""nmlh_18"", ""nmlh_19"", ""nmlh_20""]; scoring/banks/source protected; automated status=PASS"
ST012,/NhapMonLuatHoc-LuyenDe,nmlh-ch57-relations-liability,MCQ,6,1366,PASS,PASS,PASS,PASS,PASS,PASS,PASS,PASS,N/A_MCQ,N/A_NO_COUNTDOWN,PASS,evidence/after/practice-states/results.json; implementation/practice-visual-review.json; evidence/after/practice-reading/ST012_open.png; evidence/after/practice-reading/ST012_graded.png,2f6eadb67fd1d5e07e58f4684dab5812002458f2,"Fixture: Firebase fixture; student@example.test; local storage isolated to browser context; actual question IDs=[""nmlh_15"", ""nmlh_16"", ""nmlh_17"", ""nmlh_18"", ""nmlh_19"", ""nmlh_20""]; scoring/banks/source protected; automated status=PASS"
ST013,/NhapMonLuatHoc-LuyenDe,nmlh-quiz-comprehensive,MCQ,20,320,PASS,PASS,PASS,PASS,PASS,PASS,PASS,PASS,N/A_MCQ,N/A_NO_COUNTDOWN,PASS,evidence/after/practice-states/results.json; implementation/practice-visual-review.json; evidence/after/practice-reading/ST013_open.png; evidence/after/practice-reading/ST013_graded.png,2f6eadb67fd1d5e07e58f4684dab5812002458f2,"Fixture: Firebase fixture; student@example.test; local storage isolated to browser context; actual question IDs=[""nmlh_1"", ""nmlh_2"", ""nmlh_3"", ""nmlh_4"", ""nmlh_5"", ""nmlh_6"", ""nmlh_7"", ""nmlh_8"", ""nmlh_9"", ""nmlh_10"", ""nmlh_11"", ""nmlh_12"", ""nmlh_13"", ""nmlh_14"", ""nmlh_15"", ""nmlh_16"", ""nmlh_17"", ""nmlh_18"", ""nmlh_19"", ""nmlh_20""]; scoring/banks/source protected; automated status=PASS"
ST014,/NhapMonLuatHoc-LuyenDe,nmlh-quiz-comprehensive,MCQ,20,390,PASS,PASS,PASS,PASS,PASS,PASS,PASS,PASS,N/A_MCQ,N/A_NO_COUNTDOWN,PASS,evidence/after/practice-states/results.json; implementation/practice-visual-review.json; evidence/after/practice-reading/ST014_open.png; evidence/after/practice-reading/ST014_graded.png,2f6eadb67fd1d5e07e58f4684dab5812002458f2,"Fixture: Firebase fixture; student@example.test; local storage isolated to browser context; actual question IDs=[""nmlh_1"", ""nmlh_2"", ""nmlh_3"", ""nmlh_4"", ""nmlh_5"", ""nmlh_6"", ""nmlh_7"", ""nmlh_8"", ""nmlh_9"", ""nmlh_10"", ""nmlh_11"", ""nmlh_12"", ""nmlh_13"", ""nmlh_14"", ""nmlh_15"", ""nmlh_16"", ""nmlh_17"", ""nmlh_18"", ""nmlh_19"", ""nmlh_20""]; scoring/banks/source protected; automated status=PASS"
ST015,/NhapMonLuatHoc-LuyenDe,nmlh-quiz-comprehensive,MCQ,20,768,PASS,PASS,PASS,PASS,PASS,PASS,PASS,PASS,N/A_MCQ,N/A_NO_COUNTDOWN,PASS,evidence/after/practice-states/results.json; implementation/practice-visual-review.json; evidence/after/practice-reading/ST015_open.png; evidence/after/practice-reading/ST015_graded.png,2f6eadb67fd1d5e07e58f4684dab5812002458f2,"Fixture: Firebase fixture; student@example.test; local storage isolated to browser context; actual question IDs=[""nmlh_1"", ""nmlh_2"", ""nmlh_3"", ""nmlh_4"", ""nmlh_5"", ""nmlh_6"", ""nmlh_7"", ""nmlh_8"", ""nmlh_9"", ""nmlh_10"", ""nmlh_11"", ""nmlh_12"", ""nmlh_13"", ""nmlh_14"", ""nmlh_15"", ""nmlh_16"", ""nmlh_17"", ""nmlh_18"", ""nmlh_19"", ""nmlh_20""]; scoring/banks/source protected; automated status=PASS"
ST016,/NhapMonLuatHoc-LuyenDe,nmlh-quiz-comprehensive,MCQ,20,1366,PASS,PASS,PASS,PASS,PASS,PASS,PASS,PASS,N/A_MCQ,N/A_NO_COUNTDOWN,PASS,evidence/after/practice-states/results.json; implementation/practice-visual-review.json; evidence/after/practice-reading/ST016_open.png; evidence/after/practice-reading/ST016_graded.png,2f6eadb67fd1d5e07e58f4684dab5812002458f2,"Fixture: Firebase fixture; student@example.test; local storage isolated to browser context; actual question IDs=[""nmlh_1"", ""nmlh_2"", ""nmlh_3"", ""nmlh_4"", ""nmlh_5"", ""nmlh_6"", ""nmlh_7"", ""nmlh_8"", ""nmlh_9"", ""nmlh_10"", ""nmlh_11"", ""nmlh_12"", ""nmlh_13"", ""nmlh_14"", ""nmlh_15"", ""nmlh_16"", ""nmlh_17"", ""nmlh_18"", ""nmlh_19"", ""nmlh_20""]; scoring/banks/source protected; automated status=PASS"
ST017,/KTQT-LuyenDe,ktqt-ch1-classical,MCQ,8,320,PASS,PASS,PASS,PASS,PASS,PASS,PASS,PASS,N/A_MCQ,N/A_NO_COUNTDOWN,PASS,evidence/after/practice-states/results.json; implementation/practice-visual-review.json; evidence/after/practice-reading/ST017_open.png; evidence/after/practice-reading/ST017_graded.png,2f6eadb67fd1d5e07e58f4684dab5812002458f2,"Fixture: Firebase fixture; student@example.test; local storage isolated to browser context; actual question IDs=[""ktqt_1"", ""ktqt_2"", ""ktqt_3"", ""ktqt_4"", ""ktqt_5"", ""ktqt_6"", ""ktqt_7"", ""ktqt_8""]; scoring/banks/source protected; automated status=PASS"
ST018,/KTQT-LuyenDe,ktqt-ch1-classical,MCQ,8,390,PASS,PASS,PASS,PASS,PASS,PASS,PASS,PASS,N/A_MCQ,N/A_NO_COUNTDOWN,PASS,evidence/after/practice-states/results.json; implementation/practice-visual-review.json; evidence/after/practice-reading/ST018_open.png; evidence/after/practice-reading/ST018_graded.png,2f6eadb67fd1d5e07e58f4684dab5812002458f2,"Fixture: Firebase fixture; student@example.test; local storage isolated to browser context; actual question IDs=[""ktqt_1"", ""ktqt_2"", ""ktqt_3"", ""ktqt_4"", ""ktqt_5"", ""ktqt_6"", ""ktqt_7"", ""ktqt_8""]; scoring/banks/source protected; automated status=PASS"
ST019,/KTQT-LuyenDe,ktqt-ch1-classical,MCQ,8,768,PASS,PASS,PASS,PASS,PASS,PASS,PASS,PASS,N/A_MCQ,N/A_NO_COUNTDOWN,PASS,evidence/after/practice-states/results.json; implementation/practice-visual-review.json; evidence/after/practice-reading/ST019_open.png; evidence/after/practice-reading/ST019_graded.png,2f6eadb67fd1d5e07e58f4684dab5812002458f2,"Fixture: Firebase fixture; student@example.test; local storage isolated to browser context; actual question IDs=[""ktqt_1"", ""ktqt_2"", ""ktqt_3"", ""ktqt_4"", ""ktqt_5"", ""ktqt_6"", ""ktqt_7"", ""ktqt_8""]; scoring/banks/source protected; automated status=PASS"
ST020,/KTQT-LuyenDe,ktqt-ch1-classical,MCQ,8,1366,PASS,PASS,PASS,PASS,PASS,PASS,PASS,PASS,N/A_MCQ,N/A_NO_COUNTDOWN,PASS,evidence/after/practice-states/results.json; implementation/practice-visual-review.json; evidence/after/practice-reading/ST020_open.png; evidence/after/practice-reading/ST020_graded.png,2f6eadb67fd1d5e07e58f4684dab5812002458f2,"Fixture: Firebase fixture; student@example.test; local storage isolated to browser context; actual question IDs=[""ktqt_1"", ""ktqt_2"", ""ktqt_3"", ""ktqt_4"", ""ktqt_5"", ""ktqt_6"", ""ktqt_7"", ""ktqt_8""]; scoring/banks/source protected; automated status=PASS"
ST021,/KTQT-LuyenDe,ktqt-ch2-standard,MCQ,4,320,PASS,PASS,PASS,PASS,PASS,PASS,PASS,PASS,N/A_MCQ,N/A_NO_COUNTDOWN,PASS,evidence/after/practice-states/results.json; implementation/practice-visual-review.json; evidence/after/practice-reading/ST021_open.png; evidence/after/practice-reading/ST021_graded.png,2f6eadb67fd1d5e07e58f4684dab5812002458f2,"Fixture: Firebase fixture; student@example.test; local storage isolated to browser context; actual question IDs=[""ktqt_9"", ""ktqt_10"", ""ktqt_11"", ""ktqt_12""]; scoring/banks/source protected; automated status=PASS"
ST022,/KTQT-LuyenDe,ktqt-ch2-standard,MCQ,4,390,PASS,PASS,PASS,PASS,PASS,PASS,PASS,PASS,N/A_MCQ,N/A_NO_COUNTDOWN,PASS,evidence/after/practice-states/results.json; implementation/practice-visual-review.json; evidence/after/practice-reading/ST022_open.png; evidence/after/practice-reading/ST022_graded.png,2f6eadb67fd1d5e07e58f4684dab5812002458f2,"Fixture: Firebase fixture; student@example.test; local storage isolated to browser context; actual question IDs=[""ktqt_9"", ""ktqt_10"", ""ktqt_11"", ""ktqt_12""]; scoring/banks/source protected; automated status=PASS"
ST023,/KTQT-LuyenDe,ktqt-ch2-standard,MCQ,4,768,PASS,PASS,PASS,PASS,PASS,PASS,PASS,PASS,N/A_MCQ,N/A_NO_COUNTDOWN,PASS,evidence/after/practice-states/results.json; implementation/practice-visual-review.json; evidence/after/practice-reading/ST023_open.png; evidence/after/practice-reading/ST023_graded.png,2f6eadb67fd1d5e07e58f4684dab5812002458f2,"Fixture: Firebase fixture; student@example.test; local storage isolated to browser context; actual question IDs=[""ktqt_9"", ""ktqt_10"", ""ktqt_11"", ""ktqt_12""]; scoring/banks/source protected; automated status=PASS"
ST024,/KTQT-LuyenDe,ktqt-ch2-standard,MCQ,4,1366,PASS,PASS,PASS,PASS,PASS,PASS,PASS,PASS,N/A_MCQ,N/A_NO_COUNTDOWN,PASS,evidence/after/practice-states/results.json; implementation/practice-visual-review.json; evidence/after/practice-reading/ST024_open.png; evidence/after/practice-reading/ST024_graded.png,2f6eadb67fd1d5e07e58f4684dab5812002458f2,"Fixture: Firebase fixture; student@example.test; local storage isolated to browser context; actual question IDs=[""ktqt_9"", ""ktqt_10"", ""ktqt_11"", ""ktqt_12""]; scoring/banks/source protected; automated status=PASS"
ST025,/KTQT-LuyenDe,ktqt-ch3-tariffs,MCQ,6,320,PASS,PASS,PASS,PASS,PASS,PASS,PASS,PASS,N/A_MCQ,N/A_NO_COUNTDOWN,PASS,evidence/after/practice-states/results.json; implementation/practice-visual-review.json; evidence/after/practice-reading/ST025_open.png; evidence/after/practice-reading/ST025_graded.png,2f6eadb67fd1d5e07e58f4684dab5812002458f2,"Fixture: Firebase fixture; student@example.test; local storage isolated to browser context; actual question IDs=[""ktqt_13"", ""ktqt_14"", ""ktqt_15"", ""ktqt_16"", ""ktqt_17"", ""ktqt_18""]; scoring/banks/source protected; automated status=PASS"
ST026,/KTQT-LuyenDe,ktqt-ch3-tariffs,MCQ,6,390,PASS,PASS,PASS,PASS,PASS,PASS,PASS,PASS,N/A_MCQ,N/A_NO_COUNTDOWN,PASS,evidence/after/practice-states/results.json; implementation/practice-visual-review.json; evidence/after/practice-reading/ST026_open.png; evidence/after/practice-reading/ST026_graded.png,2f6eadb67fd1d5e07e58f4684dab5812002458f2,"Fixture: Firebase fixture; student@example.test; local storage isolated to browser context; actual question IDs=[""ktqt_13"", ""ktqt_14"", ""ktqt_15"", ""ktqt_16"", ""ktqt_17"", ""ktqt_18""]; scoring/banks/source protected; automated status=PASS"
ST027,/KTQT-LuyenDe,ktqt-ch3-tariffs,MCQ,6,768,PASS,PASS,PASS,PASS,PASS,PASS,PASS,PASS,N/A_MCQ,N/A_NO_COUNTDOWN,PASS,evidence/after/practice-states/results.json; implementation/practice-visual-review.json; evidence/after/practice-reading/ST027_open.png; evidence/after/practice-reading/ST027_graded.png,2f6eadb67fd1d5e07e58f4684dab5812002458f2,"Fixture: Firebase fixture; student@example.test; local storage isolated to browser context; actual question IDs=[""ktqt_13"", ""ktqt_14"", ""ktqt_15"", ""ktqt_16"", ""ktqt_17"", ""ktqt_18""]; scoring/banks/source protected; automated status=PASS"
ST028,/KTQT-LuyenDe,ktqt-ch3-tariffs,MCQ,6,1366,PASS,PASS,PASS,PASS,PASS,PASS,PASS,PASS,N/A_MCQ,N/A_NO_COUNTDOWN,PASS,evidence/after/practice-states/results.json; implementation/practice-visual-review.json; evidence/after/practice-reading/ST028_open.png; evidence/after/practice-reading/ST028_graded.png,2f6eadb67fd1d5e07e58f4684dab5812002458f2,"Fixture: Firebase fixture; student@example.test; local storage isolated to browser context; actual question IDs=[""ktqt_13"", ""ktqt_14"", ""ktqt_15"", ""ktqt_16"", ""ktqt_17"", ""ktqt_18""]; scoring/banks/source protected; automated status=PASS"
ST029,/KTQT-LuyenDe,ktqt-ch4-nontariff,MCQ,2,320,PASS,PASS,PASS,PASS,PASS,PASS,PASS,PASS,N/A_MCQ,N/A_NO_COUNTDOWN,PASS,evidence/after/practice-states/results.json; implementation/practice-visual-review.json; evidence/after/practice-reading/ST029_open.png; evidence/after/practice-reading/ST029_graded.png,2f6eadb67fd1d5e07e58f4684dab5812002458f2,"Fixture: Firebase fixture; student@example.test; local storage isolated to browser context; actual question IDs=[""ktqt_19"", ""ktqt_20""]; scoring/banks/source protected; automated status=PASS"
ST030,/KTQT-LuyenDe,ktqt-ch4-nontariff,MCQ,2,390,PASS,PASS,PASS,PASS,PASS,PASS,PASS,PASS,N/A_MCQ,N/A_NO_COUNTDOWN,PASS,evidence/after/practice-states/results.json; implementation/practice-visual-review.json; evidence/after/practice-reading/ST030_open.png; evidence/after/practice-reading/ST030_graded.png,2f6eadb67fd1d5e07e58f4684dab5812002458f2,"Fixture: Firebase fixture; student@example.test; local storage isolated to browser context; actual question IDs=[""ktqt_19"", ""ktqt_20""]; scoring/banks/source protected; automated status=PASS"
ST031,/KTQT-LuyenDe,ktqt-ch4-nontariff,MCQ,2,768,PASS,PASS,PASS,PASS,PASS,PASS,PASS,PASS,N/A_MCQ,N/A_NO_COUNTDOWN,PASS,evidence/after/practice-states/results.json; implementation/practice-visual-review.json; evidence/after/practice-reading/ST031_open.png; evidence/after/practice-reading/ST031_graded.png,2f6eadb67fd1d5e07e58f4684dab5812002458f2,"Fixture: Firebase fixture; student@example.test; local storage isolated to browser context; actual question IDs=[""ktqt_19"", ""ktqt_20""]; scoring/banks/source protected; automated status=PASS"
ST032,/KTQT-LuyenDe,ktqt-ch4-nontariff,MCQ,2,1366,PASS,PASS,PASS,PASS,PASS,PASS,PASS,PASS,N/A_MCQ,N/A_NO_COUNTDOWN,PASS,evidence/after/practice-states/results.json; implementation/practice-visual-review.json; evidence/after/practice-reading/ST032_open.png; evidence/after/practice-reading/ST032_graded.png,2f6eadb67fd1d5e07e58f4684dab5812002458f2,"Fixture: Firebase fixture; student@example.test; local storage isolated to browser context; actual question IDs=[""ktqt_19"", ""ktqt_20""]; scoring/banks/source protected; automated status=PASS"
ST033,/KTQT-LuyenDe,ktqt-quiz-comprehensive,MCQ,20,320,PASS,PASS,PASS,PASS,PASS,PASS,PASS,PASS,N/A_MCQ,N/A_NO_COUNTDOWN,PASS,evidence/after/practice-states/results.json; implementation/practice-visual-review.json; evidence/after/practice-reading/ST033_open.png; evidence/after/practice-reading/ST033_graded.png,2f6eadb67fd1d5e07e58f4684dab5812002458f2,"Fixture: Firebase fixture; student@example.test; local storage isolated to browser context; actual question IDs=[""ktqt_1"", ""ktqt_2"", ""ktqt_3"", ""ktqt_4"", ""ktqt_5"", ""ktqt_6"", ""ktqt_7"", ""ktqt_8"", ""ktqt_9"", ""ktqt_10"", ""ktqt_11"", ""ktqt_12"", ""ktqt_13"", ""ktqt_14"", ""ktqt_15"", ""ktqt_16"", ""ktqt_17"", ""ktqt_18"", ""ktqt_19"", ""ktqt_20""]; scoring/banks/source protected; automated status=PASS"
ST034,/KTQT-LuyenDe,ktqt-quiz-comprehensive,MCQ,20,390,PASS,PASS,PASS,PASS,PASS,PASS,PASS,PASS,N/A_MCQ,N/A_NO_COUNTDOWN,PASS,evidence/after/practice-states/results.json; implementation/practice-visual-review.json; evidence/after/practice-reading/ST034_open.png; evidence/after/practice-reading/ST034_graded.png,2f6eadb67fd1d5e07e58f4684dab5812002458f2,"Fixture: Firebase fixture; student@example.test; local storage isolated to browser context; actual question IDs=[""ktqt_1"", ""ktqt_2"", ""ktqt_3"", ""ktqt_4"", ""ktqt_5"", ""ktqt_6"", ""ktqt_7"", ""ktqt_8"", ""ktqt_9"", ""ktqt_10"", ""ktqt_11"", ""ktqt_12"", ""ktqt_13"", ""ktqt_14"", ""ktqt_15"", ""ktqt_16"", ""ktqt_17"", ""ktqt_18"", ""ktqt_19"", ""ktqt_20""]; scoring/banks/source protected; automated status=PASS"
ST035,/KTQT-LuyenDe,ktqt-quiz-comprehensive,MCQ,20,768,PASS,PASS,PASS,PASS,PASS,PASS,PASS,PASS,N/A_MCQ,N/A_NO_COUNTDOWN,PASS,evidence/after/practice-states/results.json; implementation/practice-visual-review.json; evidence/after/practice-reading/ST035_open.png; evidence/after/practice-reading/ST035_graded.png,2f6eadb67fd1d5e07e58f4684dab5812002458f2,"Fixture: Firebase fixture; student@example.test; local storage isolated to browser context; actual question IDs=[""ktqt_1"", ""ktqt_2"", ""ktqt_3"", ""ktqt_4"", ""ktqt_5"", ""ktqt_6"", ""ktqt_7"", ""ktqt_8"", ""ktqt_9"", ""ktqt_10"", ""ktqt_11"", ""ktqt_12"", ""ktqt_13"", ""ktqt_14"", ""ktqt_15"", ""ktqt_16"", ""ktqt_17"", ""ktqt_18"", ""ktqt_19"", ""ktqt_20""]; scoring/banks/source protected; automated status=PASS"
ST036,/KTQT-LuyenDe,ktqt-quiz-comprehensive,MCQ,20,1366,PASS,PASS,PASS,PASS,PASS,PASS,PASS,PASS,N/A_MCQ,N/A_NO_COUNTDOWN,PASS,evidence/after/practice-states/results.json; implementation/practice-visual-review.json; evidence/after/practice-reading/ST036_open.png; evidence/after/practice-reading/ST036_graded.png,2f6eadb67fd1d5e07e58f4684dab5812002458f2,"Fixture: Firebase fixture; student@example.test; local storage isolated to browser context; actual question IDs=[""ktqt_1"", ""ktqt_2"", ""ktqt_3"", ""ktqt_4"", ""ktqt_5"", ""ktqt_6"", ""ktqt_7"", ""ktqt_8"", ""ktqt_9"", ""ktqt_10"", ""ktqt_11"", ""ktqt_12"", ""ktqt_13"", ""ktqt_14"", ""ktqt_15"", ""ktqt_16"", ""ktqt_17"", ""ktqt_18"", ""ktqt_19"", ""ktqt_20""]; scoring/banks/source protected; automated status=PASS"
ST037,/LTMQT-LuyenDe,ltmqt-ch1-general,MCQ,4,320,PASS,PASS,PASS,PASS,PASS,PASS,PASS,PASS,N/A_MCQ,N/A_NO_COUNTDOWN,PASS,evidence/after/practice-states/results.json; implementation/practice-visual-review.json; evidence/after/practice-reading/ST037_open.png; evidence/after/practice-reading/ST037_graded.png,2f6eadb67fd1d5e07e58f4684dab5812002458f2,"Fixture: Firebase fixture; student@example.test; local storage isolated to browser context; actual question IDs=[""ltmqt_1"", ""ltmqt_2"", ""ltmqt_3"", ""ltmqt_4""]; scoring/banks/source protected; automated status=PASS"
ST038,/LTMQT-LuyenDe,ltmqt-ch1-general,MCQ,4,390,PASS,PASS,PASS,PASS,PASS,PASS,PASS,PASS,N/A_MCQ,N/A_NO_COUNTDOWN,PASS,evidence/after/practice-states/results.json; implementation/practice-visual-review.json; evidence/after/practice-reading/ST038_open.png; evidence/after/practice-reading/ST038_graded.png,2f6eadb67fd1d5e07e58f4684dab5812002458f2,"Fixture: Firebase fixture; student@example.test; local storage isolated to browser context; actual question IDs=[""ltmqt_1"", ""ltmqt_2"", ""ltmqt_3"", ""ltmqt_4""]; scoring/banks/source protected; automated status=PASS"
ST039,/LTMQT-LuyenDe,ltmqt-ch1-general,MCQ,4,768,PASS,PASS,PASS,PASS,PASS,PASS,PASS,PASS,N/A_MCQ,N/A_NO_COUNTDOWN,PASS,evidence/after/practice-states/results.json; implementation/practice-visual-review.json; evidence/after/practice-reading/ST039_open.png; evidence/after/practice-reading/ST039_graded.png,2f6eadb67fd1d5e07e58f4684dab5812002458f2,"Fixture: Firebase fixture; student@example.test; local storage isolated to browser context; actual question IDs=[""ltmqt_1"", ""ltmqt_2"", ""ltmqt_3"", ""ltmqt_4""]; scoring/banks/source protected; automated status=PASS"
ST040,/LTMQT-LuyenDe,ltmqt-ch1-general,MCQ,4,1366,PASS,PASS,PASS,PASS,PASS,PASS,PASS,PASS,N/A_MCQ,N/A_NO_COUNTDOWN,PASS,evidence/after/practice-states/results.json; implementation/practice-visual-review.json; evidence/after/practice-reading/ST040_open.png; evidence/after/practice-reading/ST040_graded.png,2f6eadb67fd1d5e07e58f4684dab5812002458f2,"Fixture: Firebase fixture; student@example.test; local storage isolated to browser context; actual question IDs=[""ltmqt_1"", ""ltmqt_2"", ""ltmqt_3"", ""ltmqt_4""]; scoring/banks/source protected; automated status=PASS"
ST041,/LTMQT-LuyenDe,ltmqt-ch2-mfn,MCQ,4,320,PASS,PASS,PASS,PASS,PASS,PASS,PASS,PASS,N/A_MCQ,N/A_NO_COUNTDOWN,PASS,evidence/after/practice-states/results.json; implementation/practice-visual-review.json; evidence/after/practice-reading/ST041_open.png; evidence/after/practice-reading/ST041_graded.png,2f6eadb67fd1d5e07e58f4684dab5812002458f2,"Fixture: Firebase fixture; student@example.test; local storage isolated to browser context; actual question IDs=[""ltmqt_5"", ""ltmqt_6"", ""ltmqt_7"", ""ltmqt_8""]; scoring/banks/source protected; automated status=PASS"
ST042,/LTMQT-LuyenDe,ltmqt-ch2-mfn,MCQ,4,390,PASS,PASS,PASS,PASS,PASS,PASS,PASS,PASS,N/A_MCQ,N/A_NO_COUNTDOWN,PASS,evidence/after/practice-states/results.json; implementation/practice-visual-review.json; evidence/after/practice-reading/ST042_open.png; evidence/after/practice-reading/ST042_graded.png,2f6eadb67fd1d5e07e58f4684dab5812002458f2,"Fixture: Firebase fixture; student@example.test; local storage isolated to browser context; actual question IDs=[""ltmqt_5"", ""ltmqt_6"", ""ltmqt_7"", ""ltmqt_8""]; scoring/banks/source protected; automated status=PASS"
ST043,/LTMQT-LuyenDe,ltmqt-ch2-mfn,MCQ,4,768,PASS,PASS,PASS,PASS,PASS,PASS,PASS,PASS,N/A_MCQ,N/A_NO_COUNTDOWN,PASS,evidence/after/practice-states/results.json; implementation/practice-visual-review.json; evidence/after/practice-reading/ST043_open.png; evidence/after/practice-reading/ST043_graded.png,2f6eadb67fd1d5e07e58f4684dab5812002458f2,"Fixture: Firebase fixture; student@example.test; local storage isolated to browser context; actual question IDs=[""ltmqt_5"", ""ltmqt_6"", ""ltmqt_7"", ""ltmqt_8""]; scoring/banks/source protected; automated status=PASS"
ST044,/LTMQT-LuyenDe,ltmqt-ch2-mfn,MCQ,4,1366,PASS,PASS,PASS,PASS,PASS,PASS,PASS,PASS,N/A_MCQ,N/A_NO_COUNTDOWN,PASS,evidence/after/practice-states/results.json; implementation/practice-visual-review.json; evidence/after/practice-reading/ST044_open.png; evidence/after/practice-reading/ST044_graded.png,2f6eadb67fd1d5e07e58f4684dab5812002458f2,"Fixture: Firebase fixture; student@example.test; local storage isolated to browser context; actual question IDs=[""ltmqt_5"", ""ltmqt_6"", ""ltmqt_7"", ""ltmqt_8""]; scoring/banks/source protected; automated status=PASS"
ST045,/LTMQT-LuyenDe,ltmqt-ch3-nt,MCQ,4,320,PASS,PASS,PASS,PASS,PASS,PASS,PASS,PASS,N/A_MCQ,N/A_NO_COUNTDOWN,PASS,evidence/after/practice-states/results.json; implementation/practice-visual-review.json; evidence/after/practice-reading/ST045_open.png; evidence/after/practice-reading/ST045_graded.png,2f6eadb67fd1d5e07e58f4684dab5812002458f2,"Fixture: Firebase fixture; student@example.test; local storage isolated to browser context; actual question IDs=[""ltmqt_9"", ""ltmqt_10"", ""ltmqt_11"", ""ltmqt_12""]; scoring/banks/source protected; automated status=PASS"
ST046,/LTMQT-LuyenDe,ltmqt-ch3-nt,MCQ,4,390,PASS,PASS,PASS,PASS,PASS,PASS,PASS,PASS,N/A_MCQ,N/A_NO_COUNTDOWN,PASS,evidence/after/practice-states/results.json; implementation/practice-visual-review.json; evidence/after/practice-reading/ST046_open.png; evidence/after/practice-reading/ST046_graded.png,2f6eadb67fd1d5e07e58f4684dab5812002458f2,"Fixture: Firebase fixture; student@example.test; local storage isolated to browser context; actual question IDs=[""ltmqt_9"", ""ltmqt_10"", ""ltmqt_11"", ""ltmqt_12""]; scoring/banks/source protected; automated status=PASS"
ST047,/LTMQT-LuyenDe,ltmqt-ch3-nt,MCQ,4,768,PASS,PASS,PASS,PASS,PASS,PASS,PASS,PASS,N/A_MCQ,N/A_NO_COUNTDOWN,PASS,evidence/after/practice-states/results.json; implementation/practice-visual-review.json; evidence/after/practice-reading/ST047_open.png; evidence/after/practice-reading/ST047_graded.png,2f6eadb67fd1d5e07e58f4684dab5812002458f2,"Fixture: Firebase fixture; student@example.test; local storage isolated to browser context; actual question IDs=[""ltmqt_9"", ""ltmqt_10"", ""ltmqt_11"", ""ltmqt_12""]; scoring/banks/source protected; automated status=PASS"
ST048,/LTMQT-LuyenDe,ltmqt-ch3-nt,MCQ,4,1366,PASS,PASS,PASS,PASS,PASS,PASS,PASS,PASS,N/A_MCQ,N/A_NO_COUNTDOWN,PASS,evidence/after/practice-states/results.json; implementation/practice-visual-review.json; evidence/after/practice-reading/ST048_open.png; evidence/after/practice-reading/ST048_graded.png,2f6eadb67fd1d5e07e58f4684dab5812002458f2,"Fixture: Firebase fixture; student@example.test; local storage isolated to browser context; actual question IDs=[""ltmqt_9"", ""ltmqt_10"", ""ltmqt_11"", ""ltmqt_12""]; scoring/banks/source protected; automated status=PASS"
ST049,/LTMQT-LuyenDe,ltmqt-ch4-goods,MCQ,4,320,PASS,PASS,PASS,PASS,PASS,PASS,PASS,PASS,N/A_MCQ,N/A_NO_COUNTDOWN,PASS,evidence/after/practice-states/results.json; implementation/practice-visual-review.json; evidence/after/practice-reading/ST049_open.png; evidence/after/practice-reading/ST049_graded.png,2f6eadb67fd1d5e07e58f4684dab5812002458f2,"Fixture: Firebase fixture; student@example.test; local storage isolated to browser context; actual question IDs=[""ltmqt_13"", ""ltmqt_14"", ""ltmqt_15"", ""ltmqt_16""]; scoring/banks/source protected; automated status=PASS"
ST050,/LTMQT-LuyenDe,ltmqt-ch4-goods,MCQ,4,390,PASS,PASS,PASS,PASS,PASS,PASS,PASS,PASS,N/A_MCQ,N/A_NO_COUNTDOWN,PASS,evidence/after/practice-states/results.json; implementation/practice-visual-review.json; evidence/after/practice-reading/ST050_open.png; evidence/after/practice-reading/ST050_graded.png,2f6eadb67fd1d5e07e58f4684dab5812002458f2,"Fixture: Firebase fixture; student@example.test; local storage isolated to browser context; actual question IDs=[""ltmqt_13"", ""ltmqt_14"", ""ltmqt_15"", ""ltmqt_16""]; scoring/banks/source protected; automated status=PASS"
ST051,/LTMQT-LuyenDe,ltmqt-ch4-goods,MCQ,4,768,PASS,PASS,PASS,PASS,PASS,PASS,PASS,PASS,N/A_MCQ,N/A_NO_COUNTDOWN,PASS,evidence/after/practice-states/results.json; implementation/practice-visual-review.json; evidence/after/practice-reading/ST051_open.png; evidence/after/practice-reading/ST051_graded.png,2f6eadb67fd1d5e07e58f4684dab5812002458f2,"Fixture: Firebase fixture; student@example.test; local storage isolated to browser context; actual question IDs=[""ltmqt_13"", ""ltmqt_14"", ""ltmqt_15"", ""ltmqt_16""]; scoring/banks/source protected; automated status=PASS"
ST052,/LTMQT-LuyenDe,ltmqt-ch4-goods,MCQ,4,1366,PASS,PASS,PASS,PASS,PASS,PASS,PASS,PASS,N/A_MCQ,N/A_NO_COUNTDOWN,PASS,evidence/after/practice-states/results.json; implementation/practice-visual-review.json; evidence/after/practice-reading/ST052_open.png; evidence/after/practice-reading/ST052_graded.png,2f6eadb67fd1d5e07e58f4684dab5812002458f2,"Fixture: Firebase fixture; student@example.test; local storage isolated to browser context; actual question IDs=[""ltmqt_13"", ""ltmqt_14"", ""ltmqt_15"", ""ltmqt_16""]; scoring/banks/source protected; automated status=PASS"
ST053,/LTMQT-LuyenDe,ltmqt-ch5-dispute,MCQ,4,320,PASS,PASS,PASS,PASS,PASS,PASS,PASS,PASS,N/A_MCQ,N/A_NO_COUNTDOWN,PASS,evidence/after/practice-states/results.json; implementation/practice-visual-review.json; evidence/after/practice-reading/ST053_open.png; evidence/after/practice-reading/ST053_graded.png,2f6eadb67fd1d5e07e58f4684dab5812002458f2,"Fixture: Firebase fixture; student@example.test; local storage isolated to browser context; actual question IDs=[""ltmqt_17"", ""ltmqt_18"", ""ltmqt_19"", ""ltmqt_20""]; scoring/banks/source protected; automated status=PASS"
ST054,/LTMQT-LuyenDe,ltmqt-ch5-dispute,MCQ,4,390,PASS,PASS,PASS,PASS,PASS,PASS,PASS,PASS,N/A_MCQ,N/A_NO_COUNTDOWN,PASS,evidence/after/practice-states/results.json; implementation/practice-visual-review.json; evidence/after/practice-reading/ST054_open.png; evidence/after/practice-reading/ST054_graded.png,2f6eadb67fd1d5e07e58f4684dab5812002458f2,"Fixture: Firebase fixture; student@example.test; local storage isolated to browser context; actual question IDs=[""ltmqt_17"", ""ltmqt_18"", ""ltmqt_19"", ""ltmqt_20""]; scoring/banks/source protected; automated status=PASS"
ST055,/LTMQT-LuyenDe,ltmqt-ch5-dispute,MCQ,4,768,PASS,PASS,PASS,PASS,PASS,PASS,PASS,PASS,N/A_MCQ,N/A_NO_COUNTDOWN,PASS,evidence/after/practice-states/results.json; implementation/practice-visual-review.json; evidence/after/practice-reading/ST055_open.png; evidence/after/practice-reading/ST055_graded.png,2f6eadb67fd1d5e07e58f4684dab5812002458f2,"Fixture: Firebase fixture; student@example.test; local storage isolated to browser context; actual question IDs=[""ltmqt_17"", ""ltmqt_18"", ""ltmqt_19"", ""ltmqt_20""]; scoring/banks/source protected; automated status=PASS"
ST056,/LTMQT-LuyenDe,ltmqt-ch5-dispute,MCQ,4,1366,PASS,PASS,PASS,PASS,PASS,PASS,PASS,PASS,N/A_MCQ,N/A_NO_COUNTDOWN,PASS,evidence/after/practice-states/results.json; implementation/practice-visual-review.json; evidence/after/practice-reading/ST056_open.png; evidence/after/practice-reading/ST056_graded.png,2f6eadb67fd1d5e07e58f4684dab5812002458f2,"Fixture: Firebase fixture; student@example.test; local storage isolated to browser context; actual question IDs=[""ltmqt_17"", ""ltmqt_18"", ""ltmqt_19"", ""ltmqt_20""]; scoring/banks/source protected; automated status=PASS"
ST057,/LTMQT-LuyenDe,ltmqt-quiz-comprehensive,MCQ,20,320,PASS,PASS,PASS,PASS,PASS,PASS,PASS,PASS,N/A_MCQ,N/A_NO_COUNTDOWN,PASS,evidence/after/practice-states/results.json; implementation/practice-visual-review.json; evidence/after/practice-reading/ST057_open.png; evidence/after/practice-reading/ST057_graded.png,2f6eadb67fd1d5e07e58f4684dab5812002458f2,"Fixture: Firebase fixture; student@example.test; local storage isolated to browser context; actual question IDs=[""ltmqt_1"", ""ltmqt_2"", ""ltmqt_3"", ""ltmqt_4"", ""ltmqt_5"", ""ltmqt_6"", ""ltmqt_7"", ""ltmqt_8"", ""ltmqt_9"", ""ltmqt_10"", ""ltmqt_11"", ""ltmqt_12"", ""ltmqt_13"", ""ltmqt_14"", ""ltmqt_15"", ""ltmqt_16"", ""ltmqt_17"", ""ltmqt_18"", ""ltmqt_19"", ""ltmqt_20""]; scoring/banks/source protected; automated status=PASS"
ST058,/LTMQT-LuyenDe,ltmqt-quiz-comprehensive,MCQ,20,390,PASS,PASS,PASS,PASS,PASS,PASS,PASS,PASS,N/A_MCQ,N/A_NO_COUNTDOWN,PASS,evidence/after/practice-states/results.json; implementation/practice-visual-review.json; evidence/after/practice-reading/ST058_open.png; evidence/after/practice-reading/ST058_graded.png,2f6eadb67fd1d5e07e58f4684dab5812002458f2,"Fixture: Firebase fixture; student@example.test; local storage isolated to browser context; actual question IDs=[""ltmqt_1"", ""ltmqt_2"", ""ltmqt_3"", ""ltmqt_4"", ""ltmqt_5"", ""ltmqt_6"", ""ltmqt_7"", ""ltmqt_8"", ""ltmqt_9"", ""ltmqt_10"", ""ltmqt_11"", ""ltmqt_12"", ""ltmqt_13"", ""ltmqt_14"", ""ltmqt_15"", ""ltmqt_16"", ""ltmqt_17"", ""ltmqt_18"", ""ltmqt_19"", ""ltmqt_20""]; scoring/banks/source protected; automated status=PASS"
ST059,/LTMQT-LuyenDe,ltmqt-quiz-comprehensive,MCQ,20,768,PASS,PASS,PASS,PASS,PASS,PASS,PASS,PASS,N/A_MCQ,N/A_NO_COUNTDOWN,PASS,evidence/after/practice-states/results.json; implementation/practice-visual-review.json; evidence/after/practice-reading/ST059_open.png; evidence/after/practice-reading/ST059_graded.png,2f6eadb67fd1d5e07e58f4684dab5812002458f2,"Fixture: Firebase fixture; student@example.test; local storage isolated to browser context; actual question IDs=[""ltmqt_1"", ""ltmqt_2"", ""ltmqt_3"", ""ltmqt_4"", ""ltmqt_5"", ""ltmqt_6"", ""ltmqt_7"", ""ltmqt_8"", ""ltmqt_9"", ""ltmqt_10"", ""ltmqt_11"", ""ltmqt_12"", ""ltmqt_13"", ""ltmqt_14"", ""ltmqt_15"", ""ltmqt_16"", ""ltmqt_17"", ""ltmqt_18"", ""ltmqt_19"", ""ltmqt_20""]; scoring/banks/source protected; automated status=PASS"
ST060,/LTMQT-LuyenDe,ltmqt-quiz-comprehensive,MCQ,20,1366,PASS,PASS,PASS,PASS,PASS,PASS,PASS,PASS,N/A_MCQ,N/A_NO_COUNTDOWN,PASS,evidence/after/practice-states/results.json; implementation/practice-visual-review.json; evidence/after/practice-reading/ST060_open.png; evidence/after/practice-reading/ST060_graded.png,2f6eadb67fd1d5e07e58f4684dab5812002458f2,"Fixture: Firebase fixture; student@example.test; local storage isolated to browser context; actual question IDs=[""ltmqt_1"", ""ltmqt_2"", ""ltmqt_3"", ""ltmqt_4"", ""ltmqt_5"", ""ltmqt_6"", ""ltmqt_7"", ""ltmqt_8"", ""ltmqt_9"", ""ltmqt_10"", ""ltmqt_11"", ""ltmqt_12"", ""ltmqt_13"", ""ltmqt_14"", ""ltmqt_15"", ""ltmqt_16"", ""ltmqt_17"", ""ltmqt_18"", ""ltmqt_19"", ""ltmqt_20""]; scoring/banks/source protected; automated status=PASS"
ST061,/NLTTTC-LuyenDe,nltttc-ch1-money,MCQ,5,320,PASS,PASS,PASS,PASS,PASS,PASS,PASS,PASS,N/A_MCQ,N/A_NO_COUNTDOWN,PASS,evidence/after/practice-states/results.json; implementation/practice-visual-review.json; evidence/after/practice-reading/ST061_open.png; evidence/after/practice-reading/ST061_graded.png,2f6eadb67fd1d5e07e58f4684dab5812002458f2,"Fixture: Firebase fixture; student@example.test; local storage isolated to browser context; actual question IDs=[""nltttc_1"", ""nltttc_2"", ""nltttc_3"", ""nltttc_4"", ""nltttc_5""]; scoring/banks/source protected; automated status=PASS"
ST062,/NLTTTC-LuyenDe,nltttc-ch1-money,MCQ,5,390,PASS,PASS,PASS,PASS,PASS,PASS,PASS,PASS,N/A_MCQ,N/A_NO_COUNTDOWN,PASS,evidence/after/practice-states/results.json; implementation/practice-visual-review.json; evidence/after/practice-reading/ST062_open.png; evidence/after/practice-reading/ST062_graded.png,2f6eadb67fd1d5e07e58f4684dab5812002458f2,"Fixture: Firebase fixture; student@example.test; local storage isolated to browser context; actual question IDs=[""nltttc_1"", ""nltttc_2"", ""nltttc_3"", ""nltttc_4"", ""nltttc_5""]; scoring/banks/source protected; automated status=PASS"
ST063,/NLTTTC-LuyenDe,nltttc-ch1-money,MCQ,5,768,PASS,PASS,PASS,PASS,PASS,PASS,PASS,PASS,N/A_MCQ,N/A_NO_COUNTDOWN,PASS,evidence/after/practice-states/results.json; implementation/practice-visual-review.json; evidence/after/practice-reading/ST063_open.png; evidence/after/practice-reading/ST063_graded.png,2f6eadb67fd1d5e07e58f4684dab5812002458f2,"Fixture: Firebase fixture; student@example.test; local storage isolated to browser context; actual question IDs=[""nltttc_1"", ""nltttc_2"", ""nltttc_3"", ""nltttc_4"", ""nltttc_5""]; scoring/banks/source protected; automated status=PASS"
ST064,/NLTTTC-LuyenDe,nltttc-ch1-money,MCQ,5,1366,PASS,PASS,PASS,PASS,PASS,PASS,PASS,PASS,N/A_MCQ,N/A_NO_COUNTDOWN,PASS,evidence/after/practice-states/results.json; implementation/practice-visual-review.json; evidence/after/practice-reading/ST064_open.png; evidence/after/practice-reading/ST064_graded.png,2f6eadb67fd1d5e07e58f4684dab5812002458f2,"Fixture: Firebase fixture; student@example.test; local storage isolated to browser context; actual question IDs=[""nltttc_1"", ""nltttc_2"", ""nltttc_3"", ""nltttc_4"", ""nltttc_5""]; scoring/banks/source protected; automated status=PASS"
ST065,/NLTTTC-LuyenDe,nltttc-ch2-markets,MCQ,5,320,PASS,PASS,PASS,PASS,PASS,PASS,PASS,PASS,N/A_MCQ,N/A_NO_COUNTDOWN,PASS,evidence/after/practice-states/results.json; implementation/practice-visual-review.json; evidence/after/practice-reading/ST065_open.png; evidence/after/practice-reading/ST065_graded.png,2f6eadb67fd1d5e07e58f4684dab5812002458f2,"Fixture: Firebase fixture; student@example.test; local storage isolated to browser context; actual question IDs=[""nltttc_6"", ""nltttc_7"", ""nltttc_8"", ""nltttc_9"", ""nltttc_10""]; scoring/banks/source protected; automated status=PASS"
ST066,/NLTTTC-LuyenDe,nltttc-ch2-markets,MCQ,5,390,PASS,PASS,PASS,PASS,PASS,PASS,PASS,PASS,N/A_MCQ,N/A_NO_COUNTDOWN,PASS,evidence/after/practice-states/results.json; implementation/practice-visual-review.json; evidence/after/practice-reading/ST066_open.png; evidence/after/practice-reading/ST066_graded.png,2f6eadb67fd1d5e07e58f4684dab5812002458f2,"Fixture: Firebase fixture; student@example.test; local storage isolated to browser context; actual question IDs=[""nltttc_6"", ""nltttc_7"", ""nltttc_8"", ""nltttc_9"", ""nltttc_10""]; scoring/banks/source protected; automated status=PASS"
ST067,/NLTTTC-LuyenDe,nltttc-ch2-markets,MCQ,5,768,PASS,PASS,PASS,PASS,PASS,PASS,PASS,PASS,N/A_MCQ,N/A_NO_COUNTDOWN,PASS,evidence/after/practice-states/results.json; implementation/practice-visual-review.json; evidence/after/practice-reading/ST067_open.png; evidence/after/practice-reading/ST067_graded.png,2f6eadb67fd1d5e07e58f4684dab5812002458f2,"Fixture: Firebase fixture; student@example.test; local storage isolated to browser context; actual question IDs=[""nltttc_6"", ""nltttc_7"", ""nltttc_8"", ""nltttc_9"", ""nltttc_10""]; scoring/banks/source protected; automated status=PASS"
ST068,/NLTTTC-LuyenDe,nltttc-ch2-markets,MCQ,5,1366,PASS,PASS,PASS,PASS,PASS,PASS,PASS,PASS,N/A_MCQ,N/A_NO_COUNTDOWN,PASS,evidence/after/practice-states/results.json; implementation/practice-visual-review.json; evidence/after/practice-reading/ST068_open.png; evidence/after/practice-reading/ST068_graded.png,2f6eadb67fd1d5e07e58f4684dab5812002458f2,"Fixture: Firebase fixture; student@example.test; local storage isolated to browser context; actual question IDs=[""nltttc_6"", ""nltttc_7"", ""nltttc_8"", ""nltttc_9"", ""nltttc_10""]; scoring/banks/source protected; automated status=PASS"
ST069,/NLTTTC-LuyenDe,nltttc-ch3-asymmetric,MCQ,3,320,PASS,PASS,PASS,PASS,PASS,PASS,PASS,PASS,N/A_MCQ,N/A_NO_COUNTDOWN,PASS,evidence/after/practice-states/results.json; implementation/practice-visual-review.json; evidence/after/practice-reading/ST069_open.png; evidence/after/practice-reading/ST069_graded.png,2f6eadb67fd1d5e07e58f4684dab5812002458f2,"Fixture: Firebase fixture; student@example.test; local storage isolated to browser context; actual question IDs=[""nltttc_11"", ""nltttc_12"", ""nltttc_13""]; scoring/banks/source protected; automated status=PASS"
ST070,/NLTTTC-LuyenDe,nltttc-ch3-asymmetric,MCQ,3,390,PASS,PASS,PASS,PASS,PASS,PASS,PASS,PASS,N/A_MCQ,N/A_NO_COUNTDOWN,PASS,evidence/after/practice-states/results.json; implementation/practice-visual-review.json; evidence/after/practice-reading/ST070_open.png; evidence/after/practice-reading/ST070_graded.png,2f6eadb67fd1d5e07e58f4684dab5812002458f2,"Fixture: Firebase fixture; student@example.test; local storage isolated to browser context; actual question IDs=[""nltttc_11"", ""nltttc_12"", ""nltttc_13""]; scoring/banks/source protected; automated status=PASS"
ST071,/NLTTTC-LuyenDe,nltttc-ch3-asymmetric,MCQ,3,768,PASS,PASS,PASS,PASS,PASS,PASS,PASS,PASS,N/A_MCQ,N/A_NO_COUNTDOWN,PASS,evidence/after/practice-states/results.json; implementation/practice-visual-review.json; evidence/after/practice-reading/ST071_open.png; evidence/after/practice-reading/ST071_graded.png,2f6eadb67fd1d5e07e58f4684dab5812002458f2,"Fixture: Firebase fixture; student@example.test; local storage isolated to browser context; actual question IDs=[""nltttc_11"", ""nltttc_12"", ""nltttc_13""]; scoring/banks/source protected; automated status=PASS"
ST072,/NLTTTC-LuyenDe,nltttc-ch3-asymmetric,MCQ,3,1366,PASS,PASS,PASS,PASS,PASS,PASS,PASS,PASS,N/A_MCQ,N/A_NO_COUNTDOWN,PASS,evidence/after/practice-states/results.json; implementation/practice-visual-review.json; evidence/after/practice-reading/ST072_open.png; evidence/after/practice-reading/ST072_graded.png,2f6eadb67fd1d5e07e58f4684dab5812002458f2,"Fixture: Firebase fixture; student@example.test; local storage isolated to browser context; actual question IDs=[""nltttc_11"", ""nltttc_12"", ""nltttc_13""]; scoring/banks/source protected; automated status=PASS"
ST073,/NLTTTC-LuyenDe,nltttc-ch4-demand,MCQ,2,320,PASS,PASS,PASS,PASS,PASS,PASS,PASS,PASS,N/A_MCQ,N/A_NO_COUNTDOWN,PASS,evidence/after/practice-states/results.json; implementation/practice-visual-review.json; evidence/after/practice-reading/ST073_open.png; evidence/after/practice-reading/ST073_graded.png,2f6eadb67fd1d5e07e58f4684dab5812002458f2,"Fixture: Firebase fixture; student@example.test; local storage isolated to browser context; actual question IDs=[""nltttc_14"", ""nltttc_15""]; scoring/banks/source protected; automated status=PASS"
ST074,/NLTTTC-LuyenDe,nltttc-ch4-demand,MCQ,2,390,PASS,PASS,PASS,PASS,PASS,PASS,PASS,PASS,N/A_MCQ,N/A_NO_COUNTDOWN,PASS,evidence/after/practice-states/results.json; implementation/practice-visual-review.json; evidence/after/practice-reading/ST074_open.png; evidence/after/practice-reading/ST074_graded.png,2f6eadb67fd1d5e07e58f4684dab5812002458f2,"Fixture: Firebase fixture; student@example.test; local storage isolated to browser context; actual question IDs=[""nltttc_14"", ""nltttc_15""]; scoring/banks/source protected; automated status=PASS"
ST075,/NLTTTC-LuyenDe,nltttc-ch4-demand,MCQ,2,768,PASS,PASS,PASS,PASS,PASS,PASS,PASS,PASS,N/A_MCQ,N/A_NO_COUNTDOWN,PASS,evidence/after/practice-states/results.json; implementation/practice-visual-review.json; evidence/after/practice-reading/ST075_open.png; evidence/after/practice-reading/ST075_graded.png,2f6eadb67fd1d5e07e58f4684dab5812002458f2,"Fixture: Firebase fixture; student@example.test; local storage isolated to browser context; actual question IDs=[""nltttc_14"", ""nltttc_15""]; scoring/banks/source protected; automated status=PASS"
ST076,/NLTTTC-LuyenDe,nltttc-ch4-demand,MCQ,2,1366,PASS,PASS,PASS,PASS,PASS,PASS,PASS,PASS,N/A_MCQ,N/A_NO_COUNTDOWN,PASS,evidence/after/practice-states/results.json; implementation/practice-visual-review.json; evidence/after/practice-reading/ST076_open.png; evidence/after/practice-reading/ST076_graded.png,2f6eadb67fd1d5e07e58f4684dab5812002458f2,"Fixture: Firebase fixture; student@example.test; local storage isolated to browser context; actual question IDs=[""nltttc_14"", ""nltttc_15""]; scoring/banks/source protected; automated status=PASS"
ST077,/NLTTTC-LuyenDe,nltttc-ch5-interest,MCQ,3,320,PASS,PASS,PASS,PASS,PASS,PASS,PASS,PASS,N/A_MCQ,N/A_NO_COUNTDOWN,PASS,evidence/after/practice-states/results.json; implementation/practice-visual-review.json; evidence/after/practice-reading/ST077_open.png; evidence/after/practice-reading/ST077_graded.png,2f6eadb67fd1d5e07e58f4684dab5812002458f2,"Fixture: Firebase fixture; student@example.test; local storage isolated to browser context; actual question IDs=[""nltttc_16"", ""nltttc_17"", ""nltttc_18""]; scoring/banks/source protected; automated status=PASS"
ST078,/NLTTTC-LuyenDe,nltttc-ch5-interest,MCQ,3,390,PASS,PASS,PASS,PASS,PASS,PASS,PASS,PASS,N/A_MCQ,N/A_NO_COUNTDOWN,PASS,evidence/after/practice-states/results.json; implementation/practice-visual-review.json; evidence/after/practice-reading/ST078_open.png; evidence/after/practice-reading/ST078_graded.png,2f6eadb67fd1d5e07e58f4684dab5812002458f2,"Fixture: Firebase fixture; student@example.test; local storage isolated to browser context; actual question IDs=[""nltttc_16"", ""nltttc_17"", ""nltttc_18""]; scoring/banks/source protected; automated status=PASS"
ST079,/NLTTTC-LuyenDe,nltttc-ch5-interest,MCQ,3,768,PASS,PASS,PASS,PASS,PASS,PASS,PASS,PASS,N/A_MCQ,N/A_NO_COUNTDOWN,PASS,evidence/after/practice-states/results.json; implementation/practice-visual-review.json; evidence/after/practice-reading/ST079_open.png; evidence/after/practice-reading/ST079_graded.png,2f6eadb67fd1d5e07e58f4684dab5812002458f2,"Fixture: Firebase fixture; student@example.test; local storage isolated to browser context; actual question IDs=[""nltttc_16"", ""nltttc_17"", ""nltttc_18""]; scoring/banks/source protected; automated status=PASS"
ST080,/NLTTTC-LuyenDe,nltttc-ch5-interest,MCQ,3,1366,PASS,PASS,PASS,PASS,PASS,PASS,PASS,PASS,N/A_MCQ,N/A_NO_COUNTDOWN,PASS,evidence/after/practice-states/results.json; implementation/practice-visual-review.json; evidence/after/practice-reading/ST080_open.png; evidence/after/practice-reading/ST080_graded.png,2f6eadb67fd1d5e07e58f4684dab5812002458f2,"Fixture: Firebase fixture; student@example.test; local storage isolated to browser context; actual question IDs=[""nltttc_16"", ""nltttc_17"", ""nltttc_18""]; scoring/banks/source protected; automated status=PASS"
ST081,/NLTTTC-LuyenDe,nltttc-ch6-fx,MCQ,2,320,PASS,PASS,PASS,PASS,PASS,PASS,PASS,PASS,N/A_MCQ,N/A_NO_COUNTDOWN,PASS,evidence/after/practice-states/results.json; implementation/practice-visual-review.json; evidence/after/practice-reading/ST081_open.png; evidence/after/practice-reading/ST081_graded.png,2f6eadb67fd1d5e07e58f4684dab5812002458f2,"Fixture: Firebase fixture; student@example.test; local storage isolated to browser context; actual question IDs=[""nltttc_19"", ""nltttc_20""]; scoring/banks/source protected; automated status=PASS"
ST082,/NLTTTC-LuyenDe,nltttc-ch6-fx,MCQ,2,390,PASS,PASS,PASS,PASS,PASS,PASS,PASS,PASS,N/A_MCQ,N/A_NO_COUNTDOWN,PASS,evidence/after/practice-states/results.json; implementation/practice-visual-review.json; evidence/after/practice-reading/ST082_open.png; evidence/after/practice-reading/ST082_graded.png,2f6eadb67fd1d5e07e58f4684dab5812002458f2,"Fixture: Firebase fixture; student@example.test; local storage isolated to browser context; actual question IDs=[""nltttc_19"", ""nltttc_20""]; scoring/banks/source protected; automated status=PASS"
ST083,/NLTTTC-LuyenDe,nltttc-ch6-fx,MCQ,2,768,PASS,PASS,PASS,PASS,PASS,PASS,PASS,PASS,N/A_MCQ,N/A_NO_COUNTDOWN,PASS,evidence/after/practice-states/results.json; implementation/practice-visual-review.json; evidence/after/practice-reading/ST083_open.png; evidence/after/practice-reading/ST083_graded.png,2f6eadb67fd1d5e07e58f4684dab5812002458f2,"Fixture: Firebase fixture; student@example.test; local storage isolated to browser context; actual question IDs=[""nltttc_19"", ""nltttc_20""]; scoring/banks/source protected; automated status=PASS"
ST084,/NLTTTC-LuyenDe,nltttc-ch6-fx,MCQ,2,1366,PASS,PASS,PASS,PASS,PASS,PASS,PASS,PASS,N/A_MCQ,N/A_NO_COUNTDOWN,PASS,evidence/after/practice-states/results.json; implementation/practice-visual-review.json; evidence/after/practice-reading/ST084_open.png; evidence/after/practice-reading/ST084_graded.png,2f6eadb67fd1d5e07e58f4684dab5812002458f2,"Fixture: Firebase fixture; student@example.test; local storage isolated to browser context; actual question IDs=[""nltttc_19"", ""nltttc_20""]; scoring/banks/source protected; automated status=PASS"
ST085,/NLTTTC-LuyenDe,nltttc-quiz-comprehensive,MCQ,20,320,PASS,PASS,PASS,PASS,PASS,PASS,PASS,PASS,N/A_MCQ,N/A_NO_COUNTDOWN,PASS,evidence/after/practice-states/results.json; implementation/practice-visual-review.json; evidence/after/practice-reading/ST085_open.png; evidence/after/practice-reading/ST085_graded.png,2f6eadb67fd1d5e07e58f4684dab5812002458f2,"Fixture: Firebase fixture; student@example.test; local storage isolated to browser context; actual question IDs=[""nltttc_1"", ""nltttc_2"", ""nltttc_3"", ""nltttc_4"", ""nltttc_5"", ""nltttc_6"", ""nltttc_7"", ""nltttc_8"", ""nltttc_9"", ""nltttc_10"", ""nltttc_11"", ""nltttc_12"", ""nltttc_13"", ""nltttc_14"", ""nltttc_15"", ""nltttc_16"", ""nltttc_17"", ""nltttc_18"", ""nltttc_19"", ""nltttc_20""]; scoring/banks/source protected; automated status=PASS"
ST086,/NLTTTC-LuyenDe,nltttc-quiz-comprehensive,MCQ,20,390,PASS,PASS,PASS,PASS,PASS,PASS,PASS,PASS,N/A_MCQ,N/A_NO_COUNTDOWN,PASS,evidence/after/practice-states/results.json; implementation/practice-visual-review.json; evidence/after/practice-reading/ST086_open.png; evidence/after/practice-reading/ST086_graded.png,2f6eadb67fd1d5e07e58f4684dab5812002458f2,"Fixture: Firebase fixture; student@example.test; local storage isolated to browser context; actual question IDs=[""nltttc_1"", ""nltttc_2"", ""nltttc_3"", ""nltttc_4"", ""nltttc_5"", ""nltttc_6"", ""nltttc_7"", ""nltttc_8"", ""nltttc_9"", ""nltttc_10"", ""nltttc_11"", ""nltttc_12"", ""nltttc_13"", ""nltttc_14"", ""nltttc_15"", ""nltttc_16"", ""nltttc_17"", ""nltttc_18"", ""nltttc_19"", ""nltttc_20""]; scoring/banks/source protected; automated status=PASS"
ST087,/NLTTTC-LuyenDe,nltttc-quiz-comprehensive,MCQ,20,768,PASS,PASS,PASS,PASS,PASS,PASS,PASS,PASS,N/A_MCQ,N/A_NO_COUNTDOWN,PASS,evidence/after/practice-states/results.json; implementation/practice-visual-review.json; evidence/after/practice-reading/ST087_open.png; evidence/after/practice-reading/ST087_graded.png,2f6eadb67fd1d5e07e58f4684dab5812002458f2,"Fixture: Firebase fixture; student@example.test; local storage isolated to browser context; actual question IDs=[""nltttc_1"", ""nltttc_2"", ""nltttc_3"", ""nltttc_4"", ""nltttc_5"", ""nltttc_6"", ""nltttc_7"", ""nltttc_8"", ""nltttc_9"", ""nltttc_10"", ""nltttc_11"", ""nltttc_12"", ""nltttc_13"", ""nltttc_14"", ""nltttc_15"", ""nltttc_16"", ""nltttc_17"", ""nltttc_18"", ""nltttc_19"", ""nltttc_20""]; scoring/banks/source protected; automated status=PASS"
ST088,/NLTTTC-LuyenDe,nltttc-quiz-comprehensive,MCQ,20,1366,PASS,PASS,PASS,PASS,PASS,PASS,PASS,PASS,N/A_MCQ,N/A_NO_COUNTDOWN,PASS,evidence/after/practice-states/results.json; implementation/practice-visual-review.json; evidence/after/practice-reading/ST088_open.png; evidence/after/practice-reading/ST088_graded.png,2f6eadb67fd1d5e07e58f4684dab5812002458f2,"Fixture: Firebase fixture; student@example.test; local storage isolated to browser context; actual question IDs=[""nltttc_1"", ""nltttc_2"", ""nltttc_3"", ""nltttc_4"", ""nltttc_5"", ""nltttc_6"", ""nltttc_7"", ""nltttc_8"", ""nltttc_9"", ""nltttc_10"", ""nltttc_11"", ""nltttc_12"", ""nltttc_13"", ""nltttc_14"", ""nltttc_15"", ""nltttc_16"", ""nltttc_17"", ""nltttc_18"", ""nltttc_19"", ""nltttc_20""]; scoring/banks/source protected; automated status=PASS"
ST089,/NguyenLyKeToan-LuyenDe,ch1-objects-equation,MCQ,8,320,PASS,PASS,PASS,PASS,PASS,PASS,PASS,PASS,N/A_MCQ,N/A_NO_COUNTDOWN,PASS,evidence/after/practice-states/results.json; implementation/practice-visual-review.json; evidence/after/practice-reading/ST089_open.png; evidence/after/practice-reading/ST089_graded.png,2f6eadb67fd1d5e07e58f4684dab5812002458f2,"Fixture: Firebase fixture; student@example.test; local storage isolated to browser context; actual question IDs=[""c1q1"", ""c1q2"", ""c1q3"", ""c1q4"", ""c1q5"", ""c1q6"", ""c1q7"", ""c1q8""]; scoring/banks/source protected; automated status=PASS"
ST090,/NguyenLyKeToan-LuyenDe,ch1-objects-equation,MCQ,8,390,PASS,PASS,PASS,PASS,PASS,PASS,PASS,PASS,N/A_MCQ,N/A_NO_COUNTDOWN,PASS,evidence/after/practice-states/results.json; implementation/practice-visual-review.json; evidence/after/practice-reading/ST090_open.png; evidence/after/practice-reading/ST090_graded.png,2f6eadb67fd1d5e07e58f4684dab5812002458f2,"Fixture: Firebase fixture; student@example.test; local storage isolated to browser context; actual question IDs=[""c1q1"", ""c1q2"", ""c1q3"", ""c1q4"", ""c1q5"", ""c1q6"", ""c1q7"", ""c1q8""]; scoring/banks/source protected; automated status=PASS"
ST091,/NguyenLyKeToan-LuyenDe,ch1-objects-equation,MCQ,8,768,PASS,PASS,PASS,PASS,PASS,PASS,PASS,PASS,N/A_MCQ,N/A_NO_COUNTDOWN,PASS,evidence/after/practice-states/results.json; implementation/practice-visual-review.json; evidence/after/practice-reading/ST091_open.png; evidence/after/practice-reading/ST091_graded.png,2f6eadb67fd1d5e07e58f4684dab5812002458f2,"Fixture: Firebase fixture; student@example.test; local storage isolated to browser context; actual question IDs=[""c1q1"", ""c1q2"", ""c1q3"", ""c1q4"", ""c1q5"", ""c1q6"", ""c1q7"", ""c1q8""]; scoring/banks/source protected; automated status=PASS"
ST092,/NguyenLyKeToan-LuyenDe,ch1-objects-equation,MCQ,8,1366,PASS,PASS,PASS,PASS,PASS,PASS,PASS,PASS,N/A_MCQ,N/A_NO_COUNTDOWN,PASS,evidence/after/practice-states/results.json; implementation/practice-visual-review.json; evidence/after/practice-reading/ST092_open.png; evidence/after/practice-reading/ST092_graded.png,2f6eadb67fd1d5e07e58f4684dab5812002458f2,"Fixture: Firebase fixture; student@example.test; local storage isolated to browser context; actual question IDs=[""c1q1"", ""c1q2"", ""c1q3"", ""c1q4"", ""c1q5"", ""c1q6"", ""c1q7"", ""c1q8""]; scoring/banks/source protected; automated status=PASS"
ST093,/NguyenLyKeToan-LuyenDe,ch2-financial-statements,MCQ,8,320,PASS,PASS,PASS,PASS,PASS,PASS,PASS,PASS,N/A_MCQ,N/A_NO_COUNTDOWN,PASS,evidence/after/practice-states/results.json; implementation/practice-visual-review.json; evidence/after/practice-reading/ST093_open.png; evidence/after/practice-reading/ST093_graded.png,2f6eadb67fd1d5e07e58f4684dab5812002458f2,"Fixture: Firebase fixture; student@example.test; local storage isolated to browser context; actual question IDs=[""c2q1"", ""c2q2"", ""c2q3"", ""c2q4"", ""c2q5"", ""c2q6"", ""c2q7"", ""c2q8""]; scoring/banks/source protected; automated status=PASS"
ST094,/NguyenLyKeToan-LuyenDe,ch2-financial-statements,MCQ,8,390,PASS,PASS,PASS,PASS,PASS,PASS,PASS,PASS,N/A_MCQ,N/A_NO_COUNTDOWN,PASS,evidence/after/practice-states/results.json; implementation/practice-visual-review.json; evidence/after/practice-reading/ST094_open.png; evidence/after/practice-reading/ST094_graded.png,2f6eadb67fd1d5e07e58f4684dab5812002458f2,"Fixture: Firebase fixture; student@example.test; local storage isolated to browser context; actual question IDs=[""c2q1"", ""c2q2"", ""c2q3"", ""c2q4"", ""c2q5"", ""c2q6"", ""c2q7"", ""c2q8""]; scoring/banks/source protected; automated status=PASS"
ST095,/NguyenLyKeToan-LuyenDe,ch2-financial-statements,MCQ,8,768,PASS,PASS,PASS,PASS,PASS,PASS,PASS,PASS,N/A_MCQ,N/A_NO_COUNTDOWN,PASS,evidence/after/practice-states/results.json; implementation/practice-visual-review.json; evidence/after/practice-reading/ST095_open.png; evidence/after/practice-reading/ST095_graded.png,2f6eadb67fd1d5e07e58f4684dab5812002458f2,"Fixture: Firebase fixture; student@example.test; local storage isolated to browser context; actual question IDs=[""c2q1"", ""c2q2"", ""c2q3"", ""c2q4"", ""c2q5"", ""c2q6"", ""c2q7"", ""c2q8""]; scoring/banks/source protected; automated status=PASS"
ST096,/NguyenLyKeToan-LuyenDe,ch2-financial-statements,MCQ,8,1366,PASS,PASS,PASS,PASS,PASS,PASS,PASS,PASS,N/A_MCQ,N/A_NO_COUNTDOWN,PASS,evidence/after/practice-states/results.json; implementation/practice-visual-review.json; evidence/after/practice-reading/ST096_open.png; evidence/after/practice-reading/ST096_graded.png,2f6eadb67fd1d5e07e58f4684dab5812002458f2,"Fixture: Firebase fixture; student@example.test; local storage isolated to browser context; actual question IDs=[""c2q1"", ""c2q2"", ""c2q3"", ""c2q4"", ""c2q5"", ""c2q6"", ""c2q7"", ""c2q8""]; scoring/banks/source protected; automated status=PASS"
ST097,/NguyenLyKeToan-LuyenDe,ch3-double-entry,MCQ,10,320,PASS,PASS,PASS,PASS,PASS,PASS,PASS,PASS,N/A_MCQ,N/A_NO_COUNTDOWN,PASS,evidence/after/practice-states/results.json; implementation/practice-visual-review.json; evidence/after/practice-reading/ST097_open.png; evidence/after/practice-reading/ST097_graded.png,2f6eadb67fd1d5e07e58f4684dab5812002458f2,"Fixture: Firebase fixture; student@example.test; local storage isolated to browser context; actual question IDs=[""c3q1"", ""c3q2"", ""c3q3"", ""c3q4"", ""c3q5"", ""c3q6"", ""c3q7"", ""c3q8"", ""c3q9"", ""c3q10""]; scoring/banks/source protected; automated status=PASS"
ST098,/NguyenLyKeToan-LuyenDe,ch3-double-entry,MCQ,10,390,PASS,PASS,PASS,PASS,PASS,PASS,PASS,PASS,N/A_MCQ,N/A_NO_COUNTDOWN,PASS,evidence/after/practice-states/results.json; implementation/practice-visual-review.json; evidence/after/practice-reading/ST098_open.png; evidence/after/practice-reading/ST098_graded.png,2f6eadb67fd1d5e07e58f4684dab5812002458f2,"Fixture: Firebase fixture; student@example.test; local storage isolated to browser context; actual question IDs=[""c3q1"", ""c3q2"", ""c3q3"", ""c3q4"", ""c3q5"", ""c3q6"", ""c3q7"", ""c3q8"", ""c3q9"", ""c3q10""]; scoring/banks/source protected; automated status=PASS"
ST099,/NguyenLyKeToan-LuyenDe,ch3-double-entry,MCQ,10,768,PASS,PASS,PASS,PASS,PASS,PASS,PASS,PASS,N/A_MCQ,N/A_NO_COUNTDOWN,PASS,evidence/after/practice-states/results.json; implementation/practice-visual-review.json; evidence/after/practice-reading/ST099_open.png; evidence/after/practice-reading/ST099_graded.png,2f6eadb67fd1d5e07e58f4684dab5812002458f2,"Fixture: Firebase fixture; student@example.test; local storage isolated to browser context; actual question IDs=[""c3q1"", ""c3q2"", ""c3q3"", ""c3q4"", ""c3q5"", ""c3q6"", ""c3q7"", ""c3q8"", ""c3q9"", ""c3q10""]; scoring/banks/source protected; automated status=PASS"
ST100,/NguyenLyKeToan-LuyenDe,ch3-double-entry,MCQ,10,1366,PASS,PASS,PASS,PASS,PASS,PASS,PASS,PASS,N/A_MCQ,N/A_NO_COUNTDOWN,PASS,evidence/after/practice-states/results.json; implementation/practice-visual-review.json; evidence/after/practice-reading/ST100_open.png; evidence/after/practice-reading/ST100_graded.png,2f6eadb67fd1d5e07e58f4684dab5812002458f2,"Fixture: Firebase fixture; student@example.test; local storage isolated to browser context; actual question IDs=[""c3q1"", ""c3q2"", ""c3q3"", ""c3q4"", ""c3q5"", ""c3q6"", ""c3q7"", ""c3q8"", ""c3q9"", ""c3q10""]; scoring/banks/source protected; automated status=PASS"
ST101,/NguyenLyKeToan-LuyenDe,quiz-mixed-core-15,MCQ,15,320,PASS,PASS,PASS,PASS,PASS,PASS,PASS,PASS,N/A_MCQ,N/A_NO_COUNTDOWN,PASS,evidence/after/practice-states/results.json; implementation/practice-visual-review.json; evidence/after/practice-reading/ST101_open.png; evidence/after/practice-reading/ST101_graded.png,2f6eadb67fd1d5e07e58f4684dab5812002458f2,"Fixture: Firebase fixture; student@example.test; local storage isolated to browser context; actual question IDs=[""mq1"", ""mq2"", ""mq3"", ""mq4"", ""mq5"", ""mq6"", ""mq7"", ""mq8"", ""mq9"", ""mq10"", ""mq11"", ""mq12"", ""mq13"", ""mq14"", ""mq15""]; scoring/banks/source protected; automated status=PASS"
ST102,/NguyenLyKeToan-LuyenDe,quiz-mixed-core-15,MCQ,15,390,PASS,PASS,PASS,PASS,PASS,PASS,PASS,PASS,N/A_MCQ,N/A_NO_COUNTDOWN,PASS,evidence/after/practice-states/results.json; implementation/practice-visual-review.json; evidence/after/practice-reading/ST102_open.png; evidence/after/practice-reading/ST102_graded.png,2f6eadb67fd1d5e07e58f4684dab5812002458f2,"Fixture: Firebase fixture; student@example.test; local storage isolated to browser context; actual question IDs=[""mq1"", ""mq2"", ""mq3"", ""mq4"", ""mq5"", ""mq6"", ""mq7"", ""mq8"", ""mq9"", ""mq10"", ""mq11"", ""mq12"", ""mq13"", ""mq14"", ""mq15""]; scoring/banks/source protected; automated status=PASS"
ST103,/NguyenLyKeToan-LuyenDe,quiz-mixed-core-15,MCQ,15,768,PASS,PASS,PASS,PASS,PASS,PASS,PASS,PASS,N/A_MCQ,N/A_NO_COUNTDOWN,PASS,evidence/after/practice-states/results.json; implementation/practice-visual-review.json; evidence/after/practice-reading/ST103_open.png; evidence/after/practice-reading/ST103_graded.png,2f6eadb67fd1d5e07e58f4684dab5812002458f2,"Fixture: Firebase fixture; student@example.test; local storage isolated to browser context; actual question IDs=[""mq1"", ""mq2"", ""mq3"", ""mq4"", ""mq5"", ""mq6"", ""mq7"", ""mq8"", ""mq9"", ""mq10"", ""mq11"", ""mq12"", ""mq13"", ""mq14"", ""mq15""]; scoring/banks/source protected; automated status=PASS"
ST104,/NguyenLyKeToan-LuyenDe,quiz-mixed-core-15,MCQ,15,1366,PASS,PASS,PASS,PASS,PASS,PASS,PASS,PASS,N/A_MCQ,N/A_NO_COUNTDOWN,PASS,evidence/after/practice-states/results.json; implementation/practice-visual-review.json; evidence/after/practice-reading/ST104_open.png; evidence/after/practice-reading/ST104_graded.png,2f6eadb67fd1d5e07e58f4684dab5812002458f2,"Fixture: Firebase fixture; student@example.test; local storage isolated to browser context; actual question IDs=[""mq1"", ""mq2"", ""mq3"", ""mq4"", ""mq5"", ""mq6"", ""mq7"", ""mq8"", ""mq9"", ""mq10"", ""mq11"", ""mq12"", ""mq13"", ""mq14"", ""mq15""]; scoring/banks/source protected; automated status=PASS"
ST105,/NguyenLyKeToan-LuyenDe,exam-abc-company,GUIDED_CASE,0,320,PASS,N/A_GUIDED_CASE,N/A_GUIDED_CASE,N/A_GUIDED_CASE,N/A_GUIDED_CASE,N/A_GUIDED_CASE,N/A_GUIDED_CASE,N/A_GUIDED_CASE,PASS,N/A_GUIDED_CASE,N/A_GUIDED_CASE_NO_STORED_ANSWER,evidence/after/practice-states/results.json; implementation/practice-visual-review.json; evidence/after/practice-reading/ST105_solution.png,2f6eadb67fd1d5e07e58f4684dab5812002458f2,Fixture: Firebase fixture; student@example.test; local storage isolated to browser context; actual question IDs=[]; scoring/banks/source protected; automated status=PASS
ST106,/NguyenLyKeToan-LuyenDe,exam-abc-company,GUIDED_CASE,0,390,PASS,N/A_GUIDED_CASE,N/A_GUIDED_CASE,N/A_GUIDED_CASE,N/A_GUIDED_CASE,N/A_GUIDED_CASE,N/A_GUIDED_CASE,N/A_GUIDED_CASE,PASS,N/A_GUIDED_CASE,N/A_GUIDED_CASE_NO_STORED_ANSWER,evidence/after/practice-states/results.json; implementation/practice-visual-review.json; evidence/after/practice-reading/ST106_solution.png,2f6eadb67fd1d5e07e58f4684dab5812002458f2,Fixture: Firebase fixture; student@example.test; local storage isolated to browser context; actual question IDs=[]; scoring/banks/source protected; automated status=PASS
ST107,/NguyenLyKeToan-LuyenDe,exam-abc-company,GUIDED_CASE,0,768,PASS,N/A_GUIDED_CASE,N/A_GUIDED_CASE,N/A_GUIDED_CASE,N/A_GUIDED_CASE,N/A_GUIDED_CASE,N/A_GUIDED_CASE,N/A_GUIDED_CASE,PASS,N/A_GUIDED_CASE,N/A_GUIDED_CASE_NO_STORED_ANSWER,evidence/after/practice-states/results.json; implementation/practice-visual-review.json; evidence/after/practice-reading/ST107_solution.png,2f6eadb67fd1d5e07e58f4684dab5812002458f2,Fixture: Firebase fixture; student@example.test; local storage isolated to browser context; actual question IDs=[]; scoring/banks/source protected; automated status=PASS
ST108,/NguyenLyKeToan-LuyenDe,exam-abc-company,GUIDED_CASE,0,1366,PASS,N/A_GUIDED_CASE,N/A_GUIDED_CASE,N/A_GUIDED_CASE,N/A_GUIDED_CASE,N/A_GUIDED_CASE,N/A_GUIDED_CASE,N/A_GUIDED_CASE,PASS,N/A_GUIDED_CASE,N/A_GUIDED_CASE_NO_STORED_ANSWER,evidence/after/practice-states/results.json; implementation/practice-visual-review.json; evidence/after/practice-reading/ST108_solution.png,2f6eadb67fd1d5e07e58f4684dab5812002458f2,Fixture: Firebase fixture; student@example.test; local storage isolated to browser context; actual question IDs=[]; scoring/banks/source protected; automated status=PASS
ST109,/NguyenLyKeToan-LuyenDe,exam-mekong-trading,GUIDED_CASE,0,320,PASS,N/A_GUIDED_CASE,N/A_GUIDED_CASE,N/A_GUIDED_CASE,N/A_GUIDED_CASE,N/A_GUIDED_CASE,N/A_GUIDED_CASE,N/A_GUIDED_CASE,PASS,N/A_GUIDED_CASE,N/A_GUIDED_CASE_NO_STORED_ANSWER,evidence/after/practice-states/results.json; implementation/practice-visual-review.json; evidence/after/practice-reading/ST109_solution.png,2f6eadb67fd1d5e07e58f4684dab5812002458f2,Fixture: Firebase fixture; student@example.test; local storage isolated to browser context; actual question IDs=[]; scoring/banks/source protected; automated status=PASS
ST110,/NguyenLyKeToan-LuyenDe,exam-mekong-trading,GUIDED_CASE,0,390,PASS,N/A_GUIDED_CASE,N/A_GUIDED_CASE,N/A_GUIDED_CASE,N/A_GUIDED_CASE,N/A_GUIDED_CASE,N/A_GUIDED_CASE,N/A_GUIDED_CASE,PASS,N/A_GUIDED_CASE,N/A_GUIDED_CASE_NO_STORED_ANSWER,evidence/after/practice-states/results.json; implementation/practice-visual-review.json; evidence/after/practice-reading/ST110_solution.png,2f6eadb67fd1d5e07e58f4684dab5812002458f2,Fixture: Firebase fixture; student@example.test; local storage isolated to browser context; actual question IDs=[]; scoring/banks/source protected; automated status=PASS
ST111,/NguyenLyKeToan-LuyenDe,exam-mekong-trading,GUIDED_CASE,0,768,PASS,N/A_GUIDED_CASE,N/A_GUIDED_CASE,N/A_GUIDED_CASE,N/A_GUIDED_CASE,N/A_GUIDED_CASE,N/A_GUIDED_CASE,N/A_GUIDED_CASE,PASS,N/A_GUIDED_CASE,N/A_GUIDED_CASE_NO_STORED_ANSWER,evidence/after/practice-states/results.json; implementation/practice-visual-review.json; evidence/after/practice-reading/ST111_solution.png,2f6eadb67fd1d5e07e58f4684dab5812002458f2,Fixture: Firebase fixture; student@example.test; local storage isolated to browser context; actual question IDs=[]; scoring/banks/source protected; automated status=PASS
ST112,/NguyenLyKeToan-LuyenDe,exam-mekong-trading,GUIDED_CASE,0,1366,PASS,N/A_GUIDED_CASE,N/A_GUIDED_CASE,N/A_GUIDED_CASE,N/A_GUIDED_CASE,N/A_GUIDED_CASE,N/A_GUIDED_CASE,N/A_GUIDED_CASE,PASS,N/A_GUIDED_CASE,N/A_GUIDED_CASE_NO_STORED_ANSWER,evidence/after/practice-states/results.json; implementation/practice-visual-review.json; evidence/after/practice-reading/ST112_solution.png,2f6eadb67fd1d5e07e58f4684dab5812002458f2,Fixture: Firebase fixture; student@example.test; local storage isolated to browser context; actual question IDs=[]; scoring/banks/source protected; automated status=PASS
ST113,/NguyenLyKeToan-LuyenDe,exam-lotus-manufacturing,GUIDED_CASE,0,320,PASS,N/A_GUIDED_CASE,N/A_GUIDED_CASE,N/A_GUIDED_CASE,N/A_GUIDED_CASE,N/A_GUIDED_CASE,N/A_GUIDED_CASE,N/A_GUIDED_CASE,PASS,N/A_GUIDED_CASE,N/A_GUIDED_CASE_NO_STORED_ANSWER,evidence/after/practice-states/results.json; implementation/practice-visual-review.json; evidence/after/practice-reading/ST113_solution.png,2f6eadb67fd1d5e07e58f4684dab5812002458f2,Fixture: Firebase fixture; student@example.test; local storage isolated to browser context; actual question IDs=[]; scoring/banks/source protected; automated status=PASS
ST114,/NguyenLyKeToan-LuyenDe,exam-lotus-manufacturing,GUIDED_CASE,0,390,PASS,N/A_GUIDED_CASE,N/A_GUIDED_CASE,N/A_GUIDED_CASE,N/A_GUIDED_CASE,N/A_GUIDED_CASE,N/A_GUIDED_CASE,N/A_GUIDED_CASE,PASS,N/A_GUIDED_CASE,N/A_GUIDED_CASE_NO_STORED_ANSWER,evidence/after/practice-states/results.json; implementation/practice-visual-review.json; evidence/after/practice-reading/ST114_solution.png,2f6eadb67fd1d5e07e58f4684dab5812002458f2,Fixture: Firebase fixture; student@example.test; local storage isolated to browser context; actual question IDs=[]; scoring/banks/source protected; automated status=PASS
ST115,/NguyenLyKeToan-LuyenDe,exam-lotus-manufacturing,GUIDED_CASE,0,768,PASS,N/A_GUIDED_CASE,N/A_GUIDED_CASE,N/A_GUIDED_CASE,N/A_GUIDED_CASE,N/A_GUIDED_CASE,N/A_GUIDED_CASE,N/A_GUIDED_CASE,PASS,N/A_GUIDED_CASE,N/A_GUIDED_CASE_NO_STORED_ANSWER,evidence/after/practice-states/results.json; implementation/practice-visual-review.json; evidence/after/practice-reading/ST115_solution.png,2f6eadb67fd1d5e07e58f4684dab5812002458f2,Fixture: Firebase fixture; student@example.test; local storage isolated to browser context; actual question IDs=[]; scoring/banks/source protected; automated status=PASS
ST116,/NguyenLyKeToan-LuyenDe,exam-lotus-manufacturing,GUIDED_CASE,0,1366,PASS,N/A_GUIDED_CASE,N/A_GUIDED_CASE,N/A_GUIDED_CASE,N/A_GUIDED_CASE,N/A_GUIDED_CASE,N/A_GUIDED_CASE,N/A_GUIDED_CASE,PASS,N/A_GUIDED_CASE,N/A_GUIDED_CASE_NO_STORED_ANSWER,evidence/after/practice-states/results.json; implementation/practice-visual-review.json; evidence/after/practice-reading/ST116_solution.png,2f6eadb67fd1d5e07e58f4684dab5812002458f2,Fixture: Firebase fixture; student@example.test; local storage isolated to browser context; actual question IDs=[]; scoring/banks/source protected; automated status=PASS
ST117,/NguyenLyKeToan-LuyenDe,exam-mini-final-mcq,MCQ,12,320,PASS,PASS,PASS,PASS,PASS,PASS,PASS,PASS,N/A_MCQ,N/A_NO_COUNTDOWN,PASS,evidence/after/practice-states/results.json; implementation/practice-visual-review.json; evidence/after/practice-reading/ST117_open.png; evidence/after/practice-reading/ST117_graded.png,2f6eadb67fd1d5e07e58f4684dab5812002458f2,"Fixture: Firebase fixture; student@example.test; local storage isolated to browser context; actual question IDs=[""mq1"", ""mq2"", ""mq3"", ""mq4"", ""mq5"", ""mq6"", ""mq7"", ""mq8"", ""mq9"", ""mq10"", ""mf11"", ""mf12""]; scoring/banks/source protected; automated status=PASS"
ST118,/NguyenLyKeToan-LuyenDe,exam-mini-final-mcq,MCQ,12,390,PASS,PASS,PASS,PASS,PASS,PASS,PASS,PASS,N/A_MCQ,N/A_NO_COUNTDOWN,PASS,evidence/after/practice-states/results.json; implementation/practice-visual-review.json; evidence/after/practice-reading/ST118_open.png; evidence/after/practice-reading/ST118_graded.png,2f6eadb67fd1d5e07e58f4684dab5812002458f2,"Fixture: Firebase fixture; student@example.test; local storage isolated to browser context; actual question IDs=[""mq1"", ""mq2"", ""mq3"", ""mq4"", ""mq5"", ""mq6"", ""mq7"", ""mq8"", ""mq9"", ""mq10"", ""mf11"", ""mf12""]; scoring/banks/source protected; automated status=PASS"
ST119,/NguyenLyKeToan-LuyenDe,exam-mini-final-mcq,MCQ,12,768,PASS,PASS,PASS,PASS,PASS,PASS,PASS,PASS,N/A_MCQ,N/A_NO_COUNTDOWN,PASS,evidence/after/practice-states/results.json; implementation/practice-visual-review.json; evidence/after/practice-reading/ST119_open.png; evidence/after/practice-reading/ST119_graded.png,2f6eadb67fd1d5e07e58f4684dab5812002458f2,"Fixture: Firebase fixture; student@example.test; local storage isolated to browser context; actual question IDs=[""mq1"", ""mq2"", ""mq3"", ""mq4"", ""mq5"", ""mq6"", ""mq7"", ""mq8"", ""mq9"", ""mq10"", ""mf11"", ""mf12""]; scoring/banks/source protected; automated status=PASS"
ST120,/NguyenLyKeToan-LuyenDe,exam-mini-final-mcq,MCQ,12,1366,PASS,PASS,PASS,PASS,PASS,PASS,PASS,PASS,N/A_MCQ,N/A_NO_COUNTDOWN,PASS,evidence/after/practice-states/results.json; implementation/practice-visual-review.json; evidence/after/practice-reading/ST120_open.png; evidence/after/practice-reading/ST120_graded.png,2f6eadb67fd1d5e07e58f4684dab5812002458f2,"Fixture: Firebase fixture; student@example.test; local storage isolated to browser context; actual question IDs=[""mq1"", ""mq2"", ""mq3"", ""mq4"", ""mq5"", ""mq6"", ""mq7"", ""mq8"", ""mq9"", ""mq10"", ""mf11"", ""mf12""]; scoring/banks/source protected; automated status=PASS"
ST121,/NguyenLyKeToan-LuyenDe,quiz-applied-review-12,MCQ,12,320,PASS,PASS,PASS,PASS,PASS,PASS,PASS,PASS,N/A_MCQ,N/A_NO_COUNTDOWN,PASS,evidence/after/practice-states/results.json; implementation/practice-visual-review.json; evidence/after/practice-reading/ST121_open.png; evidence/after/practice-reading/ST121_graded.png,2f6eadb67fd1d5e07e58f4684dab5812002458f2,"Fixture: Firebase fixture; student@example.test; local storage isolated to browser context; actual question IDs=[""n2_1"", ""n2_2"", ""n2_3"", ""n2_4"", ""n2_5"", ""n2_6"", ""n2_7"", ""n2_8"", ""n2_9"", ""n2_10"", ""n2_11"", ""n2_12""]; scoring/banks/source protected; automated status=PASS"
ST122,/NguyenLyKeToan-LuyenDe,quiz-applied-review-12,MCQ,12,390,PASS,PASS,PASS,PASS,PASS,PASS,PASS,PASS,N/A_MCQ,N/A_NO_COUNTDOWN,PASS,evidence/after/practice-states/results.json; implementation/practice-visual-review.json; evidence/after/practice-reading/ST122_open.png; evidence/after/practice-reading/ST122_graded.png,2f6eadb67fd1d5e07e58f4684dab5812002458f2,"Fixture: Firebase fixture; student@example.test; local storage isolated to browser context; actual question IDs=[""n2_1"", ""n2_2"", ""n2_3"", ""n2_4"", ""n2_5"", ""n2_6"", ""n2_7"", ""n2_8"", ""n2_9"", ""n2_10"", ""n2_11"", ""n2_12""]; scoring/banks/source protected; automated status=PASS"
ST123,/NguyenLyKeToan-LuyenDe,quiz-applied-review-12,MCQ,12,768,PASS,PASS,PASS,PASS,PASS,PASS,PASS,PASS,N/A_MCQ,N/A_NO_COUNTDOWN,PASS,evidence/after/practice-states/results.json; implementation/practice-visual-review.json; evidence/after/practice-reading/ST123_open.png; evidence/after/practice-reading/ST123_graded.png,2f6eadb67fd1d5e07e58f4684dab5812002458f2,"Fixture: Firebase fixture; student@example.test; local storage isolated to browser context; actual question IDs=[""n2_1"", ""n2_2"", ""n2_3"", ""n2_4"", ""n2_5"", ""n2_6"", ""n2_7"", ""n2_8"", ""n2_9"", ""n2_10"", ""n2_11"", ""n2_12""]; scoring/banks/source protected; automated status=PASS"
ST124,/NguyenLyKeToan-LuyenDe,quiz-applied-review-12,MCQ,12,1366,PASS,PASS,PASS,PASS,PASS,PASS,PASS,PASS,N/A_MCQ,N/A_NO_COUNTDOWN,PASS,evidence/after/practice-states/results.json; implementation/practice-visual-review.json; evidence/after/practice-reading/ST124_open.png; evidence/after/practice-reading/ST124_graded.png,2f6eadb67fd1d5e07e58f4684dab5812002458f2,"Fixture: Firebase fixture; student@example.test; local storage isolated to browser context; actual question IDs=[""n2_1"", ""n2_2"", ""n2_3"", ""n2_4"", ""n2_5"", ""n2_6"", ""n2_7"", ""n2_8"", ""n2_9"", ""n2_10"", ""n2_11"", ""n2_12""]; scoring/banks/source protected; automated status=PASS"
ST125,/TCCN-LuyenDe,chapter-1,MCQ,10,320,PASS,PASS,N/A_FIRST_ANSWER_LOCK_VERIFIED,PASS,PASS,PASS,PASS,PASS,N/A_MCQ,N/A_NO_COUNTDOWN,PASS,evidence/after/practice-states/results.json; implementation/practice-visual-review.json; evidence/after/practice-reading/ST125_open.png; evidence/after/practice-reading/ST125_graded.png,2f6eadb67fd1d5e07e58f4684dab5812002458f2,"Fixture: Firebase fixture; student@example.test; local storage isolated to browser context; actual question IDs=[""e1_q4"", ""e1_q25"", ""e2_q9"", ""e3_q29"", ""f2_1"", ""f2_2"", ""f2_3"", ""f2_4"", ""f2_5"", ""f2_8""]; scoring/banks/source protected; automated status=PASS"
ST126,/TCCN-LuyenDe,chapter-1,MCQ,10,390,PASS,PASS,N/A_FIRST_ANSWER_LOCK_VERIFIED,PASS,PASS,PASS,PASS,PASS,N/A_MCQ,N/A_NO_COUNTDOWN,PASS,evidence/after/practice-states/results.json; implementation/practice-visual-review.json; evidence/after/practice-reading/ST126_open.png; evidence/after/practice-reading/ST126_graded.png,2f6eadb67fd1d5e07e58f4684dab5812002458f2,"Fixture: Firebase fixture; student@example.test; local storage isolated to browser context; actual question IDs=[""e1_q4"", ""e1_q25"", ""e2_q9"", ""e3_q29"", ""f2_1"", ""f2_2"", ""f2_3"", ""f2_4"", ""f2_5"", ""f2_8""]; scoring/banks/source protected; automated status=PASS"
ST127,/TCCN-LuyenDe,chapter-1,MCQ,10,768,PASS,PASS,N/A_FIRST_ANSWER_LOCK_VERIFIED,PASS,PASS,PASS,PASS,PASS,N/A_MCQ,N/A_NO_COUNTDOWN,PASS,evidence/after/practice-states/results.json; implementation/practice-visual-review.json; evidence/after/practice-reading/ST127_open.png; evidence/after/practice-reading/ST127_graded.png,2f6eadb67fd1d5e07e58f4684dab5812002458f2,"Fixture: Firebase fixture; student@example.test; local storage isolated to browser context; actual question IDs=[""e1_q4"", ""e1_q25"", ""e2_q9"", ""e3_q29"", ""f2_1"", ""f2_2"", ""f2_3"", ""f2_4"", ""f2_5"", ""f2_8""]; scoring/banks/source protected; automated status=PASS"
ST128,/TCCN-LuyenDe,chapter-1,MCQ,10,1366,PASS,PASS,N/A_FIRST_ANSWER_LOCK_VERIFIED,PASS,PASS,PASS,PASS,PASS,N/A_MCQ,N/A_NO_COUNTDOWN,PASS,evidence/after/practice-states/results.json; implementation/practice-visual-review.json; evidence/after/practice-reading/ST128_open.png; evidence/after/practice-reading/ST128_graded.png,2f6eadb67fd1d5e07e58f4684dab5812002458f2,"Fixture: Firebase fixture; student@example.test; local storage isolated to browser context; actual question IDs=[""e1_q4"", ""e1_q25"", ""e2_q9"", ""e3_q29"", ""f2_1"", ""f2_2"", ""f2_3"", ""f2_4"", ""f2_5"", ""f2_8""]; scoring/banks/source protected; automated status=PASS"
ST129,/TCCN-LuyenDe,chapter-2,MCQ,12,320,PASS,PASS,N/A_FIRST_ANSWER_LOCK_VERIFIED,PASS,PASS,PASS,PASS,PASS,N/A_MCQ,N/A_NO_COUNTDOWN,PASS,evidence/after/practice-states/results.json; implementation/practice-visual-review.json; evidence/after/practice-reading/ST129_open.png; evidence/after/practice-reading/ST129_graded.png,2f6eadb67fd1d5e07e58f4684dab5812002458f2,"Fixture: Firebase fixture; student@example.test; local storage isolated to browser context; actual question IDs=[""e1_q2"", ""e1_q10"", ""e1_q15"", ""e1_q27"", ""e1_q34"", ""e1_q42"", ""e1_q43"", ""e1_q45"", ""e2_q1"", ""e2_q34"", ""e3_q26"", ""f2_6""]; scoring/banks/source protected; automated status=PASS"
ST130,/TCCN-LuyenDe,chapter-2,MCQ,12,390,PASS,PASS,N/A_FIRST_ANSWER_LOCK_VERIFIED,PASS,PASS,PASS,PASS,PASS,N/A_MCQ,N/A_NO_COUNTDOWN,PASS,evidence/after/practice-states/results.json; implementation/practice-visual-review.json; evidence/after/practice-reading/ST130_open.png; evidence/after/practice-reading/ST130_graded.png,2f6eadb67fd1d5e07e58f4684dab5812002458f2,"Fixture: Firebase fixture; student@example.test; local storage isolated to browser context; actual question IDs=[""e1_q2"", ""e1_q10"", ""e1_q15"", ""e1_q27"", ""e1_q34"", ""e1_q42"", ""e1_q43"", ""e1_q45"", ""e2_q1"", ""e2_q34"", ""e3_q26"", ""f2_6""]; scoring/banks/source protected; automated status=PASS"
ST131,/TCCN-LuyenDe,chapter-2,MCQ,12,768,PASS,PASS,N/A_FIRST_ANSWER_LOCK_VERIFIED,PASS,PASS,PASS,PASS,PASS,N/A_MCQ,N/A_NO_COUNTDOWN,PASS,evidence/after/practice-states/results.json; implementation/practice-visual-review.json; evidence/after/practice-reading/ST131_open.png; evidence/after/practice-reading/ST131_graded.png,2f6eadb67fd1d5e07e58f4684dab5812002458f2,"Fixture: Firebase fixture; student@example.test; local storage isolated to browser context; actual question IDs=[""e1_q2"", ""e1_q10"", ""e1_q15"", ""e1_q27"", ""e1_q34"", ""e1_q42"", ""e1_q43"", ""e1_q45"", ""e2_q1"", ""e2_q34"", ""e3_q26"", ""f2_6""]; scoring/banks/source protected; automated status=PASS"
ST132,/TCCN-LuyenDe,chapter-2,MCQ,12,1366,PASS,PASS,N/A_FIRST_ANSWER_LOCK_VERIFIED,PASS,PASS,PASS,PASS,PASS,N/A_MCQ,N/A_NO_COUNTDOWN,PASS,evidence/after/practice-states/results.json; implementation/practice-visual-review.json; evidence/after/practice-reading/ST132_open.png; evidence/after/practice-reading/ST132_graded.png,2f6eadb67fd1d5e07e58f4684dab5812002458f2,"Fixture: Firebase fixture; student@example.test; local storage isolated to browser context; actual question IDs=[""e1_q2"", ""e1_q10"", ""e1_q15"", ""e1_q27"", ""e1_q34"", ""e1_q42"", ""e1_q43"", ""e1_q45"", ""e2_q1"", ""e2_q34"", ""e3_q26"", ""f2_6""]; scoring/banks/source protected; automated status=PASS"
ST133,/TCCN-LuyenDe,chapter-3,MCQ,10,320,PASS,PASS,N/A_FIRST_ANSWER_LOCK_VERIFIED,PASS,PASS,PASS,PASS,PASS,N/A_MCQ,N/A_NO_COUNTDOWN,PASS,evidence/after/practice-states/results.json; implementation/practice-visual-review.json; evidence/after/practice-reading/ST133_open.png; evidence/after/practice-reading/ST133_graded.png,2f6eadb67fd1d5e07e58f4684dab5812002458f2,"Fixture: Firebase fixture; student@example.test; local storage isolated to browser context; actual question IDs=[""e1_q12"", ""e1_q13"", ""e1_q29"", ""e1_q33"", ""e2_q30"", ""e2_q33"", ""e2_q44"", ""e3_q10"", ""e3_q24"", ""f2_7""]; scoring/banks/source protected; automated status=PASS"
ST134,/TCCN-LuyenDe,chapter-3,MCQ,10,390,PASS,PASS,N/A_FIRST_ANSWER_LOCK_VERIFIED,PASS,PASS,PASS,PASS,PASS,N/A_MCQ,N/A_NO_COUNTDOWN,PASS,evidence/after/practice-states/results.json; implementation/practice-visual-review.json; evidence/after/practice-reading/ST134_open.png; evidence/after/practice-reading/ST134_graded.png,2f6eadb67fd1d5e07e58f4684dab5812002458f2,"Fixture: Firebase fixture; student@example.test; local storage isolated to browser context; actual question IDs=[""e1_q12"", ""e1_q13"", ""e1_q29"", ""e1_q33"", ""e2_q30"", ""e2_q33"", ""e2_q44"", ""e3_q10"", ""e3_q24"", ""f2_7""]; scoring/banks/source protected; automated status=PASS"
ST135,/TCCN-LuyenDe,chapter-3,MCQ,10,768,PASS,PASS,N/A_FIRST_ANSWER_LOCK_VERIFIED,PASS,PASS,PASS,PASS,PASS,N/A_MCQ,N/A_NO_COUNTDOWN,PASS,evidence/after/practice-states/results.json; implementation/practice-visual-review.json; evidence/after/practice-reading/ST135_open.png; evidence/after/practice-reading/ST135_graded.png,2f6eadb67fd1d5e07e58f4684dab5812002458f2,"Fixture: Firebase fixture; student@example.test; local storage isolated to browser context; actual question IDs=[""e1_q12"", ""e1_q13"", ""e1_q29"", ""e1_q33"", ""e2_q30"", ""e2_q33"", ""e2_q44"", ""e3_q10"", ""e3_q24"", ""f2_7""]; scoring/banks/source protected; automated status=PASS"
ST136,/TCCN-LuyenDe,chapter-3,MCQ,10,1366,PASS,PASS,N/A_FIRST_ANSWER_LOCK_VERIFIED,PASS,PASS,PASS,PASS,PASS,N/A_MCQ,N/A_NO_COUNTDOWN,PASS,evidence/after/practice-states/results.json; implementation/practice-visual-review.json; evidence/after/practice-reading/ST136_open.png; evidence/after/practice-reading/ST136_graded.png,2f6eadb67fd1d5e07e58f4684dab5812002458f2,"Fixture: Firebase fixture; student@example.test; local storage isolated to browser context; actual question IDs=[""e1_q12"", ""e1_q13"", ""e1_q29"", ""e1_q33"", ""e2_q30"", ""e2_q33"", ""e2_q44"", ""e3_q10"", ""e3_q24"", ""f2_7""]; scoring/banks/source protected; automated status=PASS"
ST137,/TCCN-LuyenDe,chapter-4,MCQ,22,320,PASS,PASS,N/A_FIRST_ANSWER_LOCK_VERIFIED,PASS,PASS,PASS,PASS,PASS,N/A_MCQ,N/A_NO_COUNTDOWN,PASS,evidence/after/practice-states/results.json; implementation/practice-visual-review.json; evidence/after/practice-reading/ST137_open.png; evidence/after/practice-reading/ST137_graded.png,2f6eadb67fd1d5e07e58f4684dab5812002458f2,"Fixture: Firebase fixture; student@example.test; local storage isolated to browser context; actual question IDs=[""e1_q5"", ""e1_q6"", ""e1_q8"", ""e1_q9"", ""e1_q14"", ""e1_q16"", ""e1_q21"", ""e1_q24"", ""e1_q28"", ""e1_q40"", ""e1_q44"", ""e2_q2"", ""e2_q14"", ""e2_q24"", ""e2_q26"", ""e2_q29"", ""e2_q38"", ""e2_q45"", ""e2_q46"", ""e3_q22"", ""f2_9"", ""f2_10""]; scoring/banks/source protected; automated status=PASS"
ST138,/TCCN-LuyenDe,chapter-4,MCQ,22,390,PASS,PASS,N/A_FIRST_ANSWER_LOCK_VERIFIED,PASS,PASS,PASS,PASS,PASS,N/A_MCQ,N/A_NO_COUNTDOWN,PASS,evidence/after/practice-states/results.json; implementation/practice-visual-review.json; evidence/after/practice-reading/ST138_open.png; evidence/after/practice-reading/ST138_graded.png,2f6eadb67fd1d5e07e58f4684dab5812002458f2,"Fixture: Firebase fixture; student@example.test; local storage isolated to browser context; actual question IDs=[""e1_q5"", ""e1_q6"", ""e1_q8"", ""e1_q9"", ""e1_q14"", ""e1_q16"", ""e1_q21"", ""e1_q24"", ""e1_q28"", ""e1_q40"", ""e1_q44"", ""e2_q2"", ""e2_q14"", ""e2_q24"", ""e2_q26"", ""e2_q29"", ""e2_q38"", ""e2_q45"", ""e2_q46"", ""e3_q22"", ""f2_9"", ""f2_10""]; scoring/banks/source protected; automated status=PASS"
ST139,/TCCN-LuyenDe,chapter-4,MCQ,22,768,PASS,PASS,N/A_FIRST_ANSWER_LOCK_VERIFIED,PASS,PASS,PASS,PASS,PASS,N/A_MCQ,N/A_NO_COUNTDOWN,PASS,evidence/after/practice-states/results.json; implementation/practice-visual-review.json; evidence/after/practice-reading/ST139_open.png; evidence/after/practice-reading/ST139_graded.png,2f6eadb67fd1d5e07e58f4684dab5812002458f2,"Fixture: Firebase fixture; student@example.test; local storage isolated to browser context; actual question IDs=[""e1_q5"", ""e1_q6"", ""e1_q8"", ""e1_q9"", ""e1_q14"", ""e1_q16"", ""e1_q21"", ""e1_q24"", ""e1_q28"", ""e1_q40"", ""e1_q44"", ""e2_q2"", ""e2_q14"", ""e2_q24"", ""e2_q26"", ""e2_q29"", ""e2_q38"", ""e2_q45"", ""e2_q46"", ""e3_q22"", ""f2_9"", ""f2_10""]; scoring/banks/source protected; automated status=PASS"
ST140,/TCCN-LuyenDe,chapter-4,MCQ,22,1366,PASS,PASS,N/A_FIRST_ANSWER_LOCK_VERIFIED,PASS,PASS,PASS,PASS,PASS,N/A_MCQ,N/A_NO_COUNTDOWN,PASS,evidence/after/practice-states/results.json; implementation/practice-visual-review.json; evidence/after/practice-reading/ST140_open.png; evidence/after/practice-reading/ST140_graded.png,2f6eadb67fd1d5e07e58f4684dab5812002458f2,"Fixture: Firebase fixture; student@example.test; local storage isolated to browser context; actual question IDs=[""e1_q5"", ""e1_q6"", ""e1_q8"", ""e1_q9"", ""e1_q14"", ""e1_q16"", ""e1_q21"", ""e1_q24"", ""e1_q28"", ""e1_q40"", ""e1_q44"", ""e2_q2"", ""e2_q14"", ""e2_q24"", ""e2_q26"", ""e2_q29"", ""e2_q38"", ""e2_q45"", ""e2_q46"", ""e3_q22"", ""f2_9"", ""f2_10""]; scoring/banks/source protected; automated status=PASS"
ST141,/TCCN-LuyenDe,chapter-5,MCQ,8,320,PASS,PASS,N/A_FIRST_ANSWER_LOCK_VERIFIED,PASS,PASS,PASS,PASS,PASS,N/A_MCQ,N/A_NO_COUNTDOWN,PASS,evidence/after/practice-states/results.json; implementation/practice-visual-review.json; evidence/after/practice-reading/ST141_open.png; evidence/after/practice-reading/ST141_graded.png,2f6eadb67fd1d5e07e58f4684dab5812002458f2,"Fixture: Firebase fixture; student@example.test; local storage isolated to browser context; actual question IDs=[""e1_q3"", ""e1_q17"", ""e1_q30"", ""e1_q39"", ""e1_q48"", ""e3_q1"", ""f2_11"", ""f2_12""]; scoring/banks/source protected; automated status=PASS"
ST142,/TCCN-LuyenDe,chapter-5,MCQ,8,390,PASS,PASS,N/A_FIRST_ANSWER_LOCK_VERIFIED,PASS,PASS,PASS,PASS,PASS,N/A_MCQ,N/A_NO_COUNTDOWN,PASS,evidence/after/practice-states/results.json; implementation/practice-visual-review.json; evidence/after/practice-reading/ST142_open.png; evidence/after/practice-reading/ST142_graded.png,2f6eadb67fd1d5e07e58f4684dab5812002458f2,"Fixture: Firebase fixture; student@example.test; local storage isolated to browser context; actual question IDs=[""e1_q3"", ""e1_q17"", ""e1_q30"", ""e1_q39"", ""e1_q48"", ""e3_q1"", ""f2_11"", ""f2_12""]; scoring/banks/source protected; automated status=PASS"
ST143,/TCCN-LuyenDe,chapter-5,MCQ,8,768,PASS,PASS,N/A_FIRST_ANSWER_LOCK_VERIFIED,PASS,PASS,PASS,PASS,PASS,N/A_MCQ,N/A_NO_COUNTDOWN,PASS,evidence/after/practice-states/results.json; implementation/practice-visual-review.json; evidence/after/practice-reading/ST143_open.png; evidence/after/practice-reading/ST143_graded.png,2f6eadb67fd1d5e07e58f4684dab5812002458f2,"Fixture: Firebase fixture; student@example.test; local storage isolated to browser context; actual question IDs=[""e1_q3"", ""e1_q17"", ""e1_q30"", ""e1_q39"", ""e1_q48"", ""e3_q1"", ""f2_11"", ""f2_12""]; scoring/banks/source protected; automated status=PASS"
ST144,/TCCN-LuyenDe,chapter-5,MCQ,8,1366,PASS,PASS,N/A_FIRST_ANSWER_LOCK_VERIFIED,PASS,PASS,PASS,PASS,PASS,N/A_MCQ,N/A_NO_COUNTDOWN,PASS,evidence/after/practice-states/results.json; implementation/practice-visual-review.json; evidence/after/practice-reading/ST144_open.png; evidence/after/practice-reading/ST144_graded.png,2f6eadb67fd1d5e07e58f4684dab5812002458f2,"Fixture: Firebase fixture; student@example.test; local storage isolated to browser context; actual question IDs=[""e1_q3"", ""e1_q17"", ""e1_q30"", ""e1_q39"", ""e1_q48"", ""e3_q1"", ""f2_11"", ""f2_12""]; scoring/banks/source protected; automated status=PASS"
ST145,/TCCN-LuyenDe,chapter-6,MCQ,29,320,PASS,PASS,N/A_FIRST_ANSWER_LOCK_VERIFIED,PASS,PASS,PASS,PASS,PASS,N/A_MCQ,N/A_NO_COUNTDOWN,PASS,evidence/after/practice-states/results.json; implementation/practice-visual-review.json; evidence/after/practice-reading/ST145_open.png; evidence/after/practice-reading/ST145_graded.png,2f6eadb67fd1d5e07e58f4684dab5812002458f2,"Fixture: Firebase fixture; student@example.test; local storage isolated to browser context; actual question IDs=[""e1_q1"", ""e1_q7"", ""e1_q11"", ""e1_q19"", ""e1_q22"", ""e1_q23"", ""e1_q26"", ""e1_q32"", ""e1_q35"", ""e1_q36"", ""e1_q37"", ""e1_q38"", ""e1_q41"", ""e1_q46"", ""e2_q7"", ""e2_q18"", ""e2_q19"", ""e2_q21"", ""e2_q27"", ""e2_q32"", ""e2_q42"", ""e2_q47"", ""e3_q2"", ""e3_q6"", ""e3_q16"", ""e3_q17"", ""e3_q19"", ""e3_q27"", ""e3_q31""]; scoring/banks/source protected; automated status=PASS"
ST146,/TCCN-LuyenDe,chapter-6,MCQ,29,390,PASS,PASS,N/A_FIRST_ANSWER_LOCK_VERIFIED,PASS,PASS,PASS,PASS,PASS,N/A_MCQ,N/A_NO_COUNTDOWN,PASS,evidence/after/practice-states/results.json; implementation/practice-visual-review.json; evidence/after/practice-reading/ST146_open.png; evidence/after/practice-reading/ST146_graded.png,2f6eadb67fd1d5e07e58f4684dab5812002458f2,"Fixture: Firebase fixture; student@example.test; local storage isolated to browser context; actual question IDs=[""e1_q1"", ""e1_q7"", ""e1_q11"", ""e1_q19"", ""e1_q22"", ""e1_q23"", ""e1_q26"", ""e1_q32"", ""e1_q35"", ""e1_q36"", ""e1_q37"", ""e1_q38"", ""e1_q41"", ""e1_q46"", ""e2_q7"", ""e2_q18"", ""e2_q19"", ""e2_q21"", ""e2_q27"", ""e2_q32"", ""e2_q42"", ""e2_q47"", ""e3_q2"", ""e3_q6"", ""e3_q16"", ""e3_q17"", ""e3_q19"", ""e3_q27"", ""e3_q31""]; scoring/banks/source protected; automated status=PASS"
ST147,/TCCN-LuyenDe,chapter-6,MCQ,29,768,PASS,PASS,N/A_FIRST_ANSWER_LOCK_VERIFIED,PASS,PASS,PASS,PASS,PASS,N/A_MCQ,N/A_NO_COUNTDOWN,PASS,evidence/after/practice-states/results.json; implementation/practice-visual-review.json; evidence/after/practice-reading/ST147_open.png; evidence/after/practice-reading/ST147_graded.png,2f6eadb67fd1d5e07e58f4684dab5812002458f2,"Fixture: Firebase fixture; student@example.test; local storage isolated to browser context; actual question IDs=[""e1_q1"", ""e1_q7"", ""e1_q11"", ""e1_q19"", ""e1_q22"", ""e1_q23"", ""e1_q26"", ""e1_q32"", ""e1_q35"", ""e1_q36"", ""e1_q37"", ""e1_q38"", ""e1_q41"", ""e1_q46"", ""e2_q7"", ""e2_q18"", ""e2_q19"", ""e2_q21"", ""e2_q27"", ""e2_q32"", ""e2_q42"", ""e2_q47"", ""e3_q2"", ""e3_q6"", ""e3_q16"", ""e3_q17"", ""e3_q19"", ""e3_q27"", ""e3_q31""]; scoring/banks/source protected; automated status=PASS"
ST148,/TCCN-LuyenDe,chapter-6,MCQ,29,1366,PASS,PASS,N/A_FIRST_ANSWER_LOCK_VERIFIED,PASS,PASS,PASS,PASS,PASS,N/A_MCQ,N/A_NO_COUNTDOWN,PASS,evidence/after/practice-states/results.json; implementation/practice-visual-review.json; evidence/after/practice-reading/ST148_open.png; evidence/after/practice-reading/ST148_graded.png,2f6eadb67fd1d5e07e58f4684dab5812002458f2,"Fixture: Firebase fixture; student@example.test; local storage isolated to browser context; actual question IDs=[""e1_q1"", ""e1_q7"", ""e1_q11"", ""e1_q19"", ""e1_q22"", ""e1_q23"", ""e1_q26"", ""e1_q32"", ""e1_q35"", ""e1_q36"", ""e1_q37"", ""e1_q38"", ""e1_q41"", ""e1_q46"", ""e2_q7"", ""e2_q18"", ""e2_q19"", ""e2_q21"", ""e2_q27"", ""e2_q32"", ""e2_q42"", ""e2_q47"", ""e3_q2"", ""e3_q6"", ""e3_q16"", ""e3_q17"", ""e3_q19"", ""e3_q27"", ""e3_q31""]; scoring/banks/source protected; automated status=PASS"
ST149,/TCCN-LuyenDe,chapter-7,MCQ,3,320,PASS,PASS,N/A_FIRST_ANSWER_LOCK_VERIFIED,PASS,PASS,PASS,PASS,PASS,N/A_MCQ,N/A_NO_COUNTDOWN,PASS,evidence/after/practice-states/results.json; implementation/practice-visual-review.json; evidence/after/practice-reading/ST149_open.png; evidence/after/practice-reading/ST149_graded.png,2f6eadb67fd1d5e07e58f4684dab5812002458f2,"Fixture: Firebase fixture; student@example.test; local storage isolated to browser context; actual question IDs=[""e2_q4"", ""e2_q12"", ""e3_q20""]; scoring/banks/source protected; automated status=PASS"
ST150,/TCCN-LuyenDe,chapter-7,MCQ,3,390,PASS,PASS,N/A_FIRST_ANSWER_LOCK_VERIFIED,PASS,PASS,PASS,PASS,PASS,N/A_MCQ,N/A_NO_COUNTDOWN,PASS,evidence/after/practice-states/results.json; implementation/practice-visual-review.json; evidence/after/practice-reading/ST150_open.png; evidence/after/practice-reading/ST150_graded.png,2f6eadb67fd1d5e07e58f4684dab5812002458f2,"Fixture: Firebase fixture; student@example.test; local storage isolated to browser context; actual question IDs=[""e2_q4"", ""e2_q12"", ""e3_q20""]; scoring/banks/source protected; automated status=PASS"
ST151,/TCCN-LuyenDe,chapter-7,MCQ,3,768,PASS,PASS,N/A_FIRST_ANSWER_LOCK_VERIFIED,PASS,PASS,PASS,PASS,PASS,N/A_MCQ,N/A_NO_COUNTDOWN,PASS,evidence/after/practice-states/results.json; implementation/practice-visual-review.json; evidence/after/practice-reading/ST151_open.png; evidence/after/practice-reading/ST151_graded.png,2f6eadb67fd1d5e07e58f4684dab5812002458f2,"Fixture: Firebase fixture; student@example.test; local storage isolated to browser context; actual question IDs=[""e2_q4"", ""e2_q12"", ""e3_q20""]; scoring/banks/source protected; automated status=PASS"
ST152,/TCCN-LuyenDe,chapter-7,MCQ,3,1366,PASS,PASS,N/A_FIRST_ANSWER_LOCK_VERIFIED,PASS,PASS,PASS,PASS,PASS,N/A_MCQ,N/A_NO_COUNTDOWN,PASS,evidence/after/practice-states/results.json; implementation/practice-visual-review.json; evidence/after/practice-reading/ST152_open.png; evidence/after/practice-reading/ST152_graded.png,2f6eadb67fd1d5e07e58f4684dab5812002458f2,"Fixture: Firebase fixture; student@example.test; local storage isolated to browser context; actual question IDs=[""e2_q4"", ""e2_q12"", ""e3_q20""]; scoring/banks/source protected; automated status=PASS"
ST153,/TCCN-LuyenDe,quick-20,MCQ,20,320,PASS,PASS,N/A_FIRST_ANSWER_LOCK_VERIFIED,PASS,PASS,PASS,PASS,PASS,N/A_MCQ,N/A_NO_COUNTDOWN,PASS,evidence/after/practice-states/results.json; implementation/practice-visual-review.json; evidence/after/practice-reading/ST153_open.png; evidence/after/practice-reading/ST153_graded.png,2f6eadb67fd1d5e07e58f4684dab5812002458f2,"Fixture: Firebase fixture; student@example.test; local storage isolated to browser context; actual question IDs=[""e2_q27"", ""e3_q29"", ""e1_q14"", ""e1_q29"", ""e2_q46"", ""e1_q13"", ""e1_q10"", ""e1_q35"", ""f2_4"", ""e1_q22"", ""e3_q6"", ""e2_q42"", ""f2_10"", ""e3_q1"", ""e1_q6"", ""f2_7"", ""e2_q44"", ""e2_q32"", ""e2_q34"", ""e2_q47""]; scoring/banks/source protected; automated status=PASS"
ST154,/TCCN-LuyenDe,quick-20,MCQ,20,390,PASS,PASS,N/A_FIRST_ANSWER_LOCK_VERIFIED,PASS,PASS,PASS,PASS,PASS,N/A_MCQ,N/A_NO_COUNTDOWN,PASS,evidence/after/practice-states/results.json; implementation/practice-visual-review.json; evidence/after/practice-reading/ST154_open.png; evidence/after/practice-reading/ST154_graded.png,2f6eadb67fd1d5e07e58f4684dab5812002458f2,"Fixture: Firebase fixture; student@example.test; local storage isolated to browser context; actual question IDs=[""e1_q17"", ""f2_4"", ""e1_q15"", ""e1_q13"", ""e3_q2"", ""e1_q37"", ""e1_q26"", ""e1_q28"", ""e3_q31"", ""e1_q48"", ""e3_q19"", ""e1_q9"", ""e2_q38"", ""e2_q7"", ""e1_q46"", ""e1_q8"", ""e2_q9"", ""e1_q19"", ""e1_q39"", ""e1_q43""]; scoring/banks/source protected; automated status=PASS"
ST155,/TCCN-LuyenDe,quick-20,MCQ,20,768,PASS,PASS,N/A_FIRST_ANSWER_LOCK_VERIFIED,PASS,PASS,PASS,PASS,PASS,N/A_MCQ,N/A_NO_COUNTDOWN,PASS,evidence/after/practice-states/results.json; implementation/practice-visual-review.json; evidence/after/practice-reading/ST155_open.png; evidence/after/practice-reading/ST155_graded.png,2f6eadb67fd1d5e07e58f4684dab5812002458f2,"Fixture: Firebase fixture; student@example.test; local storage isolated to browser context; actual question IDs=[""e2_q12"", ""e3_q1"", ""e2_q42"", ""e2_q24"", ""e1_q43"", ""e1_q8"", ""e3_q27"", ""e1_q5"", ""e1_q15"", ""e3_q16"", ""e1_q40"", ""e1_q2"", ""e2_q29"", ""e3_q19"", ""e1_q41"", ""f2_7"", ""e2_q1"", ""f2_8"", ""e2_q19"", ""e1_q21""]; scoring/banks/source protected; automated status=PASS"
ST156,/TCCN-LuyenDe,quick-20,MCQ,20,1366,PASS,PASS,N/A_FIRST_ANSWER_LOCK_VERIFIED,PASS,PASS,PASS,PASS,PASS,N/A_MCQ,N/A_NO_COUNTDOWN,PASS,evidence/after/practice-states/results.json; implementation/practice-visual-review.json; evidence/after/practice-reading/ST156_open.png; evidence/after/practice-reading/ST156_graded.png,2f6eadb67fd1d5e07e58f4684dab5812002458f2,"Fixture: Firebase fixture; student@example.test; local storage isolated to browser context; actual question IDs=[""e1_q11"", ""e1_q34"", ""e1_q12"", ""e1_q6"", ""e2_q38"", ""e1_q22"", ""e1_q35"", ""e2_q47"", ""f2_1"", ""f2_2"", ""f2_5"", ""e2_q34"", ""e2_q27"", ""e3_q19"", ""e1_q16"", ""e3_q2"", ""e2_q9"", ""e2_q30"", ""e2_q24"", ""e1_q45""]; scoring/banks/source protected; automated status=PASS"
ST157,/TCCN-LuyenDe,weak-20,MCQ,20,320,PASS,PASS,N/A_FIRST_ANSWER_LOCK_VERIFIED,PASS,PASS,PASS,PASS,PASS,N/A_MCQ,N/A_NO_COUNTDOWN,PASS,evidence/after/practice-states/results.json; implementation/practice-visual-review.json; evidence/after/practice-reading/ST157_open.png; evidence/after/practice-reading/ST157_graded.png,2f6eadb67fd1d5e07e58f4684dab5812002458f2,"Fixture: Firebase fixture; student@example.test; local storage isolated to browser context; actual question IDs=[""e2_q46"", ""e1_q4"", ""e2_q47"", ""e2_q32"", ""e1_q3"", ""e3_q31"", ""e2_q30"", ""f2_1"", ""e1_q1"", ""e1_q34"", ""e1_q8"", ""e2_q45"", ""e2_q9"", ""e1_q7"", ""e1_q5"", ""e3_q29"", ""e3_q1"", ""e2_q42"", ""e1_q2"", ""e1_q6""]; scoring/banks/source protected; automated status=PASS"
ST158,/TCCN-LuyenDe,weak-20,MCQ,20,390,PASS,PASS,N/A_FIRST_ANSWER_LOCK_VERIFIED,PASS,PASS,PASS,PASS,PASS,N/A_MCQ,N/A_NO_COUNTDOWN,PASS,evidence/after/practice-states/results.json; implementation/practice-visual-review.json; evidence/after/practice-reading/ST158_open.png; evidence/after/practice-reading/ST158_graded.png,2f6eadb67fd1d5e07e58f4684dab5812002458f2,"Fixture: Firebase fixture; student@example.test; local storage isolated to browser context; actual question IDs=[""e1_q4"", ""e1_q2"", ""e2_q24"", ""f2_11"", ""e1_q6"", ""e1_q43"", ""e1_q5"", ""e1_q1"", ""e3_q26"", ""e2_q34"", ""e1_q19"", ""e1_q3"", ""e1_q8"", ""e2_q9"", ""e1_q24"", ""e2_q7"", ""f2_5"", ""e2_q32"", ""e1_q7"", ""e1_q12""]; scoring/banks/source protected; automated status=PASS"
ST159,/TCCN-LuyenDe,weak-20,MCQ,20,768,PASS,PASS,N/A_FIRST_ANSWER_LOCK_VERIFIED,PASS,PASS,PASS,PASS,PASS,N/A_MCQ,N/A_NO_COUNTDOWN,PASS,evidence/after/practice-states/results.json; implementation/practice-visual-review.json; evidence/after/practice-reading/ST159_open.png; evidence/after/practice-reading/ST159_graded.png,2f6eadb67fd1d5e07e58f4684dab5812002458f2,"Fixture: Firebase fixture; student@example.test; local storage isolated to browser context; actual question IDs=[""e1_q4"", ""e1_q39"", ""e1_q1"", ""f2_5"", ""e1_q3"", ""e1_q43"", ""f2_12"", ""f2_11"", ""e1_q26"", ""e2_q33"", ""e1_q5"", ""e2_q45"", ""e1_q25"", ""e1_q6"", ""e1_q8"", ""e1_q2"", ""e3_q10"", ""e1_q19"", ""e3_q29"", ""e1_q7""]; scoring/banks/source protected; automated status=PASS"
ST160,/TCCN-LuyenDe,weak-20,MCQ,20,1366,PASS,PASS,N/A_FIRST_ANSWER_LOCK_VERIFIED,PASS,PASS,PASS,PASS,PASS,N/A_MCQ,N/A_NO_COUNTDOWN,PASS,evidence/after/practice-states/results.json; implementation/practice-visual-review.json; evidence/after/practice-reading/ST160_open.png; evidence/after/practice-reading/ST160_graded.png,2f6eadb67fd1d5e07e58f4684dab5812002458f2,"Fixture: Firebase fixture; student@example.test; local storage isolated to browser context; actual question IDs=[""e2_q42"", ""e1_q4"", ""e1_q6"", ""e1_q15"", ""e1_q1"", ""e3_q1"", ""e1_q34"", ""e1_q36"", ""e2_q2"", ""e1_q5"", ""e1_q2"", ""e1_q7"", ""f2_4"", ""e1_q17"", ""e1_q38"", ""e1_q9"", ""e1_q8"", ""e3_q29"", ""e1_q3"", ""e1_q35""]; scoring/banks/source protected; automated status=PASS"
ST161,/TCCN-LuyenDe,mistakes-populated,MCQ,DYNAMIC_FROM_FIXTURE,320,PASS,PASS,N/A_FIRST_ANSWER_LOCK_VERIFIED,PASS,PASS,PASS,PASS,PASS,N/A_MCQ,N/A_NO_COUNTDOWN,PASS,evidence/after/practice-states/results.json; implementation/practice-visual-review.json; evidence/after/practice-reading/ST161_open.png; evidence/after/practice-reading/ST161_graded.png,2f6eadb67fd1d5e07e58f4684dab5812002458f2,"Fixture: Firebase fixture; student@example.test; local storage isolated to browser context; actual question IDs=[""e1_q1"", ""e1_q2"", ""e1_q3"", ""e1_q4"", ""e1_q5"", ""e1_q6"", ""e1_q7"", ""e1_q8""]; scoring/banks/source protected; automated status=PASS"
ST162,/TCCN-LuyenDe,mistakes-populated,MCQ,DYNAMIC_FROM_FIXTURE,390,PASS,PASS,N/A_FIRST_ANSWER_LOCK_VERIFIED,PASS,PASS,PASS,PASS,PASS,N/A_MCQ,N/A_NO_COUNTDOWN,PASS,evidence/after/practice-states/results.json; implementation/practice-visual-review.json; evidence/after/practice-reading/ST162_open.png; evidence/after/practice-reading/ST162_graded.png,2f6eadb67fd1d5e07e58f4684dab5812002458f2,"Fixture: Firebase fixture; student@example.test; local storage isolated to browser context; actual question IDs=[""e1_q1"", ""e1_q2"", ""e1_q3"", ""e1_q4"", ""e1_q5"", ""e1_q6"", ""e1_q7"", ""e1_q8""]; scoring/banks/source protected; automated status=PASS"
ST163,/TCCN-LuyenDe,mistakes-populated,MCQ,DYNAMIC_FROM_FIXTURE,768,PASS,PASS,N/A_FIRST_ANSWER_LOCK_VERIFIED,PASS,PASS,PASS,PASS,PASS,N/A_MCQ,N/A_NO_COUNTDOWN,PASS,evidence/after/practice-states/results.json; implementation/practice-visual-review.json; evidence/after/practice-reading/ST163_open.png; evidence/after/practice-reading/ST163_graded.png,2f6eadb67fd1d5e07e58f4684dab5812002458f2,"Fixture: Firebase fixture; student@example.test; local storage isolated to browser context; actual question IDs=[""e1_q1"", ""e1_q2"", ""e1_q3"", ""e1_q4"", ""e1_q5"", ""e1_q6"", ""e1_q7"", ""e1_q8""]; scoring/banks/source protected; automated status=PASS"
ST164,/TCCN-LuyenDe,mistakes-populated,MCQ,DYNAMIC_FROM_FIXTURE,1366,PASS,PASS,N/A_FIRST_ANSWER_LOCK_VERIFIED,PASS,PASS,PASS,PASS,PASS,N/A_MCQ,N/A_NO_COUNTDOWN,PASS,evidence/after/practice-states/results.json; implementation/practice-visual-review.json; evidence/after/practice-reading/ST164_open.png; evidence/after/practice-reading/ST164_graded.png,2f6eadb67fd1d5e07e58f4684dab5812002458f2,"Fixture: Firebase fixture; student@example.test; local storage isolated to browser context; actual question IDs=[""e1_q1"", ""e1_q2"", ""e1_q3"", ""e1_q4"", ""e1_q5"", ""e1_q6"", ""e1_q7"", ""e1_q8""]; scoring/banks/source protected; automated status=PASS"
ST165,/TCCN-LuyenDe,exam-1,MCQ_TIMER,44,320,PASS,PASS,PASS,PASS,PASS,PASS,PASS,PASS,N/A_MCQ,PASS,PASS,evidence/after/practice-states/results.json; implementation/practice-visual-review.json; evidence/after/practice-reading/ST165_open.png; evidence/after/practice-reading/ST165_graded.png,2f6eadb67fd1d5e07e58f4684dab5812002458f2,"Fixture: Firebase fixture; student@example.test; local storage isolated to browser context; actual question IDs=[""e1_q1"", ""e1_q2"", ""e1_q3"", ""e1_q4"", ""e1_q5"", ""e1_q6"", ""e1_q7"", ""e1_q8"", ""e1_q9"", ""e1_q10"", ""e1_q11"", ""e1_q12"", ""e1_q13"", ""e1_q14"", ""e1_q15"", ""e1_q16"", ""e1_q17"", ""e1_q19"", ""e1_q21"", ""e1_q22"", ""e1_q23"", ""e1_q24"", ""e1_q25"", ""e1_q26"", ""e1_q27"", ""e1_q28"", ""e1_q29"", ""e1_q30"", ""e1_q32"", ""e1_q33"", ""e1_q34"", ""e1_q35"", ""e1_q36"", ""e1_q37"", ""e1_q38"", ""e1_q39"", ""e1_q40"", ""e1_q41"", ""e1_q42"", ""e1_q43"", ""e1_q44"", ""e1_q45"", ""e1_q46"", ""e1_q48""]; scoring/banks/source protected; automated status=PASS"
ST166,/TCCN-LuyenDe,exam-1,MCQ_TIMER,44,390,PASS,PASS,PASS,PASS,PASS,PASS,PASS,PASS,N/A_MCQ,PASS,PASS,evidence/after/practice-states/results.json; implementation/practice-visual-review.json; evidence/after/practice-reading/ST166_open.png; evidence/after/practice-reading/ST166_graded.png,2f6eadb67fd1d5e07e58f4684dab5812002458f2,"Fixture: Firebase fixture; student@example.test; local storage isolated to browser context; actual question IDs=[""e1_q1"", ""e1_q2"", ""e1_q3"", ""e1_q4"", ""e1_q5"", ""e1_q6"", ""e1_q7"", ""e1_q8"", ""e1_q9"", ""e1_q10"", ""e1_q11"", ""e1_q12"", ""e1_q13"", ""e1_q14"", ""e1_q15"", ""e1_q16"", ""e1_q17"", ""e1_q19"", ""e1_q21"", ""e1_q22"", ""e1_q23"", ""e1_q24"", ""e1_q25"", ""e1_q26"", ""e1_q27"", ""e1_q28"", ""e1_q29"", ""e1_q30"", ""e1_q32"", ""e1_q33"", ""e1_q34"", ""e1_q35"", ""e1_q36"", ""e1_q37"", ""e1_q38"", ""e1_q39"", ""e1_q40"", ""e1_q41"", ""e1_q42"", ""e1_q43"", ""e1_q44"", ""e1_q45"", ""e1_q46"", ""e1_q48""]; scoring/banks/source protected; automated status=PASS"
ST167,/TCCN-LuyenDe,exam-1,MCQ_TIMER,44,768,PASS,PASS,PASS,PASS,PASS,PASS,PASS,PASS,N/A_MCQ,PASS,PASS,evidence/after/practice-states/results.json; implementation/practice-visual-review.json; evidence/after/practice-reading/ST167_open.png; evidence/after/practice-reading/ST167_graded.png,2f6eadb67fd1d5e07e58f4684dab5812002458f2,"Fixture: Firebase fixture; student@example.test; local storage isolated to browser context; actual question IDs=[""e1_q1"", ""e1_q2"", ""e1_q3"", ""e1_q4"", ""e1_q5"", ""e1_q6"", ""e1_q7"", ""e1_q8"", ""e1_q9"", ""e1_q10"", ""e1_q11"", ""e1_q12"", ""e1_q13"", ""e1_q14"", ""e1_q15"", ""e1_q16"", ""e1_q17"", ""e1_q19"", ""e1_q21"", ""e1_q22"", ""e1_q23"", ""e1_q24"", ""e1_q25"", ""e1_q26"", ""e1_q27"", ""e1_q28"", ""e1_q29"", ""e1_q30"", ""e1_q32"", ""e1_q33"", ""e1_q34"", ""e1_q35"", ""e1_q36"", ""e1_q37"", ""e1_q38"", ""e1_q39"", ""e1_q40"", ""e1_q41"", ""e1_q42"", ""e1_q43"", ""e1_q44"", ""e1_q45"", ""e1_q46"", ""e1_q48""]; scoring/banks/source protected; automated status=PASS"
ST168,/TCCN-LuyenDe,exam-1,MCQ_TIMER,44,1366,PASS,PASS,PASS,PASS,PASS,PASS,PASS,PASS,N/A_MCQ,PASS,PASS,evidence/after/practice-states/results.json; implementation/practice-visual-review.json; evidence/after/practice-reading/ST168_open.png; evidence/after/practice-reading/ST168_graded.png,2f6eadb67fd1d5e07e58f4684dab5812002458f2,"Fixture: Firebase fixture; student@example.test; local storage isolated to browser context; actual question IDs=[""e1_q1"", ""e1_q2"", ""e1_q3"", ""e1_q4"", ""e1_q5"", ""e1_q6"", ""e1_q7"", ""e1_q8"", ""e1_q9"", ""e1_q10"", ""e1_q11"", ""e1_q12"", ""e1_q13"", ""e1_q14"", ""e1_q15"", ""e1_q16"", ""e1_q17"", ""e1_q19"", ""e1_q21"", ""e1_q22"", ""e1_q23"", ""e1_q24"", ""e1_q25"", ""e1_q26"", ""e1_q27"", ""e1_q28"", ""e1_q29"", ""e1_q30"", ""e1_q32"", ""e1_q33"", ""e1_q34"", ""e1_q35"", ""e1_q36"", ""e1_q37"", ""e1_q38"", ""e1_q39"", ""e1_q40"", ""e1_q41"", ""e1_q42"", ""e1_q43"", ""e1_q44"", ""e1_q45"", ""e1_q46"", ""e1_q48""]; scoring/banks/source protected; automated status=PASS"
ST169,/TCCN-LuyenDe,exam-2,MCQ_TIMER,45,320,PASS,PASS,PASS,PASS,PASS,PASS,PASS,PASS,N/A_MCQ,PASS,PASS,evidence/after/practice-states/results.json; implementation/practice-visual-review.json; evidence/after/practice-reading/ST169_open.png; evidence/after/practice-reading/ST169_graded.png,2f6eadb67fd1d5e07e58f4684dab5812002458f2,"Fixture: Firebase fixture; student@example.test; local storage isolated to browser context; actual question IDs=[""e2_q1"", ""e2_q2"", ""e2_q3"", ""e2_q4"", ""e2_q5"", ""e2_q6"", ""e2_q7"", ""e2_q8"", ""e2_q9"", ""e2_q10"", ""e2_q11"", ""e2_q12"", ""e2_q13"", ""e2_q14"", ""e2_q15"", ""e2_q16"", ""e2_q17"", ""e2_q18"", ""e2_q19"", ""e2_q21"", ""e2_q23"", ""e2_q24"", ""e2_q25"", ""e2_q26"", ""e2_q27"", ""e2_q28"", ""e2_q29"", ""e2_q30"", ""e2_q31"", ""e2_q32"", ""e2_q33"", ""e2_q34"", ""e2_q35"", ""e2_q36"", ""e2_q37"", ""e2_q38"", ""e2_q39"", ""e2_q41"", ""e2_q42"", ""e2_q44"", ""e2_q45"", ""e2_q46"", ""e2_q47"", ""e2_q48"", ""e2_q49""]; scoring/banks/source protected; automated status=PASS"
ST170,/TCCN-LuyenDe,exam-2,MCQ_TIMER,45,390,PASS,PASS,PASS,PASS,PASS,PASS,PASS,PASS,N/A_MCQ,PASS,PASS,evidence/after/practice-states/results.json; implementation/practice-visual-review.json; evidence/after/practice-reading/ST170_open.png; evidence/after/practice-reading/ST170_graded.png,2f6eadb67fd1d5e07e58f4684dab5812002458f2,"Fixture: Firebase fixture; student@example.test; local storage isolated to browser context; actual question IDs=[""e2_q1"", ""e2_q2"", ""e2_q3"", ""e2_q4"", ""e2_q5"", ""e2_q6"", ""e2_q7"", ""e2_q8"", ""e2_q9"", ""e2_q10"", ""e2_q11"", ""e2_q12"", ""e2_q13"", ""e2_q14"", ""e2_q15"", ""e2_q16"", ""e2_q17"", ""e2_q18"", ""e2_q19"", ""e2_q21"", ""e2_q23"", ""e2_q24"", ""e2_q25"", ""e2_q26"", ""e2_q27"", ""e2_q28"", ""e2_q29"", ""e2_q30"", ""e2_q31"", ""e2_q32"", ""e2_q33"", ""e2_q34"", ""e2_q35"", ""e2_q36"", ""e2_q37"", ""e2_q38"", ""e2_q39"", ""e2_q41"", ""e2_q42"", ""e2_q44"", ""e2_q45"", ""e2_q46"", ""e2_q47"", ""e2_q48"", ""e2_q49""]; scoring/banks/source protected; automated status=PASS"
ST171,/TCCN-LuyenDe,exam-2,MCQ_TIMER,45,768,PASS,PASS,PASS,PASS,PASS,PASS,PASS,PASS,N/A_MCQ,PASS,PASS,evidence/after/practice-states/results.json; implementation/practice-visual-review.json; evidence/after/practice-reading/ST171_open.png; evidence/after/practice-reading/ST171_graded.png,2f6eadb67fd1d5e07e58f4684dab5812002458f2,"Fixture: Firebase fixture; student@example.test; local storage isolated to browser context; actual question IDs=[""e2_q1"", ""e2_q2"", ""e2_q3"", ""e2_q4"", ""e2_q5"", ""e2_q6"", ""e2_q7"", ""e2_q8"", ""e2_q9"", ""e2_q10"", ""e2_q11"", ""e2_q12"", ""e2_q13"", ""e2_q14"", ""e2_q15"", ""e2_q16"", ""e2_q17"", ""e2_q18"", ""e2_q19"", ""e2_q21"", ""e2_q23"", ""e2_q24"", ""e2_q25"", ""e2_q26"", ""e2_q27"", ""e2_q28"", ""e2_q29"", ""e2_q30"", ""e2_q31"", ""e2_q32"", ""e2_q33"", ""e2_q34"", ""e2_q35"", ""e2_q36"", ""e2_q37"", ""e2_q38"", ""e2_q39"", ""e2_q41"", ""e2_q42"", ""e2_q44"", ""e2_q45"", ""e2_q46"", ""e2_q47"", ""e2_q48"", ""e2_q49""]; scoring/banks/source protected; automated status=PASS"
ST172,/TCCN-LuyenDe,exam-2,MCQ_TIMER,45,1366,PASS,PASS,PASS,PASS,PASS,PASS,PASS,PASS,N/A_MCQ,PASS,PASS,evidence/after/practice-states/results.json; implementation/practice-visual-review.json; evidence/after/practice-reading/ST172_open.png; evidence/after/practice-reading/ST172_graded.png,2f6eadb67fd1d5e07e58f4684dab5812002458f2,"Fixture: Firebase fixture; student@example.test; local storage isolated to browser context; actual question IDs=[""e2_q1"", ""e2_q2"", ""e2_q3"", ""e2_q4"", ""e2_q5"", ""e2_q6"", ""e2_q7"", ""e2_q8"", ""e2_q9"", ""e2_q10"", ""e2_q11"", ""e2_q12"", ""e2_q13"", ""e2_q14"", ""e2_q15"", ""e2_q16"", ""e2_q17"", ""e2_q18"", ""e2_q19"", ""e2_q21"", ""e2_q23"", ""e2_q24"", ""e2_q25"", ""e2_q26"", ""e2_q27"", ""e2_q28"", ""e2_q29"", ""e2_q30"", ""e2_q31"", ""e2_q32"", ""e2_q33"", ""e2_q34"", ""e2_q35"", ""e2_q36"", ""e2_q37"", ""e2_q38"", ""e2_q39"", ""e2_q41"", ""e2_q42"", ""e2_q44"", ""e2_q45"", ""e2_q46"", ""e2_q47"", ""e2_q48"", ""e2_q49""]; scoring/banks/source protected; automated status=PASS"
ST173,/TCCN-LuyenDe,exam-3,MCQ_TIMER,45,320,PASS,PASS,PASS,PASS,PASS,PASS,PASS,PASS,N/A_MCQ,PASS,PASS,evidence/after/practice-states/results.json; implementation/practice-visual-review.json; evidence/after/practice-reading/ST173_open.png; evidence/after/practice-reading/ST173_graded.png,2f6eadb67fd1d5e07e58f4684dab5812002458f2,"Fixture: Firebase fixture; student@example.test; local storage isolated to browser context; actual question IDs=[""e3_q1"", ""e3_q2"", ""e3_q3"", ""e3_q4"", ""e3_q5"", ""e3_q6"", ""e3_q7"", ""e3_q8"", ""e3_q9"", ""e3_q10"", ""e3_q11"", ""e3_q12"", ""e3_q13"", ""e3_q14"", ""e3_q15"", ""e3_q16"", ""e3_q17"", ""e3_q18"", ""e3_q19"", ""e3_q20"", ""e3_q21"", ""e3_q22"", ""e3_q23"", ""e3_q24"", ""e3_q25"", ""e3_q26"", ""e3_q27"", ""e3_q28"", ""e3_q29"", ""e3_q30"", ""e3_q31"", ""e3_q32"", ""e3_q33"", ""e3_q34"", ""e3_q35"", ""e3_q37"", ""e3_q38"", ""e3_q40"", ""e3_q41"", ""e3_q42"", ""e3_q44"", ""e3_q45"", ""e3_q46"", ""e3_q47"", ""e3_q49""]; scoring/banks/source protected; automated status=PASS"
ST174,/TCCN-LuyenDe,exam-3,MCQ_TIMER,45,390,PASS,PASS,PASS,PASS,PASS,PASS,PASS,PASS,N/A_MCQ,PASS,PASS,evidence/after/practice-states/results.json; implementation/practice-visual-review.json; evidence/after/practice-reading/ST174_open.png; evidence/after/practice-reading/ST174_graded.png,2f6eadb67fd1d5e07e58f4684dab5812002458f2,"Fixture: Firebase fixture; student@example.test; local storage isolated to browser context; actual question IDs=[""e3_q1"", ""e3_q2"", ""e3_q3"", ""e3_q4"", ""e3_q5"", ""e3_q6"", ""e3_q7"", ""e3_q8"", ""e3_q9"", ""e3_q10"", ""e3_q11"", ""e3_q12"", ""e3_q13"", ""e3_q14"", ""e3_q15"", ""e3_q16"", ""e3_q17"", ""e3_q18"", ""e3_q19"", ""e3_q20"", ""e3_q21"", ""e3_q22"", ""e3_q23"", ""e3_q24"", ""e3_q25"", ""e3_q26"", ""e3_q27"", ""e3_q28"", ""e3_q29"", ""e3_q30"", ""e3_q31"", ""e3_q32"", ""e3_q33"", ""e3_q34"", ""e3_q35"", ""e3_q37"", ""e3_q38"", ""e3_q40"", ""e3_q41"", ""e3_q42"", ""e3_q44"", ""e3_q45"", ""e3_q46"", ""e3_q47"", ""e3_q49""]; scoring/banks/source protected; automated status=PASS"
ST175,/TCCN-LuyenDe,exam-3,MCQ_TIMER,45,768,PASS,PASS,PASS,PASS,PASS,PASS,PASS,PASS,N/A_MCQ,PASS,PASS,evidence/after/practice-states/results.json; implementation/practice-visual-review.json; evidence/after/practice-reading/ST175_open.png; evidence/after/practice-reading/ST175_graded.png,2f6eadb67fd1d5e07e58f4684dab5812002458f2,"Fixture: Firebase fixture; student@example.test; local storage isolated to browser context; actual question IDs=[""e3_q1"", ""e3_q2"", ""e3_q3"", ""e3_q4"", ""e3_q5"", ""e3_q6"", ""e3_q7"", ""e3_q8"", ""e3_q9"", ""e3_q10"", ""e3_q11"", ""e3_q12"", ""e3_q13"", ""e3_q14"", ""e3_q15"", ""e3_q16"", ""e3_q17"", ""e3_q18"", ""e3_q19"", ""e3_q20"", ""e3_q21"", ""e3_q22"", ""e3_q23"", ""e3_q24"", ""e3_q25"", ""e3_q26"", ""e3_q27"", ""e3_q28"", ""e3_q29"", ""e3_q30"", ""e3_q31"", ""e3_q32"", ""e3_q33"", ""e3_q34"", ""e3_q35"", ""e3_q37"", ""e3_q38"", ""e3_q40"", ""e3_q41"", ""e3_q42"", ""e3_q44"", ""e3_q45"", ""e3_q46"", ""e3_q47"", ""e3_q49""]; scoring/banks/source protected; automated status=PASS"
ST176,/TCCN-LuyenDe,exam-3,MCQ_TIMER,45,1366,PASS,PASS,PASS,PASS,PASS,PASS,PASS,PASS,N/A_MCQ,PASS,PASS,evidence/after/practice-states/results.json; implementation/practice-visual-review.json; evidence/after/practice-reading/ST176_open.png; evidence/after/practice-reading/ST176_graded.png,2f6eadb67fd1d5e07e58f4684dab5812002458f2,"Fixture: Firebase fixture; student@example.test; local storage isolated to browser context; actual question IDs=[""e3_q1"", ""e3_q2"", ""e3_q3"", ""e3_q4"", ""e3_q5"", ""e3_q6"", ""e3_q7"", ""e3_q8"", ""e3_q9"", ""e3_q10"", ""e3_q11"", ""e3_q12"", ""e3_q13"", ""e3_q14"", ""e3_q15"", ""e3_q16"", ""e3_q17"", ""e3_q18"", ""e3_q19"", ""e3_q20"", ""e3_q21"", ""e3_q22"", ""e3_q23"", ""e3_q24"", ""e3_q25"", ""e3_q26"", ""e3_q27"", ""e3_q28"", ""e3_q29"", ""e3_q30"", ""e3_q31"", ""e3_q32"", ""e3_q33"", ""e3_q34"", ""e3_q35"", ""e3_q37"", ""e3_q38"", ""e3_q40"", ""e3_q41"", ""e3_q42"", ""e3_q44"", ""e3_q45"", ""e3_q46"", ""e3_q47"", ""e3_q49""]; scoring/banks/source protected; automated status=PASS"
ST177,/TCCN-LuyenDe,exam-applied,MCQ_TIMER,12,320,PASS,PASS,PASS,PASS,PASS,PASS,PASS,PASS,N/A_MCQ,PASS,PASS,evidence/after/practice-states/results.json; implementation/practice-visual-review.json; evidence/after/practice-reading/ST177_open.png; evidence/after/practice-reading/ST177_graded.png,2f6eadb67fd1d5e07e58f4684dab5812002458f2,"Fixture: Firebase fixture; student@example.test; local storage isolated to browser context; actual question IDs=[""f2_1"", ""f2_2"", ""f2_3"", ""f2_4"", ""f2_5"", ""f2_6"", ""f2_7"", ""f2_8"", ""f2_9"", ""f2_10"", ""f2_11"", ""f2_12""]; scoring/banks/source protected; automated status=PASS"
ST178,/TCCN-LuyenDe,exam-applied,MCQ_TIMER,12,390,PASS,PASS,PASS,PASS,PASS,PASS,PASS,PASS,N/A_MCQ,PASS,PASS,evidence/after/practice-states/results.json; implementation/practice-visual-review.json; evidence/after/practice-reading/ST178_open.png; evidence/after/practice-reading/ST178_graded.png,2f6eadb67fd1d5e07e58f4684dab5812002458f2,"Fixture: Firebase fixture; student@example.test; local storage isolated to browser context; actual question IDs=[""f2_1"", ""f2_2"", ""f2_3"", ""f2_4"", ""f2_5"", ""f2_6"", ""f2_7"", ""f2_8"", ""f2_9"", ""f2_10"", ""f2_11"", ""f2_12""]; scoring/banks/source protected; automated status=PASS"
ST179,/TCCN-LuyenDe,exam-applied,MCQ_TIMER,12,768,PASS,PASS,PASS,PASS,PASS,PASS,PASS,PASS,N/A_MCQ,PASS,PASS,evidence/after/practice-states/results.json; implementation/practice-visual-review.json; evidence/after/practice-reading/ST179_open.png; evidence/after/practice-reading/ST179_graded.png,2f6eadb67fd1d5e07e58f4684dab5812002458f2,"Fixture: Firebase fixture; student@example.test; local storage isolated to browser context; actual question IDs=[""f2_1"", ""f2_2"", ""f2_3"", ""f2_4"", ""f2_5"", ""f2_6"", ""f2_7"", ""f2_8"", ""f2_9"", ""f2_10"", ""f2_11"", ""f2_12""]; scoring/banks/source protected; automated status=PASS"
ST180,/TCCN-LuyenDe,exam-applied,MCQ_TIMER,12,1366,PASS,PASS,PASS,PASS,PASS,PASS,PASS,PASS,N/A_MCQ,PASS,PASS,evidence/after/practice-states/results.json; implementation/practice-visual-review.json; evidence/after/practice-reading/ST180_open.png; evidence/after/practice-reading/ST180_graded.png,2f6eadb67fd1d5e07e58f4684dab5812002458f2,"Fixture: Firebase fixture; student@example.test; local storage isolated to browser context; actual question IDs=[""f2_1"", ""f2_2"", ""f2_3"", ""f2_4"", ""f2_5"", ""f2_6"", ""f2_7"", ""f2_8"", ""f2_9"", ""f2_10"", ""f2_11"", ""f2_12""]; scoring/banks/source protected; automated status=PASS"
ST181,/TCCN-LuyenDe,exam-final-mix,MCQ_TIMER,50,320,PASS,PASS,PASS,PASS,PASS,PASS,PASS,PASS,N/A_MCQ,PASS,PASS,evidence/after/practice-states/results.json; implementation/practice-visual-review.json; evidence/after/practice-reading/ST181_open.png; evidence/after/practice-reading/ST181_graded.png,2f6eadb67fd1d5e07e58f4684dab5812002458f2,"Fixture: Firebase fixture; student@example.test; local storage isolated to browser context; actual question IDs=[""e1_q33"", ""e1_q5"", ""e1_q38"", ""e2_q14"", ""e2_q1"", ""e1_q17"", ""e3_q26"", ""e3_q22"", ""e1_q41"", ""e2_q12"", ""e1_q46"", ""e1_q7"", ""f2_4"", ""e1_q37"", ""e1_q40"", ""e1_q25"", ""e1_q32"", ""e2_q38"", ""e1_q16"", ""e2_q27"", ""e1_q39"", ""e2_q45"", ""e2_q32"", ""f2_9"", ""e3_q29"", ""f2_12"", ""e1_q36"", ""e1_q9"", ""e3_q24"", ""e1_q30"", ""e3_q10"", ""e2_q42"", ""e2_q30"", ""e2_q47"", ""e2_q34"", ""e1_q10"", ""e2_q2"", ""f2_3"", ""f2_8"", ""e2_q24"", ""e3_q20"", ""e1_q27"", ""e3_q2"", ""e3_q16"", ""e1_q12"", ""e1_q8"", ""e1_q14"", ""e1_q34"", ""e1_q22"", ""e1_q43""]; scoring/banks/source protected; automated status=PASS"
ST182,/TCCN-LuyenDe,exam-final-mix,MCQ_TIMER,50,390,PASS,PASS,PASS,PASS,PASS,PASS,PASS,PASS,N/A_MCQ,PASS,PASS,evidence/after/practice-states/results.json; implementation/practice-visual-review.json; evidence/after/practice-reading/ST182_open.png; evidence/after/practice-reading/ST182_graded.png,2f6eadb67fd1d5e07e58f4684dab5812002458f2,"Fixture: Firebase fixture; student@example.test; local storage isolated to browser context; actual question IDs=[""e2_q14"", ""e1_q30"", ""e1_q25"", ""e1_q26"", ""e1_q43"", ""e2_q46"", ""e2_q18"", ""f2_9"", ""e1_q6"", ""e1_q9"", ""f2_7"", ""e2_q12"", ""e1_q24"", ""f2_10"", ""e1_q3"", ""e2_q7"", ""e3_q27"", ""e1_q28"", ""e2_q24"", ""f2_6"", ""e1_q32"", ""e1_q33"", ""f2_5"", ""e1_q35"", ""e2_q21"", ""e1_q41"", ""f2_3"", ""e1_q36"", ""e2_q33"", ""e3_q2"", ""e2_q34"", ""e2_q44"", ""f2_4"", ""f2_1"", ""e1_q44"", ""e2_q42"", ""e2_q19"", ""e3_q22"", ""e3_q16"", ""f2_8"", ""e3_q1"", ""e1_q38"", ""e3_q31"", ""e3_q29"", ""e1_q4"", ""e2_q27"", ""e2_q32"", ""e1_q48"", ""e1_q34"", ""e1_q40""]; scoring/banks/source protected; automated status=PASS"
ST183,/TCCN-LuyenDe,exam-final-mix,MCQ_TIMER,50,768,PASS,PASS,PASS,PASS,PASS,PASS,PASS,PASS,N/A_MCQ,PASS,PASS,evidence/after/practice-states/results.json; implementation/practice-visual-review.json; evidence/after/practice-reading/ST183_open.png; evidence/after/practice-reading/ST183_graded.png,2f6eadb67fd1d5e07e58f4684dab5812002458f2,"Fixture: Firebase fixture; student@example.test; local storage isolated to browser context; actual question IDs=[""e1_q45"", ""e2_q4"", ""e2_q2"", ""e2_q42"", ""e2_q18"", ""e1_q8"", ""f2_1"", ""e3_q2"", ""e1_q4"", ""e1_q43"", ""e2_q47"", ""e1_q36"", ""e1_q39"", ""e3_q10"", ""e2_q19"", ""e2_q46"", ""e1_q27"", ""e2_q21"", ""e1_q33"", ""e1_q12"", ""e2_q26"", ""e2_q14"", ""e3_q31"", ""e1_q15"", ""e1_q6"", ""f2_3"", ""f2_11"", ""e1_q22"", ""e1_q17"", ""e1_q19"", ""e2_q27"", ""f2_12"", ""e3_q26"", ""e2_q30"", ""e3_q1"", ""e3_q17"", ""e2_q44"", ""e2_q24"", ""e1_q30"", ""f2_5"", ""e2_q32"", ""e3_q19"", ""e1_q46"", ""e1_q38"", ""e1_q3"", ""f2_9"", ""e2_q29"", ""e1_q48"", ""e3_q24"", ""e1_q44""]; scoring/banks/source protected; automated status=PASS"
ST184,/TCCN-LuyenDe,exam-final-mix,MCQ_TIMER,50,1366,PASS,PASS,PASS,PASS,PASS,PASS,PASS,PASS,N/A_MCQ,PASS,PASS,evidence/after/practice-states/results.json; implementation/practice-visual-review.json; evidence/after/practice-reading/ST184_open.png; evidence/after/practice-reading/ST184_graded.png,2f6eadb67fd1d5e07e58f4684dab5812002458f2,"Fixture: Firebase fixture; student@example.test; local storage isolated to browser context; actual question IDs=[""e1_q15"", ""e1_q28"", ""e3_q6"", ""e2_q44"", ""e1_q9"", ""e2_q38"", ""e1_q41"", ""e1_q45"", ""e2_q2"", ""f2_6"", ""e2_q34"", ""e1_q30"", ""e2_q1"", ""e2_q9"", ""e2_q12"", ""e2_q14"", ""e1_q17"", ""e1_q48"", ""e1_q44"", ""e1_q2"", ""e2_q27"", ""e3_q16"", ""e2_q26"", ""e1_q29"", ""e1_q22"", ""e3_q2"", ""e1_q42"", ""e1_q7"", ""e1_q46"", ""e1_q32"", ""e2_q7"", ""e2_q18"", ""f2_4"", ""e1_q35"", ""e3_q29"", ""e2_q19"", ""e2_q47"", ""f2_8"", ""f2_2"", ""e3_q17"", ""e1_q1"", ""e2_q29"", ""e1_q36"", ""e1_q4"", ""f2_7"", ""e3_q26"", ""e1_q13"", ""e1_q12"", ""e2_q30"", ""e1_q21""]; scoring/banks/source protected; automated status=PASS"
