coverage_id,kind,route,file,state,tab_label,heading,width,height,issue_ids,prior_evidence,after_status,full_body_review,font_glyphs,headings_palette,card_spacing,page_overflow,tables_diagrams,navigation_offset,interactions_disclosures,evidence,reviewer,commit,notes
THEORY-NLKT-ch1-320,THEORY,/NLKT,NGUYEN_LY_KE_TOAN.html,ch1,Ch.1: Introduction,Chương 1: Introduction to Accounting,320,740,G01 | G02 | G03 | G04 | G05 | G06 | G07 | G08 | G09 | A01 | A02 | A03 | FZ01 | FZ02 | FZ04,Desktop 1363x936 đã mở; đây là AFTER test chưa chạy,PASS,PASS,PASS,PASS,PASS,PASS,PASS,PASS,PASS,evidence/after/render/THEORY-NLKT-ch1-320.png; implementation/visual-review.json; evidence/after/contact-sheets/_NLKT/sheet-001.png,Codex,2f6eadb67fd1d5e07e58f4684dab5812002458f2,"Measurements and explicit full-body image inspection PASS. Whole chapter/mode body inspected, including disclosures and both card faces. Accepted whole-body layout; route replacement survey used where applicable."
THEORY-NLKT-ch1-390,THEORY,/NLKT,NGUYEN_LY_KE_TOAN.html,ch1,Ch.1: Introduction,Chương 1: Introduction to Accounting,390,844,G01 | G02 | G03 | G04 | G05 | G06 | G07 | G08 | G09 | A01 | A02 | A03 | FZ01 | FZ02 | FZ04,Desktop 1363x936 đã mở; đây là AFTER test chưa chạy,PASS,PASS,PASS,PASS,PASS,PASS,PASS,PASS,PASS,evidence/after/render/THEORY-NLKT-ch1-390.png; implementation/visual-review.json; evidence/after/contact-sheets/_NLKT/sheet-007.png; evidence/after/contact-sheets/_NLKT/sheet-008.png,Codex,2f6eadb67fd1d5e07e58f4684dab5812002458f2,"Measurements and explicit full-body image inspection PASS. Whole chapter/mode body inspected, including disclosures and both card faces. Accepted whole-body layout; route replacement survey used where applicable."
THEORY-NLKT-ch1-768,THEORY,/NLKT,NGUYEN_LY_KE_TOAN.html,ch1,Ch.1: Introduction,Chương 1: Introduction to Accounting,768,1024,G01 | G02 | G03 | G04 | G05 | G06 | G07 | G08 | G09 | A01 | A02 | A03 | FZ01 | FZ02 | FZ04,Desktop 1363x936 đã mở; đây là AFTER test chưa chạy,PASS,PASS,PASS,PASS,PASS,PASS,PASS,PASS,PASS,evidence/after/render/THEORY-NLKT-ch1-768.png; implementation/visual-review.json; evidence/after/contact-sheets/_NLKT/sheet-012.png,Codex,2f6eadb67fd1d5e07e58f4684dab5812002458f2,"Measurements and explicit full-body image inspection PASS. Whole chapter/mode body inspected, including disclosures and both card faces. Accepted whole-body layout; route replacement survey used where applicable."
THEORY-NLKT-ch1-1366,THEORY,/NLKT,NGUYEN_LY_KE_TOAN.html,ch1,Ch.1: Introduction,Chương 1: Introduction to Accounting,1366,900,G01 | G02 | G03 | G04 | G05 | G06 | G07 | G08 | G09 | A01 | A02 | A03 | FZ01 | FZ02 | FZ04,Desktop 1363x936 đã mở; đây là AFTER test chưa chạy,PASS,PASS,PASS,PASS,PASS,PASS,PASS,PASS,PASS,evidence/after/render/THEORY-NLKT-ch1-1366.png; implementation/visual-review.json; evidence/after/contact-sheets/_NLKT/sheet-014.png,Codex,2f6eadb67fd1d5e07e58f4684dab5812002458f2,"Measurements and explicit full-body image inspection PASS. Whole chapter/mode body inspected, including disclosures and both card faces. Accepted whole-body layout; route replacement survey used where applicable."
THEORY-NLKT-ch2-320,THEORY,/NLKT,NGUYEN_LY_KE_TOAN.html,ch2,Ch.2: Financial Statements,Chương 2: Financial Statements,320,740,G01 | G02 | G03 | G04 | G05 | G06 | G07 | G08 | G09 | A01 | A02 | A03 | FZ01 | FZ02 | FZ04,Desktop 1363x936 đã mở; đây là AFTER test chưa chạy,PASS,PASS,PASS,PASS,PASS,PASS,PASS,PASS,PASS,evidence/after/render/THEORY-NLKT-ch2-320.png; implementation/visual-review.json; evidence/after/contact-sheets/_NLKT/sheet-001.png; evidence/after/contact-sheets/_NLKT/sheet-002.png,Codex,2f6eadb67fd1d5e07e58f4684dab5812002458f2,"Measurements and explicit full-body image inspection PASS. Whole chapter/mode body inspected, including disclosures and both card faces. Accepted whole-body layout; route replacement survey used where applicable."
THEORY-NLKT-ch2-390,THEORY,/NLKT,NGUYEN_LY_KE_TOAN.html,ch2,Ch.2: Financial Statements,Chương 2: Financial Statements,390,844,G01 | G02 | G03 | G04 | G05 | G06 | G07 | G08 | G09 | A01 | A02 | A03 | FZ01 | FZ02 | FZ04,Desktop 1363x936 đã mở; đây là AFTER test chưa chạy,PASS,PASS,PASS,PASS,PASS,PASS,PASS,PASS,PASS,evidence/after/render/THEORY-NLKT-ch2-390.png; implementation/visual-review.json; evidence/after/contact-sheets/_NLKT/sheet-008.png,Codex,2f6eadb67fd1d5e07e58f4684dab5812002458f2,"Measurements and explicit full-body image inspection PASS. Whole chapter/mode body inspected, including disclosures and both card faces. Accepted whole-body layout; route replacement survey used where applicable."
THEORY-NLKT-ch2-768,THEORY,/NLKT,NGUYEN_LY_KE_TOAN.html,ch2,Ch.2: Financial Statements,Chương 2: Financial Statements,768,1024,G01 | G02 | G03 | G04 | G05 | G06 | G07 | G08 | G09 | A01 | A02 | A03 | FZ01 | FZ02 | FZ04,Desktop 1363x936 đã mở; đây là AFTER test chưa chạy,PASS,PASS,PASS,PASS,PASS,PASS,PASS,PASS,PASS,evidence/after/render/THEORY-NLKT-ch2-768.png; implementation/visual-review.json; evidence/after/contact-sheets/_NLKT/sheet-012.png,Codex,2f6eadb67fd1d5e07e58f4684dab5812002458f2,"Measurements and explicit full-body image inspection PASS. Whole chapter/mode body inspected, including disclosures and both card faces. Accepted whole-body layout; route replacement survey used where applicable."
THEORY-NLKT-ch2-1366,THEORY,/NLKT,NGUYEN_LY_KE_TOAN.html,ch2,Ch.2: Financial Statements,Chương 2: Financial Statements,1366,900,G01 | G02 | G03 | G04 | G05 | G06 | G07 | G08 | G09 | A01 | A02 | A03 | FZ01 | FZ02 | FZ04,Desktop 1363x936 đã mở; đây là AFTER test chưa chạy,PASS,PASS,PASS,PASS,PASS,PASS,PASS,PASS,PASS,evidence/after/render/THEORY-NLKT-ch2-1366.png; implementation/visual-review.json; evidence/after/contact-sheets/_NLKT/sheet-014.png,Codex,2f6eadb67fd1d5e07e58f4684dab5812002458f2,"Measurements and explicit full-body image inspection PASS. Whole chapter/mode body inspected, including disclosures and both card faces. Accepted whole-body layout; route replacement survey used where applicable."
THEORY-NLKT-ch3-320,THEORY,/NLKT,NGUYEN_LY_KE_TOAN.html,ch3,Ch.3: Accounts & Double Entry,Chương 3: Accounts and Double Entries,320,740,G01 | G02 | G03 | G04 | G05 | G06 | G07 | G08 | G09 | A01 | A02 | A03 | FZ01 | FZ02 | FZ04,Desktop 1363x936 đã mở; đây là AFTER test chưa chạy,PASS,PASS,PASS,PASS,PASS,PASS,PASS,PASS,PASS,evidence/after/render/THEORY-NLKT-ch3-320.png; implementation/visual-review.json; evidence/after/contact-sheets/_NLKT/sheet-002.png; evidence/after/contact-sheets/_NLKT/sheet-003.png,Codex,2f6eadb67fd1d5e07e58f4684dab5812002458f2,"Measurements and explicit full-body image inspection PASS. Whole chapter/mode body inspected, including disclosures and both card faces. Accepted whole-body layout; route replacement survey used where applicable."
THEORY-NLKT-ch3-390,THEORY,/NLKT,NGUYEN_LY_KE_TOAN.html,ch3,Ch.3: Accounts & Double Entry,Chương 3: Accounts and Double Entries,390,844,G01 | G02 | G03 | G04 | G05 | G06 | G07 | G08 | G09 | A01 | A02 | A03 | FZ01 | FZ02 | FZ04,Desktop 1363x936 đã mở; đây là AFTER test chưa chạy,PASS,PASS,PASS,PASS,PASS,PASS,PASS,PASS,PASS,evidence/after/render/THEORY-NLKT-ch3-390.png; implementation/visual-review.json; evidence/after/contact-sheets/_NLKT/sheet-008.png; evidence/after/contact-sheets/_NLKT/sheet-009.png,Codex,2f6eadb67fd1d5e07e58f4684dab5812002458f2,"Measurements and explicit full-body image inspection PASS. Whole chapter/mode body inspected, including disclosures and both card faces. Accepted whole-body layout; route replacement survey used where applicable."
THEORY-NLKT-ch3-768,THEORY,/NLKT,NGUYEN_LY_KE_TOAN.html,ch3,Ch.3: Accounts & Double Entry,Chương 3: Accounts and Double Entries,768,1024,G01 | G02 | G03 | G04 | G05 | G06 | G07 | G08 | G09 | A01 | A02 | A03 | FZ01 | FZ02 | FZ04,Desktop 1363x936 đã mở; đây là AFTER test chưa chạy,PASS,PASS,PASS,PASS,PASS,PASS,PASS,PASS,PASS,evidence/after/render/THEORY-NLKT-ch3-768.png; implementation/visual-review.json; evidence/after/contact-sheets/_NLKT/sheet-012.png,Codex,2f6eadb67fd1d5e07e58f4684dab5812002458f2,"Measurements and explicit full-body image inspection PASS. Whole chapter/mode body inspected, including disclosures and both card faces. Accepted whole-body layout; route replacement survey used where applicable."
THEORY-NLKT-ch3-1366,THEORY,/NLKT,NGUYEN_LY_KE_TOAN.html,ch3,Ch.3: Accounts & Double Entry,Chương 3: Accounts and Double Entries,1366,900,G01 | G02 | G03 | G04 | G05 | G06 | G07 | G08 | G09 | A01 | A02 | A03 | FZ01 | FZ02 | FZ04,Desktop 1363x936 đã mở; đây là AFTER test chưa chạy,PASS,PASS,PASS,PASS,PASS,PASS,PASS,PASS,PASS,evidence/after/render/THEORY-NLKT-ch3-1366.png; implementation/visual-review.json; evidence/after/contact-sheets/_NLKT/sheet-014.png,Codex,2f6eadb67fd1d5e07e58f4684dab5812002458f2,"Measurements and explicit full-body image inspection PASS. Whole chapter/mode body inspected, including disclosures and both card faces. Accepted whole-body layout; route replacement survey used where applicable."
THEORY-NLKT-ch4-320,THEORY,/NLKT,NGUYEN_LY_KE_TOAN.html,ch4,Ch.4: Measurement,Chương 4: Measurement Method,320,740,G01 | G02 | G03 | G04 | G05 | G06 | G07 | G08 | G09 | A01 | A02 | A03 | FZ01 | FZ02 | FZ04,Desktop 1363x936 đã mở; đây là AFTER test chưa chạy,PASS,PASS,PASS,PASS,PASS,PASS,PASS,PASS,PASS,evidence/after/render/THEORY-NLKT-ch4-320.png; implementation/visual-review.json; evidence/after/contact-sheets/_NLKT/sheet-003.png; evidence/after/contact-sheets/_NLKT/sheet-004.png,Codex,2f6eadb67fd1d5e07e58f4684dab5812002458f2,"Measurements and explicit full-body image inspection PASS. Whole chapter/mode body inspected, including disclosures and both card faces. Accepted whole-body layout; route replacement survey used where applicable."
THEORY-NLKT-ch4-390,THEORY,/NLKT,NGUYEN_LY_KE_TOAN.html,ch4,Ch.4: Measurement,Chương 4: Measurement Method,390,844,G01 | G02 | G03 | G04 | G05 | G06 | G07 | G08 | G09 | A01 | A02 | A03 | FZ01 | FZ02 | FZ04,Desktop 1363x936 đã mở; đây là AFTER test chưa chạy,PASS,PASS,PASS,PASS,PASS,PASS,PASS,PASS,PASS,evidence/after/render/THEORY-NLKT-ch4-390.png; implementation/visual-review.json; evidence/after/contact-sheets/_NLKT/sheet-009.png,Codex,2f6eadb67fd1d5e07e58f4684dab5812002458f2,"Measurements and explicit full-body image inspection PASS. Whole chapter/mode body inspected, including disclosures and both card faces. Accepted whole-body layout; route replacement survey used where applicable."
THEORY-NLKT-ch4-768,THEORY,/NLKT,NGUYEN_LY_KE_TOAN.html,ch4,Ch.4: Measurement,Chương 4: Measurement Method,768,1024,G01 | G02 | G03 | G04 | G05 | G06 | G07 | G08 | G09 | A01 | A02 | A03 | FZ01 | FZ02 | FZ04,Desktop 1363x936 đã mở; đây là AFTER test chưa chạy,PASS,PASS,PASS,PASS,PASS,PASS,PASS,PASS,PASS,evidence/after/render/THEORY-NLKT-ch4-768.png; implementation/visual-review.json; evidence/after/contact-sheets/_NLKT/sheet-012.png; evidence/after/contact-sheets/_NLKT/sheet-013.png,Codex,2f6eadb67fd1d5e07e58f4684dab5812002458f2,"Measurements and explicit full-body image inspection PASS. Whole chapter/mode body inspected, including disclosures and both card faces. Accepted whole-body layout; route replacement survey used where applicable."
THEORY-NLKT-ch4-1366,THEORY,/NLKT,NGUYEN_LY_KE_TOAN.html,ch4,Ch.4: Measurement,Chương 4: Measurement Method,1366,900,G01 | G02 | G03 | G04 | G05 | G06 | G07 | G08 | G09 | A01 | A02 | A03 | FZ01 | FZ02 | FZ04,Desktop 1363x936 đã mở; đây là AFTER test chưa chạy,PASS,PASS,PASS,PASS,PASS,PASS,PASS,PASS,PASS,evidence/after/render/THEORY-NLKT-ch4-1366.png; implementation/visual-review.json; evidence/after/contact-sheets/_NLKT/sheet-014.png,Codex,2f6eadb67fd1d5e07e58f4684dab5812002458f2,"Measurements and explicit full-body image inspection PASS. Whole chapter/mode body inspected, including disclosures and both card faces. Accepted whole-body layout; route replacement survey used where applicable."
THEORY-NLKT-ch5-320,THEORY,/NLKT,NGUYEN_LY_KE_TOAN.html,ch5,Ch.5: Documents & Books,"Chương 5: Accounting Documents, Accounting Books and Physical Counts",320,740,G01 | G02 | G03 | G04 | G05 | G06 | G07 | G08 | G09 | A01 | A02 | A03 | FZ01 | FZ02 | FZ04,Desktop 1363x936 đã mở; đây là AFTER test chưa chạy,PASS,PASS,PASS,PASS,PASS,PASS,PASS,PASS,PASS,evidence/after/render/THEORY-NLKT-ch5-320.png; implementation/visual-review.json; evidence/after/contact-sheets/_NLKT/sheet-004.png,Codex,2f6eadb67fd1d5e07e58f4684dab5812002458f2,"Measurements and explicit full-body image inspection PASS. Whole chapter/mode body inspected, including disclosures and both card faces. Accepted whole-body layout; route replacement survey used where applicable."
THEORY-NLKT-ch5-390,THEORY,/NLKT,NGUYEN_LY_KE_TOAN.html,ch5,Ch.5: Documents & Books,"Chương 5: Accounting Documents, Accounting Books and Physical Counts",390,844,G01 | G02 | G03 | G04 | G05 | G06 | G07 | G08 | G09 | A01 | A02 | A03 | FZ01 | FZ02 | FZ04,Desktop 1363x936 đã mở; đây là AFTER test chưa chạy,PASS,PASS,PASS,PASS,PASS,PASS,PASS,PASS,PASS,evidence/after/render/THEORY-NLKT-ch5-390.png; implementation/visual-review.json; evidence/after/contact-sheets/_NLKT/sheet-009.png; evidence/after/contact-sheets/_NLKT/sheet-010.png,Codex,2f6eadb67fd1d5e07e58f4684dab5812002458f2,"Measurements and explicit full-body image inspection PASS. Whole chapter/mode body inspected, including disclosures and both card faces. Accepted whole-body layout; route replacement survey used where applicable."
THEORY-NLKT-ch5-768,THEORY,/NLKT,NGUYEN_LY_KE_TOAN.html,ch5,Ch.5: Documents & Books,"Chương 5: Accounting Documents, Accounting Books and Physical Counts",768,1024,G01 | G02 | G03 | G04 | G05 | G06 | G07 | G08 | G09 | A01 | A02 | A03 | FZ01 | FZ02 | FZ04,Desktop 1363x936 đã mở; đây là AFTER test chưa chạy,PASS,PASS,PASS,PASS,PASS,PASS,PASS,PASS,PASS,evidence/after/render/THEORY-NLKT-ch5-768.png; implementation/visual-review.json; evidence/after/contact-sheets/_NLKT/sheet-013.png,Codex,2f6eadb67fd1d5e07e58f4684dab5812002458f2,"Measurements and explicit full-body image inspection PASS. Whole chapter/mode body inspected, including disclosures and both card faces. Accepted whole-body layout; route replacement survey used where applicable."
THEORY-NLKT-ch5-1366,THEORY,/NLKT,NGUYEN_LY_KE_TOAN.html,ch5,Ch.5: Documents & Books,"Chương 5: Accounting Documents, Accounting Books and Physical Counts",1366,900,G01 | G02 | G03 | G04 | G05 | G06 | G07 | G08 | G09 | A01 | A02 | A03 | FZ01 | FZ02 | FZ04,Desktop 1363x936 đã mở; đây là AFTER test chưa chạy,PASS,PASS,PASS,PASS,PASS,PASS,PASS,PASS,PASS,evidence/after/render/THEORY-NLKT-ch5-1366.png; implementation/visual-review.json; evidence/after/contact-sheets/_NLKT/sheet-014.png,Codex,2f6eadb67fd1d5e07e58f4684dab5812002458f2,"Measurements and explicit full-body image inspection PASS. Whole chapter/mode body inspected, including disclosures and both card faces. Accepted whole-body layout; route replacement survey used where applicable."
THEORY-NLKT-ch6-320,THEORY,/NLKT,NGUYEN_LY_KE_TOAN.html,ch6,Ch.6: Manufacturer,Chương 6: Recording Business Transactions in a Manufacturer,320,740,G01 | G02 | G03 | G04 | G05 | G06 | G07 | G08 | G09 | A01 | A02 | A03 | FZ01 | FZ02 | FZ04,Desktop 1363x936 đã mở; đây là AFTER test chưa chạy,PASS,PASS,PASS,PASS,PASS,PASS,PASS,PASS,PASS,evidence/after/render/THEORY-NLKT-ch6-320.png; implementation/visual-review.json; evidence/after/contact-sheets/_NLKT/sheet-004.png; evidence/after/contact-sheets/_NLKT/sheet-005.png,Codex,2f6eadb67fd1d5e07e58f4684dab5812002458f2,"Measurements and explicit full-body image inspection PASS. Whole chapter/mode body inspected, including disclosures and both card faces. Accepted whole-body layout; route replacement survey used where applicable."
THEORY-NLKT-ch6-390,THEORY,/NLKT,NGUYEN_LY_KE_TOAN.html,ch6,Ch.6: Manufacturer,Chương 6: Recording Business Transactions in a Manufacturer,390,844,G01 | G02 | G03 | G04 | G05 | G06 | G07 | G08 | G09 | A01 | A02 | A03 | FZ01 | FZ02 | FZ04,Desktop 1363x936 đã mở; đây là AFTER test chưa chạy,PASS,PASS,PASS,PASS,PASS,PASS,PASS,PASS,PASS,evidence/after/render/THEORY-NLKT-ch6-390.png; implementation/visual-review.json; evidence/after/contact-sheets/_NLKT/sheet-010.png,Codex,2f6eadb67fd1d5e07e58f4684dab5812002458f2,"Measurements and explicit full-body image inspection PASS. Whole chapter/mode body inspected, including disclosures and both card faces. Accepted whole-body layout; route replacement survey used where applicable."
THEORY-NLKT-ch6-768,THEORY,/NLKT,NGUYEN_LY_KE_TOAN.html,ch6,Ch.6: Manufacturer,Chương 6: Recording Business Transactions in a Manufacturer,768,1024,G01 | G02 | G03 | G04 | G05 | G06 | G07 | G08 | G09 | A01 | A02 | A03 | FZ01 | FZ02 | FZ04,Desktop 1363x936 đã mở; đây là AFTER test chưa chạy,PASS,PASS,PASS,PASS,PASS,PASS,PASS,PASS,PASS,evidence/after/render/THEORY-NLKT-ch6-768.png; implementation/visual-review.json; evidence/after/contact-sheets/_NLKT/sheet-013.png,Codex,2f6eadb67fd1d5e07e58f4684dab5812002458f2,"Measurements and explicit full-body image inspection PASS. Whole chapter/mode body inspected, including disclosures and both card faces. Accepted whole-body layout; route replacement survey used where applicable."
THEORY-NLKT-ch6-1366,THEORY,/NLKT,NGUYEN_LY_KE_TOAN.html,ch6,Ch.6: Manufacturer,Chương 6: Recording Business Transactions in a Manufacturer,1366,900,G01 | G02 | G03 | G04 | G05 | G06 | G07 | G08 | G09 | A01 | A02 | A03 | FZ01 | FZ02 | FZ04,Desktop 1363x936 đã mở; đây là AFTER test chưa chạy,PASS,PASS,PASS,PASS,PASS,PASS,PASS,PASS,PASS,evidence/after/render/THEORY-NLKT-ch6-1366.png; implementation/visual-review.json; evidence/after/contact-sheets/_NLKT/sheet-014.png,Codex,2f6eadb67fd1d5e07e58f4684dab5812002458f2,"Measurements and explicit full-body image inspection PASS. Whole chapter/mode body inspected, including disclosures and both card faces. Accepted whole-body layout; route replacement survey used where applicable."
THEORY-NLKT-coa-320,THEORY,/NLKT,NGUYEN_LY_KE_TOAN.html,coa,Chart of Accounts,Chart of Accounts Lookup,320,740,G01 | G02 | G03 | G04 | G05 | G06 | G07 | G08 | G09 | A01 | A02 | A03 | FZ01 | FZ02 | FZ04,Desktop 1363x936 đã mở; đây là AFTER test chưa chạy,PASS,PASS,PASS,PASS,PASS,PASS,PASS,PASS,PASS,evidence/after/render/THEORY-NLKT-coa-320.png; implementation/visual-review.json; evidence/after/contact-sheets/_NLKT/sheet-005.png; evidence/after/contact-sheets/_NLKT/sheet-006.png,Codex,2f6eadb67fd1d5e07e58f4684dab5812002458f2,"Measurements and explicit full-body image inspection PASS. Whole chapter/mode body inspected, including disclosures and both card faces. Accepted whole-body layout; route replacement survey used where applicable."
THEORY-NLKT-coa-390,THEORY,/NLKT,NGUYEN_LY_KE_TOAN.html,coa,Chart of Accounts,Chart of Accounts Lookup,390,844,G01 | G02 | G03 | G04 | G05 | G06 | G07 | G08 | G09 | A01 | A02 | A03 | FZ01 | FZ02 | FZ04,Desktop 1363x936 đã mở; đây là AFTER test chưa chạy,PASS,PASS,PASS,PASS,PASS,PASS,PASS,PASS,PASS,evidence/after/render/THEORY-NLKT-coa-390.png; implementation/visual-review.json; evidence/after/contact-sheets/_NLKT/sheet-010.png; evidence/after/contact-sheets/_NLKT/sheet-011.png,Codex,2f6eadb67fd1d5e07e58f4684dab5812002458f2,"Measurements and explicit full-body image inspection PASS. Whole chapter/mode body inspected, including disclosures and both card faces. Accepted whole-body layout; route replacement survey used where applicable."
THEORY-NLKT-coa-768,THEORY,/NLKT,NGUYEN_LY_KE_TOAN.html,coa,Chart of Accounts,Chart of Accounts Lookup,768,1024,G01 | G02 | G03 | G04 | G05 | G06 | G07 | G08 | G09 | A01 | A02 | A03 | FZ01 | FZ02 | FZ04,Desktop 1363x936 đã mở; đây là AFTER test chưa chạy,PASS,PASS,PASS,PASS,PASS,PASS,PASS,PASS,PASS,evidence/after/render/THEORY-NLKT-coa-768.png; implementation/visual-review.json; evidence/after/contact-sheets/_NLKT/sheet-013.png,Codex,2f6eadb67fd1d5e07e58f4684dab5812002458f2,"Measurements and explicit full-body image inspection PASS. Whole chapter/mode body inspected, including disclosures and both card faces. Accepted whole-body layout; route replacement survey used where applicable."
THEORY-NLKT-coa-1366,THEORY,/NLKT,NGUYEN_LY_KE_TOAN.html,coa,Chart of Accounts,Chart of Accounts Lookup,1366,900,G01 | G02 | G03 | G04 | G05 | G06 | G07 | G08 | G09 | A01 | A02 | A03 | FZ01 | FZ02 | FZ04,Desktop 1363x936 đã mở; đây là AFTER test chưa chạy,PASS,PASS,PASS,PASS,PASS,PASS,PASS,PASS,PASS,evidence/after/render/THEORY-NLKT-coa-1366.png; implementation/visual-review.json; evidence/after/contact-sheets/_NLKT/sheet-014.png; evidence/after/contact-sheets/_NLKT/sheet-015.png,Codex,2f6eadb67fd1d5e07e58f4684dab5812002458f2,"Measurements and explicit full-body image inspection PASS. Whole chapter/mode body inspected, including disclosures and both card faces. Accepted whole-body layout; route replacement survey used where applicable."
THEORY-NLKT-review-320,THEORY,/NLKT,NGUYEN_LY_KE_TOAN.html,review,Review,"Review: Formula, Rules & Compact Review",320,740,G01 | G02 | G03 | G04 | G05 | G06 | G07 | G08 | G09 | A01 | A02 | A03 | FZ01 | FZ02 | FZ04,Desktop 1363x936 đã mở; đây là AFTER test chưa chạy,PASS,PASS,PASS,PASS,PASS,PASS,PASS,PASS,PASS,evidence/after/render/THEORY-NLKT-review-320.png; implementation/visual-review.json; evidence/after/contact-sheets/_NLKT/sheet-006.png; evidence/after/contact-sheets/_NLKT/sheet-007.png,Codex,2f6eadb67fd1d5e07e58f4684dab5812002458f2,"Measurements and explicit full-body image inspection PASS. Whole chapter/mode body inspected, including disclosures and both card faces. Accepted whole-body layout; route replacement survey used where applicable."
THEORY-NLKT-review-390,THEORY,/NLKT,NGUYEN_LY_KE_TOAN.html,review,Review,"Review: Formula, Rules & Compact Review",390,844,G01 | G02 | G03 | G04 | G05 | G06 | G07 | G08 | G09 | A01 | A02 | A03 | FZ01 | FZ02 | FZ04,Desktop 1363x936 đã mở; đây là AFTER test chưa chạy,PASS,PASS,PASS,PASS,PASS,PASS,PASS,PASS,PASS,evidence/after/render/THEORY-NLKT-review-390.png; implementation/visual-review.json; evidence/after/contact-sheets/_NLKT/sheet-011.png; evidence/after/contact-sheets/_NLKT/sheet-012.png,Codex,2f6eadb67fd1d5e07e58f4684dab5812002458f2,"Measurements and explicit full-body image inspection PASS. Whole chapter/mode body inspected, including disclosures and both card faces. Accepted whole-body layout; route replacement survey used where applicable."
THEORY-NLKT-review-768,THEORY,/NLKT,NGUYEN_LY_KE_TOAN.html,review,Review,"Review: Formula, Rules & Compact Review",768,1024,G01 | G02 | G03 | G04 | G05 | G06 | G07 | G08 | G09 | A01 | A02 | A03 | FZ01 | FZ02 | FZ04,Desktop 1363x936 đã mở; đây là AFTER test chưa chạy,PASS,PASS,PASS,PASS,PASS,PASS,PASS,PASS,PASS,evidence/after/render/THEORY-NLKT-review-768.png; implementation/visual-review.json; evidence/after/contact-sheets/_NLKT/sheet-013.png; evidence/after/contact-sheets/_NLKT/sheet-014.png,Codex,2f6eadb67fd1d5e07e58f4684dab5812002458f2,"Measurements and explicit full-body image inspection PASS. Whole chapter/mode body inspected, including disclosures and both card faces. Accepted whole-body layout; route replacement survey used where applicable."
THEORY-NLKT-review-1366,THEORY,/NLKT,NGUYEN_LY_KE_TOAN.html,review,Review,"Review: Formula, Rules & Compact Review",1366,900,G01 | G02 | G03 | G04 | G05 | G06 | G07 | G08 | G09 | A01 | A02 | A03 | FZ01 | FZ02 | FZ04,Desktop 1363x936 đã mở; đây là AFTER test chưa chạy,PASS,PASS,PASS,PASS,PASS,PASS,PASS,PASS,PASS,evidence/after/render/THEORY-NLKT-review-1366.png; implementation/visual-review.json; evidence/after/contact-sheets/_NLKT/sheet-015.png,Codex,2f6eadb67fd1d5e07e58f4684dab5812002458f2,"Measurements and explicit full-body image inspection PASS. Whole chapter/mode body inspected, including disclosures and both card faces. Accepted whole-body layout; route replacement survey used where applicable."
THEORY-KTTC-ch1-320,THEORY,/KTTC,KE_TOAN_TAI_CHINH.html,ch1,Ch.1: Main Transactions,Chương 1: Accounting for Main Business Transactions in Enterprises,320,740,G01 | G02 | G03 | G04 | G05 | G06 | G07 | G08 | G09 | F01 | F02 | FZ01 | FZ02 | FZ04,Desktop 1363x936 đã mở; đây là AFTER test chưa chạy,PASS,PASS,PASS,PASS,PASS,PASS,PASS,PASS,PASS,evidence/after/render/THEORY-KTTC-ch1-320.png; implementation/visual-review.json; evidence/after/contact-sheets/_KTTC/sheet-001.png; evidence/after/contact-sheets/_KTTC/sheet-002.png,Codex,2f6eadb67fd1d5e07e58f4684dab5812002458f2,"Measurements and explicit full-body image inspection PASS. Whole chapter/mode body inspected, including disclosures and both card faces. Accepted whole-body layout; route replacement survey used where applicable."
THEORY-KTTC-ch1-390,THEORY,/KTTC,KE_TOAN_TAI_CHINH.html,ch1,Ch.1: Main Transactions,Chương 1: Accounting for Main Business Transactions in Enterprises,390,844,G01 | G02 | G03 | G04 | G05 | G06 | G07 | G08 | G09 | F01 | F02 | FZ01 | FZ02 | FZ04,Desktop 1363x936 đã mở; đây là AFTER test chưa chạy,PASS,PASS,PASS,PASS,PASS,PASS,PASS,PASS,PASS,evidence/after/render/THEORY-KTTC-ch1-390.png; implementation/visual-review.json; evidence/after/contact-sheets/_KTTC/sheet-008.png; evidence/after/contact-sheets/_KTTC/sheet-009.png,Codex,2f6eadb67fd1d5e07e58f4684dab5812002458f2,"Measurements and explicit full-body image inspection PASS. Whole chapter/mode body inspected, including disclosures and both card faces. Accepted whole-body layout; route replacement survey used where applicable."
THEORY-KTTC-ch1-768,THEORY,/KTTC,KE_TOAN_TAI_CHINH.html,ch1,Ch.1: Main Transactions,Chương 1: Accounting for Main Business Transactions in Enterprises,768,1024,G01 | G02 | G03 | G04 | G05 | G06 | G07 | G08 | G09 | F01 | F02 | FZ01 | FZ02 | FZ04,Desktop 1363x936 đã mở; đây là AFTER test chưa chạy,PASS,PASS,PASS,PASS,PASS,PASS,PASS,PASS,PASS,evidence/after/render/THEORY-KTTC-ch1-768.png; implementation/visual-review.json; evidence/after/contact-sheets/_KTTC/sheet-014.png,Codex,2f6eadb67fd1d5e07e58f4684dab5812002458f2,"Measurements and explicit full-body image inspection PASS. Whole chapter/mode body inspected, including disclosures and both card faces. Accepted whole-body layout; route replacement survey used where applicable."
THEORY-KTTC-ch1-1366,THEORY,/KTTC,KE_TOAN_TAI_CHINH.html,ch1,Ch.1: Main Transactions,Chương 1: Accounting for Main Business Transactions in Enterprises,1366,900,G01 | G02 | G03 | G04 | G05 | G06 | G07 | G08 | G09 | F01 | F02 | FZ01 | FZ02 | FZ04,Desktop 1363x936 đã mở; đây là AFTER test chưa chạy,PASS,PASS,PASS,PASS,PASS,PASS,PASS,PASS,PASS,evidence/after/render/THEORY-KTTC-ch1-1366.png; implementation/visual-review.json; evidence/after/contact-sheets/_KTTC/sheet-016.png,Codex,2f6eadb67fd1d5e07e58f4684dab5812002458f2,"Measurements and explicit full-body image inspection PASS. Whole chapter/mode body inspected, including disclosures and both card faces. Accepted whole-body layout; route replacement survey used where applicable."
THEORY-KTTC-ch2-320,THEORY,/KTTC,KE_TOAN_TAI_CHINH.html,ch2,Ch.2: Investments,Chương 2: Accounting for Investments,320,740,G01 | G02 | G03 | G04 | G05 | G06 | G07 | G08 | G09 | F01 | F02 | FZ01 | FZ02 | FZ04,Desktop 1363x936 đã mở; đây là AFTER test chưa chạy,PASS,PASS,PASS,PASS,PASS,PASS,PASS,PASS,PASS,evidence/after/render/THEORY-KTTC-ch2-320.png; implementation/visual-review.json; evidence/after/contact-sheets/gradient-components/sheet-001.png,Codex,2f6eadb67fd1d5e07e58f4684dab5812002458f2,"Measurements and explicit full-body image inspection PASS. Whole chapter/mode body inspected, including disclosures and both card faces. Accepted whole-body layout; route replacement survey used where applicable."
THEORY-KTTC-ch2-390,THEORY,/KTTC,KE_TOAN_TAI_CHINH.html,ch2,Ch.2: Investments,Chương 2: Accounting for Investments,390,844,G01 | G02 | G03 | G04 | G05 | G06 | G07 | G08 | G09 | F01 | F02 | FZ01 | FZ02 | FZ04,Desktop 1363x936 đã mở; đây là AFTER test chưa chạy,PASS,PASS,PASS,PASS,PASS,PASS,PASS,PASS,PASS,evidence/after/render/THEORY-KTTC-ch2-390.png; implementation/visual-review.json; evidence/after/contact-sheets/gradient-components/sheet-001.png; evidence/after/contact-sheets/gradient-components/sheet-002.png,Codex,2f6eadb67fd1d5e07e58f4684dab5812002458f2,"Measurements and explicit full-body image inspection PASS. Whole chapter/mode body inspected, including disclosures and both card faces. Accepted whole-body layout; route replacement survey used where applicable."
THEORY-KTTC-ch2-768,THEORY,/KTTC,KE_TOAN_TAI_CHINH.html,ch2,Ch.2: Investments,Chương 2: Accounting for Investments,768,1024,G01 | G02 | G03 | G04 | G05 | G06 | G07 | G08 | G09 | F01 | F02 | FZ01 | FZ02 | FZ04,Desktop 1363x936 đã mở; đây là AFTER test chưa chạy,PASS,PASS,PASS,PASS,PASS,PASS,PASS,PASS,PASS,evidence/after/render/THEORY-KTTC-ch2-768.png; implementation/visual-review.json; evidence/after/contact-sheets/gradient-components/sheet-002.png,Codex,2f6eadb67fd1d5e07e58f4684dab5812002458f2,"Measurements and explicit full-body image inspection PASS. Whole chapter/mode body inspected, including disclosures and both card faces. Accepted whole-body layout; route replacement survey used where applicable."
THEORY-KTTC-ch2-1366,THEORY,/KTTC,KE_TOAN_TAI_CHINH.html,ch2,Ch.2: Investments,Chương 2: Accounting for Investments,1366,900,G01 | G02 | G03 | G04 | G05 | G06 | G07 | G08 | G09 | F01 | F02 | FZ01 | FZ02 | FZ04,Desktop 1363x936 đã mở; đây là AFTER test chưa chạy,PASS,PASS,PASS,PASS,PASS,PASS,PASS,PASS,PASS,evidence/after/render/THEORY-KTTC-ch2-1366.png; implementation/visual-review.json; evidence/after/contact-sheets/gradient-components/sheet-002.png,Codex,2f6eadb67fd1d5e07e58f4684dab5812002458f2,"Measurements and explicit full-body image inspection PASS. Whole chapter/mode body inspected, including disclosures and both card faces. Accepted whole-body layout; route replacement survey used where applicable."
THEORY-KTTC-ch3-320,THEORY,/KTTC,KE_TOAN_TAI_CHINH.html,ch3,Ch.3: Receivables & Payables,Chương 3: Accounting for Receivables and Payables / Payments,320,740,G01 | G02 | G03 | G04 | G05 | G06 | G07 | G08 | G09 | F01 | F02 | FZ01 | FZ02 | FZ04,Desktop 1363x936 đã mở; đây là AFTER test chưa chạy,PASS,PASS,PASS,PASS,PASS,PASS,PASS,PASS,PASS,evidence/after/render/THEORY-KTTC-ch3-320.png; implementation/visual-review.json; evidence/after/contact-sheets/_KTTC/sheet-003.png; evidence/after/contact-sheets/_KTTC/sheet-004.png,Codex,2f6eadb67fd1d5e07e58f4684dab5812002458f2,"Measurements and explicit full-body image inspection PASS. Whole chapter/mode body inspected, including disclosures and both card faces. Accepted whole-body layout; route replacement survey used where applicable."
THEORY-KTTC-ch3-390,THEORY,/KTTC,KE_TOAN_TAI_CHINH.html,ch3,Ch.3: Receivables & Payables,Chương 3: Accounting for Receivables and Payables / Payments,390,844,G01 | G02 | G03 | G04 | G05 | G06 | G07 | G08 | G09 | F01 | F02 | FZ01 | FZ02 | FZ04,Desktop 1363x936 đã mở; đây là AFTER test chưa chạy,PASS,PASS,PASS,PASS,PASS,PASS,PASS,PASS,PASS,evidence/after/render/THEORY-KTTC-ch3-390.png; implementation/visual-review.json; evidence/after/contact-sheets/_KTTC/sheet-010.png; evidence/after/contact-sheets/_KTTC/sheet-011.png,Codex,2f6eadb67fd1d5e07e58f4684dab5812002458f2,"Measurements and explicit full-body image inspection PASS. Whole chapter/mode body inspected, including disclosures and both card faces. Accepted whole-body layout; route replacement survey used where applicable."
THEORY-KTTC-ch3-768,THEORY,/KTTC,KE_TOAN_TAI_CHINH.html,ch3,Ch.3: Receivables & Payables,Chương 3: Accounting for Receivables and Payables / Payments,768,1024,G01 | G02 | G03 | G04 | G05 | G06 | G07 | G08 | G09 | F01 | F02 | FZ01 | FZ02 | FZ04,Desktop 1363x936 đã mở; đây là AFTER test chưa chạy,PASS,PASS,PASS,PASS,PASS,PASS,PASS,PASS,PASS,evidence/after/render/THEORY-KTTC-ch3-768.png; implementation/visual-review.json; evidence/after/contact-sheets/_KTTC/sheet-015.png,Codex,2f6eadb67fd1d5e07e58f4684dab5812002458f2,"Measurements and explicit full-body image inspection PASS. Whole chapter/mode body inspected, including disclosures and both card faces. Accepted whole-body layout; route replacement survey used where applicable."
THEORY-KTTC-ch3-1366,THEORY,/KTTC,KE_TOAN_TAI_CHINH.html,ch3,Ch.3: Receivables & Payables,Chương 3: Accounting for Receivables and Payables / Payments,1366,900,G01 | G02 | G03 | G04 | G05 | G06 | G07 | G08 | G09 | F01 | F02 | FZ01 | FZ02 | FZ04,Desktop 1363x936 đã mở; đây là AFTER test chưa chạy,PASS,PASS,PASS,PASS,PASS,PASS,PASS,PASS,PASS,evidence/after/render/THEORY-KTTC-ch3-1366.png; implementation/visual-review.json; evidence/after/contact-sheets/_KTTC/sheet-016.png,Codex,2f6eadb67fd1d5e07e58f4684dab5812002458f2,"Measurements and explicit full-body image inspection PASS. Whole chapter/mode body inspected, including disclosures and both card faces. Accepted whole-body layout; route replacement survey used where applicable."
THEORY-KTTC-ch4-320,THEORY,/KTTC,KE_TOAN_TAI_CHINH.html,ch4,Ch.4: Other Activities & Result,Chương 4: Other Activities and Determination of Business Results,320,740,G01 | G02 | G03 | G04 | G05 | G06 | G07 | G08 | G09 | F01 | F02 | FZ01 | FZ02 | FZ04,Desktop 1363x936 đã mở; đây là AFTER test chưa chạy,PASS,PASS,PASS,PASS,PASS,PASS,PASS,PASS,PASS,evidence/after/render/THEORY-KTTC-ch4-320.png; implementation/visual-review.json; evidence/after/contact-sheets/_KTTC/sheet-004.png; evidence/after/contact-sheets/_KTTC/sheet-005.png,Codex,2f6eadb67fd1d5e07e58f4684dab5812002458f2,"Measurements and explicit full-body image inspection PASS. Whole chapter/mode body inspected, including disclosures and both card faces. Accepted whole-body layout; route replacement survey used where applicable."
THEORY-KTTC-ch4-390,THEORY,/KTTC,KE_TOAN_TAI_CHINH.html,ch4,Ch.4: Other Activities & Result,Chương 4: Other Activities and Determination of Business Results,390,844,G01 | G02 | G03 | G04 | G05 | G06 | G07 | G08 | G09 | F01 | F02 | FZ01 | FZ02 | FZ04,Desktop 1363x936 đã mở; đây là AFTER test chưa chạy,PASS,PASS,PASS,PASS,PASS,PASS,PASS,PASS,PASS,evidence/after/render/THEORY-KTTC-ch4-390.png; implementation/visual-review.json; evidence/after/contact-sheets/_KTTC/sheet-011.png,Codex,2f6eadb67fd1d5e07e58f4684dab5812002458f2,"Measurements and explicit full-body image inspection PASS. Whole chapter/mode body inspected, including disclosures and both card faces. Accepted whole-body layout; route replacement survey used where applicable."
THEORY-KTTC-ch4-768,THEORY,/KTTC,KE_TOAN_TAI_CHINH.html,ch4,Ch.4: Other Activities & Result,Chương 4: Other Activities and Determination of Business Results,768,1024,G01 | G02 | G03 | G04 | G05 | G06 | G07 | G08 | G09 | F01 | F02 | FZ01 | FZ02 | FZ04,Desktop 1363x936 đã mở; đây là AFTER test chưa chạy,PASS,PASS,PASS,PASS,PASS,PASS,PASS,PASS,PASS,evidence/after/render/THEORY-KTTC-ch4-768.png; implementation/visual-review.json; evidence/after/contact-sheets/_KTTC/sheet-015.png,Codex,2f6eadb67fd1d5e07e58f4684dab5812002458f2,"Measurements and explicit full-body image inspection PASS. Whole chapter/mode body inspected, including disclosures and both card faces. Accepted whole-body layout; route replacement survey used where applicable."
THEORY-KTTC-ch4-1366,THEORY,/KTTC,KE_TOAN_TAI_CHINH.html,ch4,Ch.4: Other Activities & Result,Chương 4: Other Activities and Determination of Business Results,1366,900,G01 | G02 | G03 | G04 | G05 | G06 | G07 | G08 | G09 | F01 | F02 | FZ01 | FZ02 | FZ04,Desktop 1363x936 đã mở; đây là AFTER test chưa chạy,PASS,PASS,PASS,PASS,PASS,PASS,PASS,PASS,PASS,evidence/after/render/THEORY-KTTC-ch4-1366.png; implementation/visual-review.json; evidence/after/contact-sheets/_KTTC/sheet-016.png; evidence/after/contact-sheets/_KTTC/sheet-017.png,Codex,2f6eadb67fd1d5e07e58f4684dab5812002458f2,"Measurements and explicit full-body image inspection PASS. Whole chapter/mode body inspected, including disclosures and both card faces. Accepted whole-body layout; route replacement survey used where applicable."
THEORY-KTTC-ch5-320,THEORY,/KTTC,KE_TOAN_TAI_CHINH.html,ch5,Ch.5: Equity,Chương 5: Equity,320,740,G01 | G02 | G03 | G04 | G05 | G06 | G07 | G08 | G09 | F01 | F02 | FZ01 | FZ02 | FZ04,Desktop 1363x936 đã mở; đây là AFTER test chưa chạy,PASS,PASS,PASS,PASS,PASS,PASS,PASS,PASS,PASS,evidence/after/render/THEORY-KTTC-ch5-320.png; implementation/visual-review.json; evidence/after/contact-sheets/_KTTC/sheet-005.png,Codex,2f6eadb67fd1d5e07e58f4684dab5812002458f2,"Measurements and explicit full-body image inspection PASS. Whole chapter/mode body inspected, including disclosures and both card faces. Accepted whole-body layout; route replacement survey used where applicable."
THEORY-KTTC-ch5-390,THEORY,/KTTC,KE_TOAN_TAI_CHINH.html,ch5,Ch.5: Equity,Chương 5: Equity,390,844,G01 | G02 | G03 | G04 | G05 | G06 | G07 | G08 | G09 | F01 | F02 | FZ01 | FZ02 | FZ04,Desktop 1363x936 đã mở; đây là AFTER test chưa chạy,PASS,PASS,PASS,PASS,PASS,PASS,PASS,PASS,PASS,evidence/after/render/THEORY-KTTC-ch5-390.png; implementation/visual-review.json; evidence/after/contact-sheets/_KTTC/sheet-011.png; evidence/after/contact-sheets/_KTTC/sheet-012.png,Codex,2f6eadb67fd1d5e07e58f4684dab5812002458f2,"Measurements and explicit full-body image inspection PASS. Whole chapter/mode body inspected, including disclosures and both card faces. Accepted whole-body layout; route replacement survey used where applicable."
THEORY-KTTC-ch5-768,THEORY,/KTTC,KE_TOAN_TAI_CHINH.html,ch5,Ch.5: Equity,Chương 5: Equity,768,1024,G01 | G02 | G03 | G04 | G05 | G06 | G07 | G08 | G09 | F01 | F02 | FZ01 | FZ02 | FZ04,Desktop 1363x936 đã mở; đây là AFTER test chưa chạy,PASS,PASS,PASS,PASS,PASS,PASS,PASS,PASS,PASS,evidence/after/render/THEORY-KTTC-ch5-768.png; implementation/visual-review.json; evidence/after/contact-sheets/_KTTC/sheet-015.png,Codex,2f6eadb67fd1d5e07e58f4684dab5812002458f2,"Measurements and explicit full-body image inspection PASS. Whole chapter/mode body inspected, including disclosures and both card faces. Accepted whole-body layout; route replacement survey used where applicable."
THEORY-KTTC-ch5-1366,THEORY,/KTTC,KE_TOAN_TAI_CHINH.html,ch5,Ch.5: Equity,Chương 5: Equity,1366,900,G01 | G02 | G03 | G04 | G05 | G06 | G07 | G08 | G09 | F01 | F02 | FZ01 | FZ02 | FZ04,Desktop 1363x936 đã mở; đây là AFTER test chưa chạy,PASS,PASS,PASS,PASS,PASS,PASS,PASS,PASS,PASS,evidence/after/render/THEORY-KTTC-ch5-1366.png; implementation/visual-review.json; evidence/after/contact-sheets/_KTTC/sheet-017.png,Codex,2f6eadb67fd1d5e07e58f4684dab5812002458f2,"Measurements and explicit full-body image inspection PASS. Whole chapter/mode body inspected, including disclosures and both card faces. Accepted whole-body layout; route replacement survey used where applicable."
THEORY-KTTC-ch6-320,THEORY,/KTTC,KE_TOAN_TAI_CHINH.html,ch6,Ch.6: Financial Statements,Chương 6: Financial Statements,320,740,G01 | G02 | G03 | G04 | G05 | G06 | G07 | G08 | G09 | F01 | F02 | FZ01 | FZ02 | FZ04,Desktop 1363x936 đã mở; đây là AFTER test chưa chạy,PASS,PASS,PASS,PASS,PASS,PASS,PASS,PASS,PASS,evidence/after/render/THEORY-KTTC-ch6-320.png; implementation/visual-review.json; evidence/after/contact-sheets/_KTTC/sheet-005.png; evidence/after/contact-sheets/_KTTC/sheet-006.png,Codex,2f6eadb67fd1d5e07e58f4684dab5812002458f2,"Measurements and explicit full-body image inspection PASS. Whole chapter/mode body inspected, including disclosures and both card faces. Accepted whole-body layout; route replacement survey used where applicable."
THEORY-KTTC-ch6-390,THEORY,/KTTC,KE_TOAN_TAI_CHINH.html,ch6,Ch.6: Financial Statements,Chương 6: Financial Statements,390,844,G01 | G02 | G03 | G04 | G05 | G06 | G07 | G08 | G09 | F01 | F02 | FZ01 | FZ02 | FZ04,Desktop 1363x936 đã mở; đây là AFTER test chưa chạy,PASS,PASS,PASS,PASS,PASS,PASS,PASS,PASS,PASS,evidence/after/render/THEORY-KTTC-ch6-390.png; implementation/visual-review.json; evidence/after/contact-sheets/_KTTC/sheet-012.png,Codex,2f6eadb67fd1d5e07e58f4684dab5812002458f2,"Measurements and explicit full-body image inspection PASS. Whole chapter/mode body inspected, including disclosures and both card faces. Accepted whole-body layout; route replacement survey used where applicable."
THEORY-KTTC-ch6-768,THEORY,/KTTC,KE_TOAN_TAI_CHINH.html,ch6,Ch.6: Financial Statements,Chương 6: Financial Statements,768,1024,G01 | G02 | G03 | G04 | G05 | G06 | G07 | G08 | G09 | F01 | F02 | FZ01 | FZ02 | FZ04,Desktop 1363x936 đã mở; đây là AFTER test chưa chạy,PASS,PASS,PASS,PASS,PASS,PASS,PASS,PASS,PASS,evidence/after/render/THEORY-KTTC-ch6-768.png; implementation/visual-review.json; evidence/after/contact-sheets/_KTTC/sheet-015.png,Codex,2f6eadb67fd1d5e07e58f4684dab5812002458f2,"Measurements and explicit full-body image inspection PASS. Whole chapter/mode body inspected, including disclosures and both card faces. Accepted whole-body layout; route replacement survey used where applicable."
THEORY-KTTC-ch6-1366,THEORY,/KTTC,KE_TOAN_TAI_CHINH.html,ch6,Ch.6: Financial Statements,Chương 6: Financial Statements,1366,900,G01 | G02 | G03 | G04 | G05 | G06 | G07 | G08 | G09 | F01 | F02 | FZ01 | FZ02 | FZ04,Desktop 1363x936 đã mở; đây là AFTER test chưa chạy,PASS,PASS,PASS,PASS,PASS,PASS,PASS,PASS,PASS,evidence/after/render/THEORY-KTTC-ch6-1366.png; implementation/visual-review.json; evidence/after/contact-sheets/_KTTC/sheet-017.png,Codex,2f6eadb67fd1d5e07e58f4684dab5812002458f2,"Measurements and explicit full-body image inspection PASS. Whole chapter/mode body inspected, including disclosures and both card faces. Accepted whole-body layout; route replacement survey used where applicable."
THEORY-KTTC-review-320,THEORY,/KTTC,KE_TOAN_TAI_CHINH.html,review,Review,Ôn tập toàn môn / Whole-course Review,320,740,G01 | G02 | G03 | G04 | G05 | G06 | G07 | G08 | G09 | F01 | F02 | FZ01 | FZ02 | FZ04,Desktop 1363x936 đã mở; đây là AFTER test chưa chạy,PASS,PASS,PASS,PASS,PASS,PASS,PASS,PASS,PASS,evidence/after/render/THEORY-KTTC-review-320.png; implementation/visual-review.json; evidence/after/contact-sheets/_KTTC/sheet-006.png; evidence/after/contact-sheets/_KTTC/sheet-007.png; evidence/after/contact-sheets/_KTTC/sheet-008.png,Codex,2f6eadb67fd1d5e07e58f4684dab5812002458f2,"Measurements and explicit full-body image inspection PASS. Whole chapter/mode body inspected, including disclosures and both card faces. Accepted whole-body layout; route replacement survey used where applicable."
THEORY-KTTC-review-390,THEORY,/KTTC,KE_TOAN_TAI_CHINH.html,review,Review,Ôn tập toàn môn / Whole-course Review,390,844,G01 | G02 | G03 | G04 | G05 | G06 | G07 | G08 | G09 | F01 | F02 | FZ01 | FZ02 | FZ04,Desktop 1363x936 đã mở; đây là AFTER test chưa chạy,PASS,PASS,PASS,PASS,PASS,PASS,PASS,PASS,PASS,evidence/after/render/THEORY-KTTC-review-390.png; implementation/visual-review.json; evidence/after/contact-sheets/_KTTC/sheet-012.png; evidence/after/contact-sheets/_KTTC/sheet-013.png; evidence/after/contact-sheets/_KTTC/sheet-014.png,Codex,2f6eadb67fd1d5e07e58f4684dab5812002458f2,"Measurements and explicit full-body image inspection PASS. Whole chapter/mode body inspected, including disclosures and both card faces. Accepted whole-body layout; route replacement survey used where applicable."
THEORY-KTTC-review-768,THEORY,/KTTC,KE_TOAN_TAI_CHINH.html,review,Review,Ôn tập toàn môn / Whole-course Review,768,1024,G01 | G02 | G03 | G04 | G05 | G06 | G07 | G08 | G09 | F01 | F02 | FZ01 | FZ02 | FZ04,Desktop 1363x936 đã mở; đây là AFTER test chưa chạy,PASS,PASS,PASS,PASS,PASS,PASS,PASS,PASS,PASS,evidence/after/render/THEORY-KTTC-review-768.png; implementation/visual-review.json; evidence/after/contact-sheets/_KTTC/sheet-015.png; evidence/after/contact-sheets/_KTTC/sheet-016.png,Codex,2f6eadb67fd1d5e07e58f4684dab5812002458f2,"Measurements and explicit full-body image inspection PASS. Whole chapter/mode body inspected, including disclosures and both card faces. Accepted whole-body layout; route replacement survey used where applicable."
THEORY-KTTC-review-1366,THEORY,/KTTC,KE_TOAN_TAI_CHINH.html,review,Review,Ôn tập toàn môn / Whole-course Review,1366,900,G01 | G02 | G03 | G04 | G05 | G06 | G07 | G08 | G09 | F01 | F02 | FZ01 | FZ02 | FZ04,Desktop 1363x936 đã mở; đây là AFTER test chưa chạy,PASS,PASS,PASS,PASS,PASS,PASS,PASS,PASS,PASS,evidence/after/render/THEORY-KTTC-review-1366.png; implementation/visual-review.json; evidence/after/contact-sheets/_KTTC/sheet-017.png,Codex,2f6eadb67fd1d5e07e58f4684dab5812002458f2,"Measurements and explicit full-body image inspection PASS. Whole chapter/mode body inspected, including disclosures and both card faces. Accepted whole-body layout; route replacement survey used where applicable."
THEORY-TCCN-ch1-320,THEORY,/TCCN,TAI_CHINH_CA_NHAN.html,ch1,Ch.1: Overview,Chương 1: Overview of Personal Finance,320,740,G01 | G02 | G03 | G04 | G05 | G06 | G07 | G08 | G09 | T01 | T02 | T03 | T04 | T05 | FZ01 | FZ02 | FZ04,Desktop 1363x936 đã mở; đây là AFTER test chưa chạy,PASS,PASS,PASS,PASS,PASS,PASS,PASS,PASS,PASS,evidence/after/render/THEORY-TCCN-ch1-320.png; implementation/visual-review.json; evidence/after/contact-sheets/_TCCN/sheet-001.png; evidence/after/contact-sheets/_TCCN/sheet-002.png; evidence/after/anchor/TCCN_anchor_320.png,Codex,2f6eadb67fd1d5e07e58f4684dab5812002458f2,"Measurements and explicit full-body image inspection PASS. Whole chapter/mode body inspected, including disclosures and both card faces. Later changes confined to the explicitly reviewed replacement components listed here."
THEORY-TCCN-ch1-390,THEORY,/TCCN,TAI_CHINH_CA_NHAN.html,ch1,Ch.1: Overview,Chương 1: Overview of Personal Finance,390,844,G01 | G02 | G03 | G04 | G05 | G06 | G07 | G08 | G09 | T01 | T02 | T03 | T04 | T05 | FZ01 | FZ02 | FZ04,Desktop 1363x936 đã mở; đây là AFTER test chưa chạy,PASS,PASS,PASS,PASS,PASS,PASS,PASS,PASS,PASS,evidence/after/render/THEORY-TCCN-ch1-390.png; implementation/visual-review.json; evidence/after/contact-sheets/_TCCN/sheet-009.png; evidence/after/contact-sheets/_TCCN/sheet-010.png; evidence/after/anchor/TCCN_anchor_390.png,Codex,2f6eadb67fd1d5e07e58f4684dab5812002458f2,"Measurements and explicit full-body image inspection PASS. Whole chapter/mode body inspected, including disclosures and both card faces. Later changes confined to the explicitly reviewed replacement components listed here."
THEORY-TCCN-ch1-768,THEORY,/TCCN,TAI_CHINH_CA_NHAN.html,ch1,Ch.1: Overview,Chương 1: Overview of Personal Finance,768,1024,G01 | G02 | G03 | G04 | G05 | G06 | G07 | G08 | G09 | T01 | T02 | T03 | T04 | T05 | FZ01 | FZ02 | FZ04,Desktop 1363x936 đã mở; đây là AFTER test chưa chạy,PASS,PASS,PASS,PASS,PASS,PASS,PASS,PASS,PASS,evidence/after/render/THEORY-TCCN-ch1-768.png; implementation/visual-review.json; evidence/after/contact-sheets/_TCCN/sheet-016.png; evidence/after/anchor/TCCN_anchor_768.png,Codex,2f6eadb67fd1d5e07e58f4684dab5812002458f2,"Measurements and explicit full-body image inspection PASS. Whole chapter/mode body inspected, including disclosures and both card faces. Later changes confined to the explicitly reviewed replacement components listed here."
THEORY-TCCN-ch1-1366,THEORY,/TCCN,TAI_CHINH_CA_NHAN.html,ch1,Ch.1: Overview,Chương 1: Overview of Personal Finance,1366,900,G01 | G02 | G03 | G04 | G05 | G06 | G07 | G08 | G09 | T01 | T02 | T03 | T04 | T05 | FZ01 | FZ02 | FZ04,Desktop 1363x936 đã mở; đây là AFTER test chưa chạy,PASS,PASS,PASS,PASS,PASS,PASS,PASS,PASS,PASS,evidence/after/render/THEORY-TCCN-ch1-1366.png; implementation/visual-review.json; evidence/after/contact-sheets/_TCCN/sheet-018.png; evidence/after/anchor/TCCN_anchor_1366.png,Codex,2f6eadb67fd1d5e07e58f4684dab5812002458f2,"Measurements and explicit full-body image inspection PASS. Whole chapter/mode body inspected, including disclosures and both card faces. Later changes confined to the explicitly reviewed replacement components listed here."
THEORY-TCCN-ch2-320,THEORY,/TCCN,TAI_CHINH_CA_NHAN.html,ch2,Ch.2: Career,Chương 2: Career Planning,320,740,G01 | G02 | G03 | G04 | G05 | G06 | G07 | G08 | G09 | T01 | T02 | T03 | T04 | T05 | FZ01 | FZ02 | FZ04,Desktop 1363x936 đã mở; đây là AFTER test chưa chạy,PASS,PASS,PASS,PASS,PASS,PASS,PASS,PASS,PASS,evidence/after/render/THEORY-TCCN-ch2-320.png; implementation/visual-review.json; evidence/after/contact-sheets/_TCCN/sheet-002.png; evidence/after/contact-sheets/_TCCN/sheet-003.png,Codex,2f6eadb67fd1d5e07e58f4684dab5812002458f2,"Measurements and explicit full-body image inspection PASS. Whole chapter/mode body inspected, including disclosures and both card faces. Accepted whole-body layout; route replacement survey used where applicable."
THEORY-TCCN-ch2-390,THEORY,/TCCN,TAI_CHINH_CA_NHAN.html,ch2,Ch.2: Career,Chương 2: Career Planning,390,844,G01 | G02 | G03 | G04 | G05 | G06 | G07 | G08 | G09 | T01 | T02 | T03 | T04 | T05 | FZ01 | FZ02 | FZ04,Desktop 1363x936 đã mở; đây là AFTER test chưa chạy,PASS,PASS,PASS,PASS,PASS,PASS,PASS,PASS,PASS,evidence/after/render/THEORY-TCCN-ch2-390.png; implementation/visual-review.json; evidence/after/contact-sheets/_TCCN/sheet-010.png; evidence/after/contact-sheets/_TCCN/sheet-011.png,Codex,2f6eadb67fd1d5e07e58f4684dab5812002458f2,"Measurements and explicit full-body image inspection PASS. Whole chapter/mode body inspected, including disclosures and both card faces. Accepted whole-body layout; route replacement survey used where applicable."
THEORY-TCCN-ch2-768,THEORY,/TCCN,TAI_CHINH_CA_NHAN.html,ch2,Ch.2: Career,Chương 2: Career Planning,768,1024,G01 | G02 | G03 | G04 | G05 | G06 | G07 | G08 | G09 | T01 | T02 | T03 | T04 | T05 | FZ01 | FZ02 | FZ04,Desktop 1363x936 đã mở; đây là AFTER test chưa chạy,PASS,PASS,PASS,PASS,PASS,PASS,PASS,PASS,PASS,evidence/after/render/THEORY-TCCN-ch2-768.png; implementation/visual-review.json; evidence/after/contact-sheets/_TCCN/sheet-016.png,Codex,2f6eadb67fd1d5e07e58f4684dab5812002458f2,"Measurements and explicit full-body image inspection PASS. Whole chapter/mode body inspected, including disclosures and both card faces. Accepted whole-body layout; route replacement survey used where applicable."
THEORY-TCCN-ch2-1366,THEORY,/TCCN,TAI_CHINH_CA_NHAN.html,ch2,Ch.2: Career,Chương 2: Career Planning,1366,900,G01 | G02 | G03 | G04 | G05 | G06 | G07 | G08 | G09 | T01 | T02 | T03 | T04 | T05 | FZ01 | FZ02 | FZ04,Desktop 1363x936 đã mở; đây là AFTER test chưa chạy,PASS,PASS,PASS,PASS,PASS,PASS,PASS,PASS,PASS,evidence/after/render/THEORY-TCCN-ch2-1366.png; implementation/visual-review.json; evidence/after/contact-sheets/_TCCN/sheet-018.png; evidence/after/contact-sheets/_TCCN/sheet-019.png,Codex,2f6eadb67fd1d5e07e58f4684dab5812002458f2,"Measurements and explicit full-body image inspection PASS. Whole chapter/mode body inspected, including disclosures and both card faces. Accepted whole-body layout; route replacement survey used where applicable."
THEORY-TCCN-ch3-320,THEORY,/TCCN,TAI_CHINH_CA_NHAN.html,ch3,Ch.3: Products,Chương 3: Financial Instruments and Banking Services,320,740,G01 | G02 | G03 | G04 | G05 | G06 | G07 | G08 | G09 | T01 | T02 | T03 | T04 | T05 | FZ01 | FZ02 | FZ04,Desktop 1363x936 đã mở; đây là AFTER test chưa chạy,PASS,PASS,PASS,PASS,PASS,PASS,PASS,PASS,PASS,evidence/after/render/THEORY-TCCN-ch3-320.png; implementation/visual-review.json; evidence/after/contact-sheets/_TCCN/sheet-003.png; evidence/after/contact-sheets/_TCCN/sheet-004.png,Codex,2f6eadb67fd1d5e07e58f4684dab5812002458f2,"Measurements and explicit full-body image inspection PASS. Whole chapter/mode body inspected, including disclosures and both card faces. Accepted whole-body layout; route replacement survey used where applicable."
THEORY-TCCN-ch3-390,THEORY,/TCCN,TAI_CHINH_CA_NHAN.html,ch3,Ch.3: Products,Chương 3: Financial Instruments and Banking Services,390,844,G01 | G02 | G03 | G04 | G05 | G06 | G07 | G08 | G09 | T01 | T02 | T03 | T04 | T05 | FZ01 | FZ02 | FZ04,Desktop 1363x936 đã mở; đây là AFTER test chưa chạy,PASS,PASS,PASS,PASS,PASS,PASS,PASS,PASS,PASS,evidence/after/render/THEORY-TCCN-ch3-390.png; implementation/visual-review.json; evidence/after/contact-sheets/_TCCN/sheet-011.png,Codex,2f6eadb67fd1d5e07e58f4684dab5812002458f2,"Measurements and explicit full-body image inspection PASS. Whole chapter/mode body inspected, including disclosures and both card faces. Accepted whole-body layout; route replacement survey used where applicable."
THEORY-TCCN-ch3-768,THEORY,/TCCN,TAI_CHINH_CA_NHAN.html,ch3,Ch.3: Products,Chương 3: Financial Instruments and Banking Services,768,1024,G01 | G02 | G03 | G04 | G05 | G06 | G07 | G08 | G09 | T01 | T02 | T03 | T04 | T05 | FZ01 | FZ02 | FZ04,Desktop 1363x936 đã mở; đây là AFTER test chưa chạy,PASS,PASS,PASS,PASS,PASS,PASS,PASS,PASS,PASS,evidence/after/render/THEORY-TCCN-ch3-768.png; implementation/visual-review.json; evidence/after/contact-sheets/_TCCN/sheet-016.png; evidence/after/contact-sheets/_TCCN/sheet-017.png,Codex,2f6eadb67fd1d5e07e58f4684dab5812002458f2,"Measurements and explicit full-body image inspection PASS. Whole chapter/mode body inspected, including disclosures and both card faces. Accepted whole-body layout; route replacement survey used where applicable."
THEORY-TCCN-ch3-1366,THEORY,/TCCN,TAI_CHINH_CA_NHAN.html,ch3,Ch.3: Products,Chương 3: Financial Instruments and Banking Services,1366,900,G01 | G02 | G03 | G04 | G05 | G06 | G07 | G08 | G09 | T01 | T02 | T03 | T04 | T05 | FZ01 | FZ02 | FZ04,Desktop 1363x936 đã mở; đây là AFTER test chưa chạy,PASS,PASS,PASS,PASS,PASS,PASS,PASS,PASS,PASS,evidence/after/render/THEORY-TCCN-ch3-1366.png; implementation/visual-review.json; evidence/after/contact-sheets/_TCCN/sheet-019.png,Codex,2f6eadb67fd1d5e07e58f4684dab5812002458f2,"Measurements and explicit full-body image inspection PASS. Whole chapter/mode body inspected, including disclosures and both card faces. Accepted whole-body layout; route replacement survey used where applicable."
THEORY-TCCN-ch4-320,THEORY,/TCCN,TAI_CHINH_CA_NHAN.html,ch4,Ch.4: Financial Health,Chương 4: Personal Financial Statement and Spending Action Plan,320,740,G01 | G02 | G03 | G04 | G05 | G06 | G07 | G08 | G09 | T01 | T02 | T03 | T04 | T05 | FZ01 | FZ02 | FZ04,Desktop 1363x936 đã mở; đây là AFTER test chưa chạy,PASS,PASS,PASS,PASS,PASS,PASS,PASS,PASS,PASS,evidence/after/render/THEORY-TCCN-ch4-320.png; implementation/visual-review.json; evidence/after/contact-sheets/_TCCN/sheet-004.png; evidence/after/contact-sheets/_TCCN/sheet-005.png; evidence/after/contact-sheets/_TCCN/sheet-006.png,Codex,2f6eadb67fd1d5e07e58f4684dab5812002458f2,"Measurements and explicit full-body image inspection PASS. Whole chapter/mode body inspected, including disclosures and both card faces. Accepted whole-body layout; route replacement survey used where applicable."
THEORY-TCCN-ch4-390,THEORY,/TCCN,TAI_CHINH_CA_NHAN.html,ch4,Ch.4: Financial Health,Chương 4: Personal Financial Statement and Spending Action Plan,390,844,G01 | G02 | G03 | G04 | G05 | G06 | G07 | G08 | G09 | T01 | T02 | T03 | T04 | T05 | FZ01 | FZ02 | FZ04,Desktop 1363x936 đã mở; đây là AFTER test chưa chạy,PASS,PASS,PASS,PASS,PASS,PASS,PASS,PASS,PASS,evidence/after/render/THEORY-TCCN-ch4-390.png; implementation/visual-review.json; evidence/after/contact-sheets/_TCCN/sheet-012.png; evidence/after/contact-sheets/_TCCN/sheet-013.png,Codex,2f6eadb67fd1d5e07e58f4684dab5812002458f2,"Measurements and explicit full-body image inspection PASS. Whole chapter/mode body inspected, including disclosures and both card faces. Accepted whole-body layout; route replacement survey used where applicable."
THEORY-TCCN-ch4-768,THEORY,/TCCN,TAI_CHINH_CA_NHAN.html,ch4,Ch.4: Financial Health,Chương 4: Personal Financial Statement and Spending Action Plan,768,1024,G01 | G02 | G03 | G04 | G05 | G06 | G07 | G08 | G09 | T01 | T02 | T03 | T04 | T05 | FZ01 | FZ02 | FZ04,Desktop 1363x936 đã mở; đây là AFTER test chưa chạy,PASS,PASS,PASS,PASS,PASS,PASS,PASS,PASS,PASS,evidence/after/render/THEORY-TCCN-ch4-768.png; implementation/visual-review.json; evidence/after/contact-sheets/_TCCN/sheet-017.png,Codex,2f6eadb67fd1d5e07e58f4684dab5812002458f2,"Measurements and explicit full-body image inspection PASS. Whole chapter/mode body inspected, including disclosures and both card faces. Accepted whole-body layout; route replacement survey used where applicable."
THEORY-TCCN-ch4-1366,THEORY,/TCCN,TAI_CHINH_CA_NHAN.html,ch4,Ch.4: Financial Health,Chương 4: Personal Financial Statement and Spending Action Plan,1366,900,G01 | G02 | G03 | G04 | G05 | G06 | G07 | G08 | G09 | T01 | T02 | T03 | T04 | T05 | FZ01 | FZ02 | FZ04,Desktop 1363x936 đã mở; đây là AFTER test chưa chạy,PASS,PASS,PASS,PASS,PASS,PASS,PASS,PASS,PASS,evidence/after/render/THEORY-TCCN-ch4-1366.png; implementation/visual-review.json; evidence/after/contact-sheets/_TCCN/sheet-019.png,Codex,2f6eadb67fd1d5e07e58f4684dab5812002458f2,"Measurements and explicit full-body image inspection PASS. Whole chapter/mode body inspected, including disclosures and both card faces. Accepted whole-body layout; route replacement survey used where applicable."
THEORY-TCCN-ch5-320,THEORY,/TCCN,TAI_CHINH_CA_NHAN.html,ch5,Ch.5: Protection,Chương 5: Personal Financial Protection Plan,320,740,G01 | G02 | G03 | G04 | G05 | G06 | G07 | G08 | G09 | T01 | T02 | T03 | T04 | T05 | FZ01 | FZ02 | FZ04,Desktop 1363x936 đã mở; đây là AFTER test chưa chạy,PASS,PASS,PASS,PASS,PASS,PASS,PASS,PASS,PASS,evidence/after/render/THEORY-TCCN-ch5-320.png; implementation/visual-review.json; evidence/after/contact-sheets/_TCCN/sheet-006.png; evidence/after/contact-sheets/_TCCN/sheet-007.png,Codex,2f6eadb67fd1d5e07e58f4684dab5812002458f2,"Measurements and explicit full-body image inspection PASS. Whole chapter/mode body inspected, including disclosures and both card faces. Accepted whole-body layout; route replacement survey used where applicable."
THEORY-TCCN-ch5-390,THEORY,/TCCN,TAI_CHINH_CA_NHAN.html,ch5,Ch.5: Protection,Chương 5: Personal Financial Protection Plan,390,844,G01 | G02 | G03 | G04 | G05 | G06 | G07 | G08 | G09 | T01 | T02 | T03 | T04 | T05 | FZ01 | FZ02 | FZ04,Desktop 1363x936 đã mở; đây là AFTER test chưa chạy,PASS,PASS,PASS,PASS,PASS,PASS,PASS,PASS,PASS,evidence/after/render/THEORY-TCCN-ch5-390.png; implementation/visual-review.json; evidence/after/contact-sheets/_TCCN/sheet-013.png; evidence/after/contact-sheets/_TCCN/sheet-014.png,Codex,2f6eadb67fd1d5e07e58f4684dab5812002458f2,"Measurements and explicit full-body image inspection PASS. Whole chapter/mode body inspected, including disclosures and both card faces. Accepted whole-body layout; route replacement survey used where applicable."
THEORY-TCCN-ch5-768,THEORY,/TCCN,TAI_CHINH_CA_NHAN.html,ch5,Ch.5: Protection,Chương 5: Personal Financial Protection Plan,768,1024,G01 | G02 | G03 | G04 | G05 | G06 | G07 | G08 | G09 | T01 | T02 | T03 | T04 | T05 | FZ01 | FZ02 | FZ04,Desktop 1363x936 đã mở; đây là AFTER test chưa chạy,PASS,PASS,PASS,PASS,PASS,PASS,PASS,PASS,PASS,evidence/after/render/THEORY-TCCN-ch5-768.png; implementation/visual-review.json; evidence/after/contact-sheets/_TCCN/sheet-017.png; evidence/after/contact-sheets/_TCCN/sheet-018.png,Codex,2f6eadb67fd1d5e07e58f4684dab5812002458f2,"Measurements and explicit full-body image inspection PASS. Whole chapter/mode body inspected, including disclosures and both card faces. Accepted whole-body layout; route replacement survey used where applicable."
THEORY-TCCN-ch5-1366,THEORY,/TCCN,TAI_CHINH_CA_NHAN.html,ch5,Ch.5: Protection,Chương 5: Personal Financial Protection Plan,1366,900,G01 | G02 | G03 | G04 | G05 | G06 | G07 | G08 | G09 | T01 | T02 | T03 | T04 | T05 | FZ01 | FZ02 | FZ04,Desktop 1363x936 đã mở; đây là AFTER test chưa chạy,PASS,PASS,PASS,PASS,PASS,PASS,PASS,PASS,PASS,evidence/after/render/THEORY-TCCN-ch5-1366.png; implementation/visual-review.json; evidence/after/contact-sheets/_TCCN/sheet-019.png,Codex,2f6eadb67fd1d5e07e58f4684dab5812002458f2,"Measurements and explicit full-body image inspection PASS. Whole chapter/mode body inspected, including disclosures and both card faces. Accepted whole-body layout; route replacement survey used where applicable."
THEORY-TCCN-ch6-320,THEORY,/TCCN,TAI_CHINH_CA_NHAN.html,ch6,Ch.6: Borrow & Repay,Chương 6: Personal Loan and Repayment,320,740,G01 | G02 | G03 | G04 | G05 | G06 | G07 | G08 | G09 | T01 | T02 | T03 | T04 | T05 | FZ01 | FZ02 | FZ04,Desktop 1363x936 đã mở; đây là AFTER test chưa chạy,PASS,PASS,PASS,PASS,PASS,PASS,PASS,PASS,PASS,evidence/after/render/THEORY-TCCN-ch6-320.png; implementation/visual-review.json; evidence/after/contact-sheets/_TCCN/sheet-007.png; evidence/after/contact-sheets/_TCCN/sheet-008.png; evidence/after/diagram-acceptance/credit-badges-320.png,Codex,2f6eadb67fd1d5e07e58f4684dab5812002458f2,"Measurements and explicit full-body image inspection PASS. Whole chapter/mode body inspected, including disclosures and both card faces. Later changes confined to the explicitly reviewed replacement components listed here."
THEORY-TCCN-ch6-390,THEORY,/TCCN,TAI_CHINH_CA_NHAN.html,ch6,Ch.6: Borrow & Repay,Chương 6: Personal Loan and Repayment,390,844,G01 | G02 | G03 | G04 | G05 | G06 | G07 | G08 | G09 | T01 | T02 | T03 | T04 | T05 | FZ01 | FZ02 | FZ04,Desktop 1363x936 đã mở; đây là AFTER test chưa chạy,PASS,PASS,PASS,PASS,PASS,PASS,PASS,PASS,PASS,evidence/after/render/THEORY-TCCN-ch6-390.png; implementation/visual-review.json; evidence/after/contact-sheets/_TCCN/sheet-014.png; evidence/after/contact-sheets/_TCCN/sheet-015.png; evidence/after/diagram-acceptance/credit-badges-390.png,Codex,2f6eadb67fd1d5e07e58f4684dab5812002458f2,"Measurements and explicit full-body image inspection PASS. Whole chapter/mode body inspected, including disclosures and both card faces. Later changes confined to the explicitly reviewed replacement components listed here."
THEORY-TCCN-ch6-768,THEORY,/TCCN,TAI_CHINH_CA_NHAN.html,ch6,Ch.6: Borrow & Repay,Chương 6: Personal Loan and Repayment,768,1024,G01 | G02 | G03 | G04 | G05 | G06 | G07 | G08 | G09 | T01 | T02 | T03 | T04 | T05 | FZ01 | FZ02 | FZ04,Desktop 1363x936 đã mở; đây là AFTER test chưa chạy,PASS,PASS,PASS,PASS,PASS,PASS,PASS,PASS,PASS,evidence/after/render/THEORY-TCCN-ch6-768.png; implementation/visual-review.json; evidence/after/contact-sheets/_TCCN/sheet-018.png; evidence/after/diagram-acceptance/credit-badges-768.png,Codex,2f6eadb67fd1d5e07e58f4684dab5812002458f2,"Measurements and explicit full-body image inspection PASS. Whole chapter/mode body inspected, including disclosures and both card faces. Later changes confined to the explicitly reviewed replacement components listed here."
THEORY-TCCN-ch6-1366,THEORY,/TCCN,TAI_CHINH_CA_NHAN.html,ch6,Ch.6: Borrow & Repay,Chương 6: Personal Loan and Repayment,1366,900,G01 | G02 | G03 | G04 | G05 | G06 | G07 | G08 | G09 | T01 | T02 | T03 | T04 | T05 | FZ01 | FZ02 | FZ04,Desktop 1363x936 đã mở; đây là AFTER test chưa chạy,PASS,PASS,PASS,PASS,PASS,PASS,PASS,PASS,PASS,evidence/after/render/THEORY-TCCN-ch6-1366.png; implementation/visual-review.json; evidence/after/contact-sheets/_TCCN/sheet-019.png; evidence/after/diagram-acceptance/credit-badges-1366.png,Codex,2f6eadb67fd1d5e07e58f4684dab5812002458f2,"Measurements and explicit full-body image inspection PASS. Whole chapter/mode body inspected, including disclosures and both card faces. Later changes confined to the explicitly reviewed replacement components listed here."
THEORY-TCCN-review-320,THEORY,/TCCN,TAI_CHINH_CA_NHAN.html,review,Review,Course Review Toolkit,320,740,G01 | G02 | G03 | G04 | G05 | G06 | G07 | G08 | G09 | T01 | T02 | T03 | T04 | T05 | FZ01 | FZ02 | FZ04,Desktop 1363x936 đã mở; đây là AFTER test chưa chạy,PASS,PASS,PASS,PASS,PASS,PASS,PASS,PASS,PASS,evidence/after/render/THEORY-TCCN-review-320.png; implementation/visual-review.json; evidence/after/contact-sheets/_TCCN/sheet-008.png; evidence/after/contact-sheets/_TCCN/sheet-009.png,Codex,2f6eadb67fd1d5e07e58f4684dab5812002458f2,"Measurements and explicit full-body image inspection PASS. Whole chapter/mode body inspected, including disclosures and both card faces. Accepted whole-body layout; route replacement survey used where applicable."
THEORY-TCCN-review-390,THEORY,/TCCN,TAI_CHINH_CA_NHAN.html,review,Review,Course Review Toolkit,390,844,G01 | G02 | G03 | G04 | G05 | G06 | G07 | G08 | G09 | T01 | T02 | T03 | T04 | T05 | FZ01 | FZ02 | FZ04,Desktop 1363x936 đã mở; đây là AFTER test chưa chạy,PASS,PASS,PASS,PASS,PASS,PASS,PASS,PASS,PASS,evidence/after/render/THEORY-TCCN-review-390.png; implementation/visual-review.json; evidence/after/contact-sheets/_TCCN/sheet-015.png; evidence/after/contact-sheets/_TCCN/sheet-016.png,Codex,2f6eadb67fd1d5e07e58f4684dab5812002458f2,"Measurements and explicit full-body image inspection PASS. Whole chapter/mode body inspected, including disclosures and both card faces. Accepted whole-body layout; route replacement survey used where applicable."
THEORY-TCCN-review-768,THEORY,/TCCN,TAI_CHINH_CA_NHAN.html,review,Review,Course Review Toolkit,768,1024,G01 | G02 | G03 | G04 | G05 | G06 | G07 | G08 | G09 | T01 | T02 | T03 | T04 | T05 | FZ01 | FZ02 | FZ04,Desktop 1363x936 đã mở; đây là AFTER test chưa chạy,PASS,PASS,PASS,PASS,PASS,PASS,PASS,PASS,PASS,evidence/after/render/THEORY-TCCN-review-768.png; implementation/visual-review.json; evidence/after/contact-sheets/_TCCN/sheet-018.png,Codex,2f6eadb67fd1d5e07e58f4684dab5812002458f2,"Measurements and explicit full-body image inspection PASS. Whole chapter/mode body inspected, including disclosures and both card faces. Accepted whole-body layout; route replacement survey used where applicable."
THEORY-TCCN-review-1366,THEORY,/TCCN,TAI_CHINH_CA_NHAN.html,review,Review,Course Review Toolkit,1366,900,G01 | G02 | G03 | G04 | G05 | G06 | G07 | G08 | G09 | T01 | T02 | T03 | T04 | T05 | FZ01 | FZ02 | FZ04,Desktop 1363x936 đã mở; đây là AFTER test chưa chạy,PASS,PASS,PASS,PASS,PASS,PASS,PASS,PASS,PASS,evidence/after/render/THEORY-TCCN-review-1366.png; implementation/visual-review.json; evidence/after/contact-sheets/_TCCN/sheet-019.png; evidence/after/contact-sheets/_TCCN/sheet-020.png,Codex,2f6eadb67fd1d5e07e58f4684dab5812002458f2,"Measurements and explicit full-body image inspection PASS. Whole chapter/mode body inspected, including disclosures and both card faces. Accepted whole-body layout; route replacement survey used where applicable."
THEORY-KTQT-ch1-320,THEORY,/KTQT,KINH_TE_QUOC_TE.html,ch1,Ch.1: Classical Trade,Chương 1: Classical Theories of International Trade,320,740,G01 | G02 | G03 | G04 | G05 | G06 | G07 | G08 | G09 | Q01 | Q02 | FZ01 | FZ02 | FZ04,Desktop 1363x936 đã mở; đây là AFTER test chưa chạy,PASS,PASS,PASS,PASS,PASS,PASS,PASS,PASS,PASS,evidence/after/render/THEORY-KTQT-ch1-320.png; implementation/visual-review.json; evidence/after/contact-sheets/sheet-036.png; evidence/after/contact-sheets/sheet-037.png,Codex,2f6eadb67fd1d5e07e58f4684dab5812002458f2,"Measurements and explicit full-body image inspection PASS. Whole chapter/mode body inspected, including disclosures and both card faces. Accepted whole-body layout; route replacement survey used where applicable."
THEORY-KTQT-ch1-390,THEORY,/KTQT,KINH_TE_QUOC_TE.html,ch1,Ch.1: Classical Trade,Chương 1: Classical Theories of International Trade,390,844,G01 | G02 | G03 | G04 | G05 | G06 | G07 | G08 | G09 | Q01 | Q02 | FZ01 | FZ02 | FZ04,Desktop 1363x936 đã mở; đây là AFTER test chưa chạy,PASS,PASS,PASS,PASS,PASS,PASS,PASS,PASS,PASS,evidence/after/render/THEORY-KTQT-ch1-390.png; implementation/visual-review.json; evidence/after/contact-sheets/sheet-037.png; evidence/after/contact-sheets/sheet-038.png,Codex,2f6eadb67fd1d5e07e58f4684dab5812002458f2,"Measurements and explicit full-body image inspection PASS. Whole chapter/mode body inspected, including disclosures and both card faces. Accepted whole-body layout; route replacement survey used where applicable."
THEORY-KTQT-ch1-768,THEORY,/KTQT,KINH_TE_QUOC_TE.html,ch1,Ch.1: Classical Trade,Chương 1: Classical Theories of International Trade,768,1024,G01 | G02 | G03 | G04 | G05 | G06 | G07 | G08 | G09 | Q01 | Q02 | FZ01 | FZ02 | FZ04,Desktop 1363x936 đã mở; đây là AFTER test chưa chạy,PASS,PASS,PASS,PASS,PASS,PASS,PASS,PASS,PASS,evidence/after/render/THEORY-KTQT-ch1-768.png; implementation/visual-review.json; evidence/after/contact-sheets/sheet-038.png,Codex,2f6eadb67fd1d5e07e58f4684dab5812002458f2,"Measurements and explicit full-body image inspection PASS. Whole chapter/mode body inspected, including disclosures and both card faces. Accepted whole-body layout; route replacement survey used where applicable."
THEORY-KTQT-ch1-1366,THEORY,/KTQT,KINH_TE_QUOC_TE.html,ch1,Ch.1: Classical Trade,Chương 1: Classical Theories of International Trade,1366,900,G01 | G02 | G03 | G04 | G05 | G06 | G07 | G08 | G09 | Q01 | Q02 | FZ01 | FZ02 | FZ04,Desktop 1363x936 đã mở; đây là AFTER test chưa chạy,PASS,PASS,PASS,PASS,PASS,PASS,PASS,PASS,PASS,evidence/after/render/THEORY-KTQT-ch1-1366.png; implementation/visual-review.json; evidence/after/contact-sheets/sheet-038.png,Codex,2f6eadb67fd1d5e07e58f4684dab5812002458f2,"Measurements and explicit full-body image inspection PASS. Whole chapter/mode body inspected, including disclosures and both card faces. Accepted whole-body layout; route replacement survey used where applicable."
THEORY-KTQT-ch2-320,THEORY,/KTQT,KINH_TE_QUOC_TE.html,ch2,Ch.2: Modern / Standard,Chương 2: Modern / Standard Theory of International Trade,320,740,G01 | G02 | G03 | G04 | G05 | G06 | G07 | G08 | G09 | Q01 | Q02 | FZ01 | FZ02 | FZ04,Desktop 1363x936 đã mở; đây là AFTER test chưa chạy,PASS,PASS,PASS,PASS,PASS,PASS,PASS,PASS,PASS,evidence/after/render/THEORY-KTQT-ch2-320.png; implementation/visual-review.json; evidence/after/contact-sheets/sheet-038.png; evidence/after/contact-sheets/sheet-039.png,Codex,2f6eadb67fd1d5e07e58f4684dab5812002458f2,"Measurements and explicit full-body image inspection PASS. Whole chapter/mode body inspected, including disclosures and both card faces. Accepted whole-body layout; route replacement survey used where applicable."
THEORY-KTQT-ch2-390,THEORY,/KTQT,KINH_TE_QUOC_TE.html,ch2,Ch.2: Modern / Standard,Chương 2: Modern / Standard Theory of International Trade,390,844,G01 | G02 | G03 | G04 | G05 | G06 | G07 | G08 | G09 | Q01 | Q02 | FZ01 | FZ02 | FZ04,Desktop 1363x936 đã mở; đây là AFTER test chưa chạy,PASS,PASS,PASS,PASS,PASS,PASS,PASS,PASS,PASS,evidence/after/render/THEORY-KTQT-ch2-390.png; implementation/visual-review.json; evidence/after/contact-sheets/sheet-039.png; evidence/after/contact-sheets/sheet-040.png,Codex,2f6eadb67fd1d5e07e58f4684dab5812002458f2,"Measurements and explicit full-body image inspection PASS. Whole chapter/mode body inspected, including disclosures and both card faces. Accepted whole-body layout; route replacement survey used where applicable."
THEORY-KTQT-ch2-768,THEORY,/KTQT,KINH_TE_QUOC_TE.html,ch2,Ch.2: Modern / Standard,Chương 2: Modern / Standard Theory of International Trade,768,1024,G01 | G02 | G03 | G04 | G05 | G06 | G07 | G08 | G09 | Q01 | Q02 | FZ01 | FZ02 | FZ04,Desktop 1363x936 đã mở; đây là AFTER test chưa chạy,PASS,PASS,PASS,PASS,PASS,PASS,PASS,PASS,PASS,evidence/after/render/THEORY-KTQT-ch2-768.png; implementation/visual-review.json; evidence/after/contact-sheets/sheet-040.png,Codex,2f6eadb67fd1d5e07e58f4684dab5812002458f2,"Measurements and explicit full-body image inspection PASS. Whole chapter/mode body inspected, including disclosures and both card faces. Accepted whole-body layout; route replacement survey used where applicable."
THEORY-KTQT-ch2-1366,THEORY,/KTQT,KINH_TE_QUOC_TE.html,ch2,Ch.2: Modern / Standard,Chương 2: Modern / Standard Theory of International Trade,1366,900,G01 | G02 | G03 | G04 | G05 | G06 | G07 | G08 | G09 | Q01 | Q02 | FZ01 | FZ02 | FZ04,Desktop 1363x936 đã mở; đây là AFTER test chưa chạy,PASS,PASS,PASS,PASS,PASS,PASS,PASS,PASS,PASS,evidence/after/render/THEORY-KTQT-ch2-1366.png; implementation/visual-review.json; evidence/after/contact-sheets/sheet-040.png,Codex,2f6eadb67fd1d5e07e58f4684dab5812002458f2,"Measurements and explicit full-body image inspection PASS. Whole chapter/mode body inspected, including disclosures and both card faces. Accepted whole-body layout; route replacement survey used where applicable."
THEORY-KTQT-ch3-320,THEORY,/KTQT,KINH_TE_QUOC_TE.html,ch3,Ch.3: Tariffs,Chương 3: International Trade Policy — Tariffs,320,740,G01 | G02 | G03 | G04 | G05 | G06 | G07 | G08 | G09 | Q01 | Q02 | FZ01 | FZ02 | FZ04,Desktop 1363x936 đã mở; đây là AFTER test chưa chạy,PASS,PASS,PASS,PASS,PASS,PASS,PASS,PASS,PASS,evidence/after/render/THEORY-KTQT-ch3-320.png; implementation/visual-review.json; evidence/after/contact-sheets/gradient-components/sheet-002.png; evidence/after/contact-sheets/gradient-components/sheet-003.png; evidence/after/diagram-acceptance/ERP-320.png,Codex,2f6eadb67fd1d5e07e58f4684dab5812002458f2,"Measurements and explicit full-body image inspection PASS. Whole chapter/mode body inspected, including disclosures and both card faces. Later changes confined to the explicitly reviewed replacement components listed here."
THEORY-KTQT-ch3-390,THEORY,/KTQT,KINH_TE_QUOC_TE.html,ch3,Ch.3: Tariffs,Chương 3: International Trade Policy — Tariffs,390,844,G01 | G02 | G03 | G04 | G05 | G06 | G07 | G08 | G09 | Q01 | Q02 | FZ01 | FZ02 | FZ04,Desktop 1363x936 đã mở; đây là AFTER test chưa chạy,PASS,PASS,PASS,PASS,PASS,PASS,PASS,PASS,PASS,evidence/after/render/THEORY-KTQT-ch3-390.png; implementation/visual-review.json; evidence/after/contact-sheets/gradient-components/sheet-003.png; evidence/after/diagram-acceptance/ERP-390.png,Codex,2f6eadb67fd1d5e07e58f4684dab5812002458f2,"Measurements and explicit full-body image inspection PASS. Whole chapter/mode body inspected, including disclosures and both card faces. Later changes confined to the explicitly reviewed replacement components listed here."
THEORY-KTQT-ch3-768,THEORY,/KTQT,KINH_TE_QUOC_TE.html,ch3,Ch.3: Tariffs,Chương 3: International Trade Policy — Tariffs,768,1024,G01 | G02 | G03 | G04 | G05 | G06 | G07 | G08 | G09 | Q01 | Q02 | FZ01 | FZ02 | FZ04,Desktop 1363x936 đã mở; đây là AFTER test chưa chạy,PASS,PASS,PASS,PASS,PASS,PASS,PASS,PASS,PASS,evidence/after/render/THEORY-KTQT-ch3-768.png; implementation/visual-review.json; evidence/after/contact-sheets/gradient-components/sheet-003.png; evidence/after/contact-sheets/gradient-components/sheet-004.png; evidence/after/diagram-acceptance/ERP-768.png,Codex,2f6eadb67fd1d5e07e58f4684dab5812002458f2,"Measurements and explicit full-body image inspection PASS. Whole chapter/mode body inspected, including disclosures and both card faces. Later changes confined to the explicitly reviewed replacement components listed here."
THEORY-KTQT-ch3-1366,THEORY,/KTQT,KINH_TE_QUOC_TE.html,ch3,Ch.3: Tariffs,Chương 3: International Trade Policy — Tariffs,1366,900,G01 | G02 | G03 | G04 | G05 | G06 | G07 | G08 | G09 | Q01 | Q02 | FZ01 | FZ02 | FZ04,Desktop 1363x936 đã mở; đây là AFTER test chưa chạy,PASS,PASS,PASS,PASS,PASS,PASS,PASS,PASS,PASS,evidence/after/render/THEORY-KTQT-ch3-1366.png; implementation/visual-review.json; evidence/after/contact-sheets/gradient-components/sheet-004.png; evidence/after/diagram-acceptance/ERP-1366.png,Codex,2f6eadb67fd1d5e07e58f4684dab5812002458f2,"Measurements and explicit full-body image inspection PASS. Whole chapter/mode body inspected, including disclosures and both card faces. Later changes confined to the explicitly reviewed replacement components listed here."
THEORY-KTQT-ch4-320,THEORY,/KTQT,KINH_TE_QUOC_TE.html,ch4,Ch.4: Non-Tariff,Chương 4: Non-Tariff Trade Barriers and the New Protectionism,320,740,G01 | G02 | G03 | G04 | G05 | G06 | G07 | G08 | G09 | Q01 | Q02 | FZ01 | FZ02 | FZ04,Desktop 1363x936 đã mở; đây là AFTER test chưa chạy,PASS,PASS,PASS,PASS,PASS,PASS,PASS,PASS,PASS,evidence/after/render/THEORY-KTQT-ch4-320.png; implementation/visual-review.json; evidence/after/contact-sheets/sheet-042.png; evidence/after/contact-sheets/sheet-043.png,Codex,2f6eadb67fd1d5e07e58f4684dab5812002458f2,"Measurements and explicit full-body image inspection PASS. Whole chapter/mode body inspected, including disclosures and both card faces. Accepted whole-body layout; route replacement survey used where applicable."
THEORY-KTQT-ch4-390,THEORY,/KTQT,KINH_TE_QUOC_TE.html,ch4,Ch.4: Non-Tariff,Chương 4: Non-Tariff Trade Barriers and the New Protectionism,390,844,G01 | G02 | G03 | G04 | G05 | G06 | G07 | G08 | G09 | Q01 | Q02 | FZ01 | FZ02 | FZ04,Desktop 1363x936 đã mở; đây là AFTER test chưa chạy,PASS,PASS,PASS,PASS,PASS,PASS,PASS,PASS,PASS,evidence/after/render/THEORY-KTQT-ch4-390.png; implementation/visual-review.json; evidence/after/contact-sheets/sheet-043.png,Codex,2f6eadb67fd1d5e07e58f4684dab5812002458f2,"Measurements and explicit full-body image inspection PASS. Whole chapter/mode body inspected, including disclosures and both card faces. Accepted whole-body layout; route replacement survey used where applicable."
THEORY-KTQT-ch4-768,THEORY,/KTQT,KINH_TE_QUOC_TE.html,ch4,Ch.4: Non-Tariff,Chương 4: Non-Tariff Trade Barriers and the New Protectionism,768,1024,G01 | G02 | G03 | G04 | G05 | G06 | G07 | G08 | G09 | Q01 | Q02 | FZ01 | FZ02 | FZ04,Desktop 1363x936 đã mở; đây là AFTER test chưa chạy,PASS,PASS,PASS,PASS,PASS,PASS,PASS,PASS,PASS,evidence/after/render/THEORY-KTQT-ch4-768.png; implementation/visual-review.json; evidence/after/contact-sheets/sheet-043.png; evidence/after/contact-sheets/sheet-044.png,Codex,2f6eadb67fd1d5e07e58f4684dab5812002458f2,"Measurements and explicit full-body image inspection PASS. Whole chapter/mode body inspected, including disclosures and both card faces. Accepted whole-body layout; route replacement survey used where applicable."
THEORY-KTQT-ch4-1366,THEORY,/KTQT,KINH_TE_QUOC_TE.html,ch4,Ch.4: Non-Tariff,Chương 4: Non-Tariff Trade Barriers and the New Protectionism,1366,900,G01 | G02 | G03 | G04 | G05 | G06 | G07 | G08 | G09 | Q01 | Q02 | FZ01 | FZ02 | FZ04,Desktop 1363x936 đã mở; đây là AFTER test chưa chạy,PASS,PASS,PASS,PASS,PASS,PASS,PASS,PASS,PASS,evidence/after/render/THEORY-KTQT-ch4-1366.png; implementation/visual-review.json; evidence/after/contact-sheets/sheet-044.png,Codex,2f6eadb67fd1d5e07e58f4684dab5812002458f2,"Measurements and explicit full-body image inspection PASS. Whole chapter/mode body inspected, including disclosures and both card faces. Accepted whole-body layout; route replacement survey used where applicable."
THEORY-KTQT-ch5-320,THEORY,/KTQT,KINH_TE_QUOC_TE.html,ch5,Ch.5: Resource Mobility,Chương 5: International Mobility of Resources,320,740,G01 | G02 | G03 | G04 | G05 | G06 | G07 | G08 | G09 | Q01 | Q02 | FZ01 | FZ02 | FZ04,Desktop 1363x936 đã mở; đây là AFTER test chưa chạy,PASS,PASS,PASS,PASS,PASS,PASS,PASS,PASS,PASS,evidence/after/render/THEORY-KTQT-ch5-320.png; implementation/visual-review.json; evidence/after/contact-sheets/sheet-044.png; evidence/after/contact-sheets/sheet-045.png,Codex,2f6eadb67fd1d5e07e58f4684dab5812002458f2,"Measurements and explicit full-body image inspection PASS. Whole chapter/mode body inspected, including disclosures and both card faces. Accepted whole-body layout; route replacement survey used where applicable."
THEORY-KTQT-ch5-390,THEORY,/KTQT,KINH_TE_QUOC_TE.html,ch5,Ch.5: Resource Mobility,Chương 5: International Mobility of Resources,390,844,G01 | G02 | G03 | G04 | G05 | G06 | G07 | G08 | G09 | Q01 | Q02 | FZ01 | FZ02 | FZ04,Desktop 1363x936 đã mở; đây là AFTER test chưa chạy,PASS,PASS,PASS,PASS,PASS,PASS,PASS,PASS,PASS,evidence/after/render/THEORY-KTQT-ch5-390.png; implementation/visual-review.json; evidence/after/contact-sheets/sheet-045.png,Codex,2f6eadb67fd1d5e07e58f4684dab5812002458f2,"Measurements and explicit full-body image inspection PASS. Whole chapter/mode body inspected, including disclosures and both card faces. Accepted whole-body layout; route replacement survey used where applicable."
THEORY-KTQT-ch5-768,THEORY,/KTQT,KINH_TE_QUOC_TE.html,ch5,Ch.5: Resource Mobility,Chương 5: International Mobility of Resources,768,1024,G01 | G02 | G03 | G04 | G05 | G06 | G07 | G08 | G09 | Q01 | Q02 | FZ01 | FZ02 | FZ04,Desktop 1363x936 đã mở; đây là AFTER test chưa chạy,PASS,PASS,PASS,PASS,PASS,PASS,PASS,PASS,PASS,evidence/after/render/THEORY-KTQT-ch5-768.png; implementation/visual-review.json; evidence/after/contact-sheets/sheet-045.png,Codex,2f6eadb67fd1d5e07e58f4684dab5812002458f2,"Measurements and explicit full-body image inspection PASS. Whole chapter/mode body inspected, including disclosures and both card faces. Accepted whole-body layout; route replacement survey used where applicable."
THEORY-KTQT-ch5-1366,THEORY,/KTQT,KINH_TE_QUOC_TE.html,ch5,Ch.5: Resource Mobility,Chương 5: International Mobility of Resources,1366,900,G01 | G02 | G03 | G04 | G05 | G06 | G07 | G08 | G09 | Q01 | Q02 | FZ01 | FZ02 | FZ04,Desktop 1363x936 đã mở; đây là AFTER test chưa chạy,PASS,PASS,PASS,PASS,PASS,PASS,PASS,PASS,PASS,evidence/after/render/THEORY-KTQT-ch5-1366.png; implementation/visual-review.json; evidence/after/contact-sheets/sheet-045.png,Codex,2f6eadb67fd1d5e07e58f4684dab5812002458f2,"Measurements and explicit full-body image inspection PASS. Whole chapter/mode body inspected, including disclosures and both card faces. Accepted whole-body layout; route replacement survey used where applicable."
THEORY-KTQT-ch6-320,THEORY,/KTQT,KINH_TE_QUOC_TE.html,ch6,Ch.6: Integration,Chương 6: International Economic Integration,320,740,G01 | G02 | G03 | G04 | G05 | G06 | G07 | G08 | G09 | Q01 | Q02 | FZ01 | FZ02 | FZ04,Desktop 1363x936 đã mở; đây là AFTER test chưa chạy,PASS,PASS,PASS,PASS,PASS,PASS,PASS,PASS,PASS,evidence/after/render/THEORY-KTQT-ch6-320.png; implementation/visual-review.json; evidence/after/contact-sheets/sheet-045.png; evidence/after/contact-sheets/sheet-046.png,Codex,2f6eadb67fd1d5e07e58f4684dab5812002458f2,"Measurements and explicit full-body image inspection PASS. Whole chapter/mode body inspected, including disclosures and both card faces. Accepted whole-body layout; route replacement survey used where applicable."
THEORY-KTQT-ch6-390,THEORY,/KTQT,KINH_TE_QUOC_TE.html,ch6,Ch.6: Integration,Chương 6: International Economic Integration,390,844,G01 | G02 | G03 | G04 | G05 | G06 | G07 | G08 | G09 | Q01 | Q02 | FZ01 | FZ02 | FZ04,Desktop 1363x936 đã mở; đây là AFTER test chưa chạy,PASS,PASS,PASS,PASS,PASS,PASS,PASS,PASS,PASS,evidence/after/render/THEORY-KTQT-ch6-390.png; implementation/visual-review.json; evidence/after/contact-sheets/sheet-046.png,Codex,2f6eadb67fd1d5e07e58f4684dab5812002458f2,"Measurements and explicit full-body image inspection PASS. Whole chapter/mode body inspected, including disclosures and both card faces. Accepted whole-body layout; route replacement survey used where applicable."
THEORY-KTQT-ch6-768,THEORY,/KTQT,KINH_TE_QUOC_TE.html,ch6,Ch.6: Integration,Chương 6: International Economic Integration,768,1024,G01 | G02 | G03 | G04 | G05 | G06 | G07 | G08 | G09 | Q01 | Q02 | FZ01 | FZ02 | FZ04,Desktop 1363x936 đã mở; đây là AFTER test chưa chạy,PASS,PASS,PASS,PASS,PASS,PASS,PASS,PASS,PASS,evidence/after/render/THEORY-KTQT-ch6-768.png; implementation/visual-review.json; evidence/after/contact-sheets/sheet-046.png,Codex,2f6eadb67fd1d5e07e58f4684dab5812002458f2,"Measurements and explicit full-body image inspection PASS. Whole chapter/mode body inspected, including disclosures and both card faces. Accepted whole-body layout; route replacement survey used where applicable."
THEORY-KTQT-ch6-1366,THEORY,/KTQT,KINH_TE_QUOC_TE.html,ch6,Ch.6: Integration,Chương 6: International Economic Integration,1366,900,G01 | G02 | G03 | G04 | G05 | G06 | G07 | G08 | G09 | Q01 | Q02 | FZ01 | FZ02 | FZ04,Desktop 1363x936 đã mở; đây là AFTER test chưa chạy,PASS,PASS,PASS,PASS,PASS,PASS,PASS,PASS,PASS,evidence/after/render/THEORY-KTQT-ch6-1366.png; implementation/visual-review.json; evidence/after/contact-sheets/sheet-047.png,Codex,2f6eadb67fd1d5e07e58f4684dab5812002458f2,"Measurements and explicit full-body image inspection PASS. Whole chapter/mode body inspected, including disclosures and both card faces. Accepted whole-body layout; route replacement survey used where applicable."
THEORY-KTQT-review-320,THEORY,/KTQT,KINH_TE_QUOC_TE.html,review,Review,Global Review: International Economics,320,740,G01 | G02 | G03 | G04 | G05 | G06 | G07 | G08 | G09 | Q01 | Q02 | FZ01 | FZ02 | FZ04,Desktop 1363x936 đã mở; đây là AFTER test chưa chạy,PASS,PASS,PASS,PASS,PASS,PASS,PASS,PASS,PASS,evidence/after/render/THEORY-KTQT-review-320.png; implementation/visual-review.json; evidence/after/contact-sheets/sheet-047.png,Codex,2f6eadb67fd1d5e07e58f4684dab5812002458f2,"Measurements and explicit full-body image inspection PASS. Whole chapter/mode body inspected, including disclosures and both card faces. Accepted whole-body layout; route replacement survey used where applicable."
THEORY-KTQT-review-390,THEORY,/KTQT,KINH_TE_QUOC_TE.html,review,Review,Global Review: International Economics,390,844,G01 | G02 | G03 | G04 | G05 | G06 | G07 | G08 | G09 | Q01 | Q02 | FZ01 | FZ02 | FZ04,Desktop 1363x936 đã mở; đây là AFTER test chưa chạy,PASS,PASS,PASS,PASS,PASS,PASS,PASS,PASS,PASS,evidence/after/render/THEORY-KTQT-review-390.png; implementation/visual-review.json; evidence/after/contact-sheets/sheet-048.png,Codex,2f6eadb67fd1d5e07e58f4684dab5812002458f2,"Measurements and explicit full-body image inspection PASS. Whole chapter/mode body inspected, including disclosures and both card faces. Accepted whole-body layout; route replacement survey used where applicable."
THEORY-KTQT-review-768,THEORY,/KTQT,KINH_TE_QUOC_TE.html,review,Review,Global Review: International Economics,768,1024,G01 | G02 | G03 | G04 | G05 | G06 | G07 | G08 | G09 | Q01 | Q02 | FZ01 | FZ02 | FZ04,Desktop 1363x936 đã mở; đây là AFTER test chưa chạy,PASS,PASS,PASS,PASS,PASS,PASS,PASS,PASS,PASS,evidence/after/render/THEORY-KTQT-review-768.png; implementation/visual-review.json; evidence/after/contact-sheets/sheet-048.png,Codex,2f6eadb67fd1d5e07e58f4684dab5812002458f2,"Measurements and explicit full-body image inspection PASS. Whole chapter/mode body inspected, including disclosures and both card faces. Accepted whole-body layout; route replacement survey used where applicable."
THEORY-KTQT-review-1366,THEORY,/KTQT,KINH_TE_QUOC_TE.html,review,Review,Global Review: International Economics,1366,900,G01 | G02 | G03 | G04 | G05 | G06 | G07 | G08 | G09 | Q01 | Q02 | FZ01 | FZ02 | FZ04,Desktop 1363x936 đã mở; đây là AFTER test chưa chạy,PASS,PASS,PASS,PASS,PASS,PASS,PASS,PASS,PASS,evidence/after/render/THEORY-KTQT-review-1366.png; implementation/visual-review.json; evidence/after/contact-sheets/sheet-048.png; evidence/after/contact-sheets/sheet-049.png,Codex,2f6eadb67fd1d5e07e58f4684dab5812002458f2,"Measurements and explicit full-body image inspection PASS. Whole chapter/mode body inspected, including disclosures and both card faces. Accepted whole-body layout; route replacement survey used where applicable."
THEORY-NMLH-ch1-320,THEORY,/NMLH,NhapMonLuatHoc.html,ch1,Ch.1: Nhà Nước,Chương 1: Những Vấn Đề Cơ Bản Về Nhà Nước,320,740,G01 | G02 | G03 | G04 | G05 | G06 | G07 | G08 | G09 | N01 | N02 | FZ01 | FZ02 | FZ04,Desktop 1363x936 đã mở; đây là AFTER test chưa chạy,PASS,PASS,PASS,PASS,PASS,PASS,PASS,PASS,PASS,evidence/after/render/THEORY-NMLH-ch1-320.png; implementation/visual-review.json; evidence/after/contact-sheets/sheet-049.png,Codex,2f6eadb67fd1d5e07e58f4684dab5812002458f2,"Measurements and explicit full-body image inspection PASS. Whole chapter/mode body inspected, including disclosures and both card faces. Accepted whole-body layout; route replacement survey used where applicable."
THEORY-NMLH-ch1-390,THEORY,/NMLH,NhapMonLuatHoc.html,ch1,Ch.1: Nhà Nước,Chương 1: Những Vấn Đề Cơ Bản Về Nhà Nước,390,844,G01 | G02 | G03 | G04 | G05 | G06 | G07 | G08 | G09 | N01 | N02 | FZ01 | FZ02 | FZ04,Desktop 1363x936 đã mở; đây là AFTER test chưa chạy,PASS,PASS,PASS,PASS,PASS,PASS,PASS,PASS,PASS,evidence/after/render/THEORY-NMLH-ch1-390.png; implementation/visual-review.json; evidence/after/contact-sheets/sheet-049.png,Codex,2f6eadb67fd1d5e07e58f4684dab5812002458f2,"Measurements and explicit full-body image inspection PASS. Whole chapter/mode body inspected, including disclosures and both card faces. Accepted whole-body layout; route replacement survey used where applicable."
THEORY-NMLH-ch1-768,THEORY,/NMLH,NhapMonLuatHoc.html,ch1,Ch.1: Nhà Nước,Chương 1: Những Vấn Đề Cơ Bản Về Nhà Nước,768,1024,G01 | G02 | G03 | G04 | G05 | G06 | G07 | G08 | G09 | N01 | N02 | FZ01 | FZ02 | FZ04,Desktop 1363x936 đã mở; đây là AFTER test chưa chạy,PASS,PASS,PASS,PASS,PASS,PASS,PASS,PASS,PASS,evidence/after/render/THEORY-NMLH-ch1-768.png; implementation/visual-review.json; evidence/after/contact-sheets/sheet-049.png,Codex,2f6eadb67fd1d5e07e58f4684dab5812002458f2,"Measurements and explicit full-body image inspection PASS. Whole chapter/mode body inspected, including disclosures and both card faces. Accepted whole-body layout; route replacement survey used where applicable."
THEORY-NMLH-ch1-1366,THEORY,/NMLH,NhapMonLuatHoc.html,ch1,Ch.1: Nhà Nước,Chương 1: Những Vấn Đề Cơ Bản Về Nhà Nước,1366,900,G01 | G02 | G03 | G04 | G05 | G06 | G07 | G08 | G09 | N01 | N02 | FZ01 | FZ02 | FZ04,Desktop 1363x936 đã mở; đây là AFTER test chưa chạy,PASS,PASS,PASS,PASS,PASS,PASS,PASS,PASS,PASS,evidence/after/render/THEORY-NMLH-ch1-1366.png; implementation/visual-review.json; evidence/after/contact-sheets/sheet-050.png,Codex,2f6eadb67fd1d5e07e58f4684dab5812002458f2,"Measurements and explicit full-body image inspection PASS. Whole chapter/mode body inspected, including disclosures and both card faces. Accepted whole-body layout; route replacement survey used where applicable."
THEORY-NMLH-ch2-320,THEORY,/NMLH,NhapMonLuatHoc.html,ch2,Ch.2: IGOs,Chương 2: Tổ Chức Liên Chính Phủ (IGOs),320,740,G01 | G02 | G03 | G04 | G05 | G06 | G07 | G08 | G09 | N01 | N02 | FZ01 | FZ02 | FZ04,Desktop 1363x936 đã mở; đây là AFTER test chưa chạy,PASS,PASS,PASS,PASS,PASS,PASS,PASS,PASS,PASS,evidence/after/render/THEORY-NMLH-ch2-320.png; implementation/visual-review.json; evidence/after/contact-sheets/sheet-050.png,Codex,2f6eadb67fd1d5e07e58f4684dab5812002458f2,"Measurements and explicit full-body image inspection PASS. Whole chapter/mode body inspected, including disclosures and both card faces. Accepted whole-body layout; route replacement survey used where applicable."
THEORY-NMLH-ch2-390,THEORY,/NMLH,NhapMonLuatHoc.html,ch2,Ch.2: IGOs,Chương 2: Tổ Chức Liên Chính Phủ (IGOs),390,844,G01 | G02 | G03 | G04 | G05 | G06 | G07 | G08 | G09 | N01 | N02 | FZ01 | FZ02 | FZ04,Desktop 1363x936 đã mở; đây là AFTER test chưa chạy,PASS,PASS,PASS,PASS,PASS,PASS,PASS,PASS,PASS,evidence/after/render/THEORY-NMLH-ch2-390.png; implementation/visual-review.json; evidence/after/contact-sheets/sheet-050.png,Codex,2f6eadb67fd1d5e07e58f4684dab5812002458f2,"Measurements and explicit full-body image inspection PASS. Whole chapter/mode body inspected, including disclosures and both card faces. Accepted whole-body layout; route replacement survey used where applicable."
THEORY-NMLH-ch2-768,THEORY,/NMLH,NhapMonLuatHoc.html,ch2,Ch.2: IGOs,Chương 2: Tổ Chức Liên Chính Phủ (IGOs),768,1024,G01 | G02 | G03 | G04 | G05 | G06 | G07 | G08 | G09 | N01 | N02 | FZ01 | FZ02 | FZ04,Desktop 1363x936 đã mở; đây là AFTER test chưa chạy,PASS,PASS,PASS,PASS,PASS,PASS,PASS,PASS,PASS,evidence/after/render/THEORY-NMLH-ch2-768.png; implementation/visual-review.json; evidence/after/contact-sheets/sheet-050.png,Codex,2f6eadb67fd1d5e07e58f4684dab5812002458f2,"Measurements and explicit full-body image inspection PASS. Whole chapter/mode body inspected, including disclosures and both card faces. Accepted whole-body layout; route replacement survey used where applicable."
THEORY-NMLH-ch2-1366,THEORY,/NMLH,NhapMonLuatHoc.html,ch2,Ch.2: IGOs,Chương 2: Tổ Chức Liên Chính Phủ (IGOs),1366,900,G01 | G02 | G03 | G04 | G05 | G06 | G07 | G08 | G09 | N01 | N02 | FZ01 | FZ02 | FZ04,Desktop 1363x936 đã mở; đây là AFTER test chưa chạy,PASS,PASS,PASS,PASS,PASS,PASS,PASS,PASS,PASS,evidence/after/render/THEORY-NMLH-ch2-1366.png; implementation/visual-review.json; evidence/after/contact-sheets/sheet-050.png,Codex,2f6eadb67fd1d5e07e58f4684dab5812002458f2,"Measurements and explicit full-body image inspection PASS. Whole chapter/mode body inspected, including disclosures and both card faces. Accepted whole-body layout; route replacement survey used where applicable."
THEORY-NMLH-ch3-320,THEORY,/NMLH,NhapMonLuatHoc.html,ch3,Ch.3: PL Chung,Chương 3: Những Vấn Đề Chung Về Pháp Luật,320,740,G01 | G02 | G03 | G04 | G05 | G06 | G07 | G08 | G09 | N01 | N02 | FZ01 | FZ02 | FZ04,Desktop 1363x936 đã mở; đây là AFTER test chưa chạy,PASS,PASS,PASS,PASS,PASS,PASS,PASS,PASS,PASS,evidence/after/render/THEORY-NMLH-ch3-320.png; implementation/visual-review.json; evidence/after/contact-sheets/sheet-050.png; evidence/after/contact-sheets/sheet-051.png,Codex,2f6eadb67fd1d5e07e58f4684dab5812002458f2,"Measurements and explicit full-body image inspection PASS. Whole chapter/mode body inspected, including disclosures and both card faces. Accepted whole-body layout; route replacement survey used where applicable."
THEORY-NMLH-ch3-390,THEORY,/NMLH,NhapMonLuatHoc.html,ch3,Ch.3: PL Chung,Chương 3: Những Vấn Đề Chung Về Pháp Luật,390,844,G01 | G02 | G03 | G04 | G05 | G06 | G07 | G08 | G09 | N01 | N02 | FZ01 | FZ02 | FZ04,Desktop 1363x936 đã mở; đây là AFTER test chưa chạy,PASS,PASS,PASS,PASS,PASS,PASS,PASS,PASS,PASS,evidence/after/render/THEORY-NMLH-ch3-390.png; implementation/visual-review.json; evidence/after/contact-sheets/sheet-051.png,Codex,2f6eadb67fd1d5e07e58f4684dab5812002458f2,"Measurements and explicit full-body image inspection PASS. Whole chapter/mode body inspected, including disclosures and both card faces. Accepted whole-body layout; route replacement survey used where applicable."
THEORY-NMLH-ch3-768,THEORY,/NMLH,NhapMonLuatHoc.html,ch3,Ch.3: PL Chung,Chương 3: Những Vấn Đề Chung Về Pháp Luật,768,1024,G01 | G02 | G03 | G04 | G05 | G06 | G07 | G08 | G09 | N01 | N02 | FZ01 | FZ02 | FZ04,Desktop 1363x936 đã mở; đây là AFTER test chưa chạy,PASS,PASS,PASS,PASS,PASS,PASS,PASS,PASS,PASS,evidence/after/render/THEORY-NMLH-ch3-768.png; implementation/visual-review.json; evidence/after/contact-sheets/sheet-051.png,Codex,2f6eadb67fd1d5e07e58f4684dab5812002458f2,"Measurements and explicit full-body image inspection PASS. Whole chapter/mode body inspected, including disclosures and both card faces. Accepted whole-body layout; route replacement survey used where applicable."
THEORY-NMLH-ch3-1366,THEORY,/NMLH,NhapMonLuatHoc.html,ch3,Ch.3: PL Chung,Chương 3: Những Vấn Đề Chung Về Pháp Luật,1366,900,G01 | G02 | G03 | G04 | G05 | G06 | G07 | G08 | G09 | N01 | N02 | FZ01 | FZ02 | FZ04,Desktop 1363x936 đã mở; đây là AFTER test chưa chạy,PASS,PASS,PASS,PASS,PASS,PASS,PASS,PASS,PASS,evidence/after/render/THEORY-NMLH-ch3-1366.png; implementation/visual-review.json; evidence/after/contact-sheets/sheet-051.png,Codex,2f6eadb67fd1d5e07e58f4684dab5812002458f2,"Measurements and explicit full-body image inspection PASS. Whole chapter/mode body inspected, including disclosures and both card faces. Accepted whole-body layout; route replacement survey used where applicable."
THEORY-NMLH-ch4-320,THEORY,/NMLH,NhapMonLuatHoc.html,ch4,Ch.4: QPPL,Chương 4: Quy Phạm Pháp Luật (Legal Norms),320,740,G01 | G02 | G03 | G04 | G05 | G06 | G07 | G08 | G09 | N01 | N02 | FZ01 | FZ02 | FZ04,Desktop 1363x936 đã mở; đây là AFTER test chưa chạy,PASS,PASS,PASS,PASS,PASS,PASS,PASS,PASS,PASS,evidence/after/render/THEORY-NMLH-ch4-320.png; implementation/visual-review.json; evidence/after/contact-sheets/sheet-051.png; evidence/after/contact-sheets/sheet-052.png,Codex,2f6eadb67fd1d5e07e58f4684dab5812002458f2,"Measurements and explicit full-body image inspection PASS. Whole chapter/mode body inspected, including disclosures and both card faces. Accepted whole-body layout; route replacement survey used where applicable."
THEORY-NMLH-ch4-390,THEORY,/NMLH,NhapMonLuatHoc.html,ch4,Ch.4: QPPL,Chương 4: Quy Phạm Pháp Luật (Legal Norms),390,844,G01 | G02 | G03 | G04 | G05 | G06 | G07 | G08 | G09 | N01 | N02 | FZ01 | FZ02 | FZ04,Desktop 1363x936 đã mở; đây là AFTER test chưa chạy,PASS,PASS,PASS,PASS,PASS,PASS,PASS,PASS,PASS,evidence/after/render/THEORY-NMLH-ch4-390.png; implementation/visual-review.json; evidence/after/contact-sheets/sheet-052.png,Codex,2f6eadb67fd1d5e07e58f4684dab5812002458f2,"Measurements and explicit full-body image inspection PASS. Whole chapter/mode body inspected, including disclosures and both card faces. Accepted whole-body layout; route replacement survey used where applicable."
THEORY-NMLH-ch4-768,THEORY,/NMLH,NhapMonLuatHoc.html,ch4,Ch.4: QPPL,Chương 4: Quy Phạm Pháp Luật (Legal Norms),768,1024,G01 | G02 | G03 | G04 | G05 | G06 | G07 | G08 | G09 | N01 | N02 | FZ01 | FZ02 | FZ04,Desktop 1363x936 đã mở; đây là AFTER test chưa chạy,PASS,PASS,PASS,PASS,PASS,PASS,PASS,PASS,PASS,evidence/after/render/THEORY-NMLH-ch4-768.png; implementation/visual-review.json; evidence/after/contact-sheets/sheet-052.png,Codex,2f6eadb67fd1d5e07e58f4684dab5812002458f2,"Measurements and explicit full-body image inspection PASS. Whole chapter/mode body inspected, including disclosures and both card faces. Accepted whole-body layout; route replacement survey used where applicable."
THEORY-NMLH-ch4-1366,THEORY,/NMLH,NhapMonLuatHoc.html,ch4,Ch.4: QPPL,Chương 4: Quy Phạm Pháp Luật (Legal Norms),1366,900,G01 | G02 | G03 | G04 | G05 | G06 | G07 | G08 | G09 | N01 | N02 | FZ01 | FZ02 | FZ04,Desktop 1363x936 đã mở; đây là AFTER test chưa chạy,PASS,PASS,PASS,PASS,PASS,PASS,PASS,PASS,PASS,evidence/after/render/THEORY-NMLH-ch4-1366.png; implementation/visual-review.json; evidence/after/contact-sheets/sheet-052.png,Codex,2f6eadb67fd1d5e07e58f4684dab5812002458f2,"Measurements and explicit full-body image inspection PASS. Whole chapter/mode body inspected, including disclosures and both card faces. Accepted whole-body layout; route replacement survey used where applicable."
THEORY-NMLH-ch5-320,THEORY,/NMLH,NhapMonLuatHoc.html,ch5,Ch.5: QH Pháp Luật,Chương 5: Quan Hệ Pháp Luật PREMIUM,320,740,G01 | G02 | G03 | G04 | G05 | G06 | G07 | G08 | G09 | N01 | N02 | FZ01 | FZ02 | FZ04,Desktop 1363x936 đã mở; đây là AFTER test chưa chạy,PASS,PASS,PASS,PASS,PASS,PASS,PASS,PASS,PASS,evidence/after/render/THEORY-NMLH-ch5-320.png; implementation/visual-review.json; evidence/after/contact-sheets/sheet-052.png,Codex,2f6eadb67fd1d5e07e58f4684dab5812002458f2,"Measurements and explicit full-body image inspection PASS. Whole chapter/mode body inspected, including disclosures and both card faces. Accepted whole-body layout; route replacement survey used where applicable."
THEORY-NMLH-ch5-390,THEORY,/NMLH,NhapMonLuatHoc.html,ch5,Ch.5: QH Pháp Luật,Chương 5: Quan Hệ Pháp Luật PREMIUM,390,844,G01 | G02 | G03 | G04 | G05 | G06 | G07 | G08 | G09 | N01 | N02 | FZ01 | FZ02 | FZ04,Desktop 1363x936 đã mở; đây là AFTER test chưa chạy,PASS,PASS,PASS,PASS,PASS,PASS,PASS,PASS,PASS,evidence/after/render/THEORY-NMLH-ch5-390.png; implementation/visual-review.json; evidence/after/contact-sheets/sheet-052.png; evidence/after/contact-sheets/sheet-053.png,Codex,2f6eadb67fd1d5e07e58f4684dab5812002458f2,"Measurements and explicit full-body image inspection PASS. Whole chapter/mode body inspected, including disclosures and both card faces. Accepted whole-body layout; route replacement survey used where applicable."
THEORY-NMLH-ch5-768,THEORY,/NMLH,NhapMonLuatHoc.html,ch5,Ch.5: QH Pháp Luật,Chương 5: Quan Hệ Pháp Luật PREMIUM,768,1024,G01 | G02 | G03 | G04 | G05 | G06 | G07 | G08 | G09 | N01 | N02 | FZ01 | FZ02 | FZ04,Desktop 1363x936 đã mở; đây là AFTER test chưa chạy,PASS,PASS,PASS,PASS,PASS,PASS,PASS,PASS,PASS,evidence/after/render/THEORY-NMLH-ch5-768.png; implementation/visual-review.json; evidence/after/contact-sheets/sheet-053.png,Codex,2f6eadb67fd1d5e07e58f4684dab5812002458f2,"Measurements and explicit full-body image inspection PASS. Whole chapter/mode body inspected, including disclosures and both card faces. Accepted whole-body layout; route replacement survey used where applicable."
THEORY-NMLH-ch5-1366,THEORY,/NMLH,NhapMonLuatHoc.html,ch5,Ch.5: QH Pháp Luật,Chương 5: Quan Hệ Pháp Luật PREMIUM,1366,900,G01 | G02 | G03 | G04 | G05 | G06 | G07 | G08 | G09 | N01 | N02 | FZ01 | FZ02 | FZ04,Desktop 1363x936 đã mở; đây là AFTER test chưa chạy,PASS,PASS,PASS,PASS,PASS,PASS,PASS,PASS,PASS,evidence/after/render/THEORY-NMLH-ch5-1366.png; implementation/visual-review.json; evidence/after/contact-sheets/sheet-053.png,Codex,2f6eadb67fd1d5e07e58f4684dab5812002458f2,"Measurements and explicit full-body image inspection PASS. Whole chapter/mode body inspected, including disclosures and both card faces. Accepted whole-body layout; route replacement survey used where applicable."
THEORY-NMLH-ch6-320,THEORY,/NMLH,NhapMonLuatHoc.html,ch6,Ch.6: Vi Phạm,Chương 6: Vi Phạm Pháp Luật & Trách Nhiệm Pháp Lý PREMIUM,320,740,G01 | G02 | G03 | G04 | G05 | G06 | G07 | G08 | G09 | N01 | N02 | FZ01 | FZ02 | FZ04,Desktop 1363x936 đã mở; đây là AFTER test chưa chạy,PASS,PASS,PASS,PASS,PASS,PASS,PASS,PASS,PASS,evidence/after/render/THEORY-NMLH-ch6-320.png; implementation/visual-review.json; evidence/after/contact-sheets/sheet-053.png,Codex,2f6eadb67fd1d5e07e58f4684dab5812002458f2,"Measurements and explicit full-body image inspection PASS. Whole chapter/mode body inspected, including disclosures and both card faces. Accepted whole-body layout; route replacement survey used where applicable."
THEORY-NMLH-ch6-390,THEORY,/NMLH,NhapMonLuatHoc.html,ch6,Ch.6: Vi Phạm,Chương 6: Vi Phạm Pháp Luật & Trách Nhiệm Pháp Lý PREMIUM,390,844,G01 | G02 | G03 | G04 | G05 | G06 | G07 | G08 | G09 | N01 | N02 | FZ01 | FZ02 | FZ04,Desktop 1363x936 đã mở; đây là AFTER test chưa chạy,PASS,PASS,PASS,PASS,PASS,PASS,PASS,PASS,PASS,evidence/after/render/THEORY-NMLH-ch6-390.png; implementation/visual-review.json; evidence/after/contact-sheets/sheet-053.png; evidence/after/contact-sheets/sheet-054.png,Codex,2f6eadb67fd1d5e07e58f4684dab5812002458f2,"Measurements and explicit full-body image inspection PASS. Whole chapter/mode body inspected, including disclosures and both card faces. Accepted whole-body layout; route replacement survey used where applicable."
THEORY-NMLH-ch6-768,THEORY,/NMLH,NhapMonLuatHoc.html,ch6,Ch.6: Vi Phạm,Chương 6: Vi Phạm Pháp Luật & Trách Nhiệm Pháp Lý PREMIUM,768,1024,G01 | G02 | G03 | G04 | G05 | G06 | G07 | G08 | G09 | N01 | N02 | FZ01 | FZ02 | FZ04,Desktop 1363x936 đã mở; đây là AFTER test chưa chạy,PASS,PASS,PASS,PASS,PASS,PASS,PASS,PASS,PASS,evidence/after/render/THEORY-NMLH-ch6-768.png; implementation/visual-review.json; evidence/after/contact-sheets/sheet-054.png,Codex,2f6eadb67fd1d5e07e58f4684dab5812002458f2,"Measurements and explicit full-body image inspection PASS. Whole chapter/mode body inspected, including disclosures and both card faces. Accepted whole-body layout; route replacement survey used where applicable."
THEORY-NMLH-ch6-1366,THEORY,/NMLH,NhapMonLuatHoc.html,ch6,Ch.6: Vi Phạm,Chương 6: Vi Phạm Pháp Luật & Trách Nhiệm Pháp Lý PREMIUM,1366,900,G01 | G02 | G03 | G04 | G05 | G06 | G07 | G08 | G09 | N01 | N02 | FZ01 | FZ02 | FZ04,Desktop 1363x936 đã mở; đây là AFTER test chưa chạy,PASS,PASS,PASS,PASS,PASS,PASS,PASS,PASS,PASS,evidence/after/render/THEORY-NMLH-ch6-1366.png; implementation/visual-review.json; evidence/after/contact-sheets/sheet-054.png,Codex,2f6eadb67fd1d5e07e58f4684dab5812002458f2,"Measurements and explicit full-body image inspection PASS. Whole chapter/mode body inspected, including disclosures and both card faces. Accepted whole-body layout; route replacement survey used where applicable."
THEORY-NMLH-ch7-320,THEORY,/NMLH,NhapMonLuatHoc.html,ch7,Ch.7: HTPL VN,Chương 7: Hệ Thống Pháp Luật Việt Nam PREMIUM,320,740,G01 | G02 | G03 | G04 | G05 | G06 | G07 | G08 | G09 | N01 | N02 | FZ01 | FZ02 | FZ04,Desktop 1363x936 đã mở; đây là AFTER test chưa chạy,PASS,PASS,PASS,PASS,PASS,PASS,PASS,PASS,PASS,evidence/after/render/THEORY-NMLH-ch7-320.png; implementation/visual-review.json; evidence/after/contact-sheets/sheet-054.png,Codex,2f6eadb67fd1d5e07e58f4684dab5812002458f2,"Measurements and explicit full-body image inspection PASS. Whole chapter/mode body inspected, including disclosures and both card faces. Accepted whole-body layout; route replacement survey used where applicable."
THEORY-NMLH-ch7-390,THEORY,/NMLH,NhapMonLuatHoc.html,ch7,Ch.7: HTPL VN,Chương 7: Hệ Thống Pháp Luật Việt Nam PREMIUM,390,844,G01 | G02 | G03 | G04 | G05 | G06 | G07 | G08 | G09 | N01 | N02 | FZ01 | FZ02 | FZ04,Desktop 1363x936 đã mở; đây là AFTER test chưa chạy,PASS,PASS,PASS,PASS,PASS,PASS,PASS,PASS,PASS,evidence/after/render/THEORY-NMLH-ch7-390.png; implementation/visual-review.json; evidence/after/contact-sheets/sheet-054.png,Codex,2f6eadb67fd1d5e07e58f4684dab5812002458f2,"Measurements and explicit full-body image inspection PASS. Whole chapter/mode body inspected, including disclosures and both card faces. Accepted whole-body layout; route replacement survey used where applicable."
THEORY-NMLH-ch7-768,THEORY,/NMLH,NhapMonLuatHoc.html,ch7,Ch.7: HTPL VN,Chương 7: Hệ Thống Pháp Luật Việt Nam PREMIUM,768,1024,G01 | G02 | G03 | G04 | G05 | G06 | G07 | G08 | G09 | N01 | N02 | FZ01 | FZ02 | FZ04,Desktop 1363x936 đã mở; đây là AFTER test chưa chạy,PASS,PASS,PASS,PASS,PASS,PASS,PASS,PASS,PASS,evidence/after/render/THEORY-NMLH-ch7-768.png; implementation/visual-review.json; evidence/after/contact-sheets/sheet-054.png,Codex,2f6eadb67fd1d5e07e58f4684dab5812002458f2,"Measurements and explicit full-body image inspection PASS. Whole chapter/mode body inspected, including disclosures and both card faces. Accepted whole-body layout; route replacement survey used where applicable."
THEORY-NMLH-ch7-1366,THEORY,/NMLH,NhapMonLuatHoc.html,ch7,Ch.7: HTPL VN,Chương 7: Hệ Thống Pháp Luật Việt Nam PREMIUM,1366,900,G01 | G02 | G03 | G04 | G05 | G06 | G07 | G08 | G09 | N01 | N02 | FZ01 | FZ02 | FZ04,Desktop 1363x936 đã mở; đây là AFTER test chưa chạy,PASS,PASS,PASS,PASS,PASS,PASS,PASS,PASS,PASS,evidence/after/render/THEORY-NMLH-ch7-1366.png; implementation/visual-review.json; evidence/after/contact-sheets/sheet-054.png,Codex,2f6eadb67fd1d5e07e58f4684dab5812002458f2,"Measurements and explicit full-body image inspection PASS. Whole chapter/mode body inspected, including disclosures and both card faces. Accepted whole-body layout; route replacement survey used where applicable."
THEORY-KTCTMLN-ch1-320,THEORY,/KTCTMLN,KinhTeChinhTriMacLeNin.html,ch1,Ch.1: Mở đầu,"Chương 1: Đối tượng, Phương pháp và Chức năng",320,740,G01 | G02 | G03 | G04 | G05 | G06 | G07 | G08 | G09 | K01 | K02 | FZ01 | FZ02 | FZ04,Desktop 1363x936 đã mở; đây là AFTER test chưa chạy,PASS,PASS,PASS,PASS,PASS,PASS,PASS,PASS,PASS,evidence/after/render/THEORY-KTCTMLN-ch1-320.png; implementation/visual-review.json; evidence/after/contact-sheets/sheet-055.png,Codex,2f6eadb67fd1d5e07e58f4684dab5812002458f2,"Measurements and explicit full-body image inspection PASS. Whole chapter/mode body inspected, including disclosures and both card faces. Accepted whole-body layout; route replacement survey used where applicable."
THEORY-KTCTMLN-ch1-390,THEORY,/KTCTMLN,KinhTeChinhTriMacLeNin.html,ch1,Ch.1: Mở đầu,"Chương 1: Đối tượng, Phương pháp và Chức năng",390,844,G01 | G02 | G03 | G04 | G05 | G06 | G07 | G08 | G09 | K01 | K02 | FZ01 | FZ02 | FZ04,Desktop 1363x936 đã mở; đây là AFTER test chưa chạy,PASS,PASS,PASS,PASS,PASS,PASS,PASS,PASS,PASS,evidence/after/render/THEORY-KTCTMLN-ch1-390.png; implementation/visual-review.json; evidence/after/contact-sheets/sheet-055.png,Codex,2f6eadb67fd1d5e07e58f4684dab5812002458f2,"Measurements and explicit full-body image inspection PASS. Whole chapter/mode body inspected, including disclosures and both card faces. Accepted whole-body layout; route replacement survey used where applicable."
THEORY-KTCTMLN-ch1-768,THEORY,/KTCTMLN,KinhTeChinhTriMacLeNin.html,ch1,Ch.1: Mở đầu,"Chương 1: Đối tượng, Phương pháp và Chức năng",768,1024,G01 | G02 | G03 | G04 | G05 | G06 | G07 | G08 | G09 | K01 | K02 | FZ01 | FZ02 | FZ04,Desktop 1363x936 đã mở; đây là AFTER test chưa chạy,PASS,PASS,PASS,PASS,PASS,PASS,PASS,PASS,PASS,evidence/after/render/THEORY-KTCTMLN-ch1-768.png; implementation/visual-review.json; evidence/after/contact-sheets/sheet-055.png,Codex,2f6eadb67fd1d5e07e58f4684dab5812002458f2,"Measurements and explicit full-body image inspection PASS. Whole chapter/mode body inspected, including disclosures and both card faces. Accepted whole-body layout; route replacement survey used where applicable."
THEORY-KTCTMLN-ch1-1366,THEORY,/KTCTMLN,KinhTeChinhTriMacLeNin.html,ch1,Ch.1: Mở đầu,"Chương 1: Đối tượng, Phương pháp và Chức năng",1366,900,G01 | G02 | G03 | G04 | G05 | G06 | G07 | G08 | G09 | K01 | K02 | FZ01 | FZ02 | FZ04,Desktop 1363x936 đã mở; đây là AFTER test chưa chạy,PASS,PASS,PASS,PASS,PASS,PASS,PASS,PASS,PASS,evidence/after/render/THEORY-KTCTMLN-ch1-1366.png; implementation/visual-review.json; evidence/after/contact-sheets/sheet-055.png,Codex,2f6eadb67fd1d5e07e58f4684dab5812002458f2,"Measurements and explicit full-body image inspection PASS. Whole chapter/mode body inspected, including disclosures and both card faces. Accepted whole-body layout; route replacement survey used where applicable."
THEORY-KTCTMLN-ch2-320,THEORY,/KTCTMLN,KinhTeChinhTriMacLeNin.html,ch2,Ch.2: Hàng hóa,"Chương 2: Hàng hóa, Thị trường và Các chủ thể",320,740,G01 | G02 | G03 | G04 | G05 | G06 | G07 | G08 | G09 | K01 | K02 | FZ01 | FZ02 | FZ04,Desktop 1363x936 đã mở; đây là AFTER test chưa chạy,PASS,PASS,PASS,PASS,PASS,PASS,PASS,PASS,PASS,evidence/after/render/THEORY-KTCTMLN-ch2-320.png; implementation/visual-review.json; evidence/after/contact-sheets/sheet-055.png,Codex,2f6eadb67fd1d5e07e58f4684dab5812002458f2,"Measurements and explicit full-body image inspection PASS. Whole chapter/mode body inspected, including disclosures and both card faces. Accepted whole-body layout; route replacement survey used where applicable."
THEORY-KTCTMLN-ch2-390,THEORY,/KTCTMLN,KinhTeChinhTriMacLeNin.html,ch2,Ch.2: Hàng hóa,"Chương 2: Hàng hóa, Thị trường và Các chủ thể",390,844,G01 | G02 | G03 | G04 | G05 | G06 | G07 | G08 | G09 | K01 | K02 | FZ01 | FZ02 | FZ04,Desktop 1363x936 đã mở; đây là AFTER test chưa chạy,PASS,PASS,PASS,PASS,PASS,PASS,PASS,PASS,PASS,evidence/after/render/THEORY-KTCTMLN-ch2-390.png; implementation/visual-review.json; evidence/after/contact-sheets/sheet-055.png; evidence/after/contact-sheets/sheet-056.png,Codex,2f6eadb67fd1d5e07e58f4684dab5812002458f2,"Measurements and explicit full-body image inspection PASS. Whole chapter/mode body inspected, including disclosures and both card faces. Accepted whole-body layout; route replacement survey used where applicable."
THEORY-KTCTMLN-ch2-768,THEORY,/KTCTMLN,KinhTeChinhTriMacLeNin.html,ch2,Ch.2: Hàng hóa,"Chương 2: Hàng hóa, Thị trường và Các chủ thể",768,1024,G01 | G02 | G03 | G04 | G05 | G06 | G07 | G08 | G09 | K01 | K02 | FZ01 | FZ02 | FZ04,Desktop 1363x936 đã mở; đây là AFTER test chưa chạy,PASS,PASS,PASS,PASS,PASS,PASS,PASS,PASS,PASS,evidence/after/render/THEORY-KTCTMLN-ch2-768.png; implementation/visual-review.json; evidence/after/contact-sheets/sheet-056.png,Codex,2f6eadb67fd1d5e07e58f4684dab5812002458f2,"Measurements and explicit full-body image inspection PASS. Whole chapter/mode body inspected, including disclosures and both card faces. Accepted whole-body layout; route replacement survey used where applicable."
THEORY-KTCTMLN-ch2-1366,THEORY,/KTCTMLN,KinhTeChinhTriMacLeNin.html,ch2,Ch.2: Hàng hóa,"Chương 2: Hàng hóa, Thị trường và Các chủ thể",1366,900,G01 | G02 | G03 | G04 | G05 | G06 | G07 | G08 | G09 | K01 | K02 | FZ01 | FZ02 | FZ04,Desktop 1363x936 đã mở; đây là AFTER test chưa chạy,PASS,PASS,PASS,PASS,PASS,PASS,PASS,PASS,PASS,evidence/after/render/THEORY-KTCTMLN-ch2-1366.png; implementation/visual-review.json; evidence/after/contact-sheets/sheet-056.png,Codex,2f6eadb67fd1d5e07e58f4684dab5812002458f2,"Measurements and explicit full-body image inspection PASS. Whole chapter/mode body inspected, including disclosures and both card faces. Accepted whole-body layout; route replacement survey used where applicable."
THEORY-KTCTMLN-ch3-320,THEORY,/KTCTMLN,KinhTeChinhTriMacLeNin.html,ch3,Ch.3: Giá trị thặng dư,Chương 3: Giá Trị Thặng Dư,320,740,G01 | G02 | G03 | G04 | G05 | G06 | G07 | G08 | G09 | K01 | K02 | FZ01 | FZ02 | FZ04,Desktop 1363x936 đã mở; đây là AFTER test chưa chạy,PASS,PASS,PASS,PASS,PASS,PASS,PASS,PASS,PASS,evidence/after/render/THEORY-KTCTMLN-ch3-320.png; implementation/visual-review.json; evidence/after/contact-sheets/sheet-056.png,Codex,2f6eadb67fd1d5e07e58f4684dab5812002458f2,"Measurements and explicit full-body image inspection PASS. Whole chapter/mode body inspected, including disclosures and both card faces. Accepted whole-body layout; route replacement survey used where applicable."
THEORY-KTCTMLN-ch3-390,THEORY,/KTCTMLN,KinhTeChinhTriMacLeNin.html,ch3,Ch.3: Giá trị thặng dư,Chương 3: Giá Trị Thặng Dư,390,844,G01 | G02 | G03 | G04 | G05 | G06 | G07 | G08 | G09 | K01 | K02 | FZ01 | FZ02 | FZ04,Desktop 1363x936 đã mở; đây là AFTER test chưa chạy,PASS,PASS,PASS,PASS,PASS,PASS,PASS,PASS,PASS,evidence/after/render/THEORY-KTCTMLN-ch3-390.png; implementation/visual-review.json; evidence/after/contact-sheets/sheet-056.png,Codex,2f6eadb67fd1d5e07e58f4684dab5812002458f2,"Measurements and explicit full-body image inspection PASS. Whole chapter/mode body inspected, including disclosures and both card faces. Accepted whole-body layout; route replacement survey used where applicable."
THEORY-KTCTMLN-ch3-768,THEORY,/KTCTMLN,KinhTeChinhTriMacLeNin.html,ch3,Ch.3: Giá trị thặng dư,Chương 3: Giá Trị Thặng Dư,768,1024,G01 | G02 | G03 | G04 | G05 | G06 | G07 | G08 | G09 | K01 | K02 | FZ01 | FZ02 | FZ04,Desktop 1363x936 đã mở; đây là AFTER test chưa chạy,PASS,PASS,PASS,PASS,PASS,PASS,PASS,PASS,PASS,evidence/after/render/THEORY-KTCTMLN-ch3-768.png; implementation/visual-review.json; evidence/after/contact-sheets/sheet-056.png,Codex,2f6eadb67fd1d5e07e58f4684dab5812002458f2,"Measurements and explicit full-body image inspection PASS. Whole chapter/mode body inspected, including disclosures and both card faces. Accepted whole-body layout; route replacement survey used where applicable."
THEORY-KTCTMLN-ch3-1366,THEORY,/KTCTMLN,KinhTeChinhTriMacLeNin.html,ch3,Ch.3: Giá trị thặng dư,Chương 3: Giá Trị Thặng Dư,1366,900,G01 | G02 | G03 | G04 | G05 | G06 | G07 | G08 | G09 | K01 | K02 | FZ01 | FZ02 | FZ04,Desktop 1363x936 đã mở; đây là AFTER test chưa chạy,PASS,PASS,PASS,PASS,PASS,PASS,PASS,PASS,PASS,evidence/after/render/THEORY-KTCTMLN-ch3-1366.png; implementation/visual-review.json; evidence/after/contact-sheets/sheet-056.png,Codex,2f6eadb67fd1d5e07e58f4684dab5812002458f2,"Measurements and explicit full-body image inspection PASS. Whole chapter/mode body inspected, including disclosures and both card faces. Accepted whole-body layout; route replacement survey used where applicable."
THEORY-KTCTMLN-ch4-320,THEORY,/KTCTMLN,KinhTeChinhTriMacLeNin.html,ch4,Ch.4: Độc quyền,"Chương 4: Cạnh Tranh & Độc Quyền
            PREMIUM",320,740,G01 | G02 | G03 | G04 | G05 | G06 | G07 | G08 | G09 | K01 | K02 | FZ01 | FZ02 | FZ04,Desktop 1363x936 đã mở; đây là AFTER test chưa chạy,PASS,PASS,PASS,PASS,PASS,PASS,PASS,PASS,PASS,evidence/after/render/THEORY-KTCTMLN-ch4-320.png; implementation/visual-review.json; evidence/after/contact-sheets/sheet-056.png; evidence/after/contact-sheets/sheet-057.png,Codex,2f6eadb67fd1d5e07e58f4684dab5812002458f2,"Measurements and explicit full-body image inspection PASS. Whole chapter/mode body inspected, including disclosures and both card faces. Accepted whole-body layout; route replacement survey used where applicable."
THEORY-KTCTMLN-ch4-390,THEORY,/KTCTMLN,KinhTeChinhTriMacLeNin.html,ch4,Ch.4: Độc quyền,"Chương 4: Cạnh Tranh & Độc Quyền
            PREMIUM",390,844,G01 | G02 | G03 | G04 | G05 | G06 | G07 | G08 | G09 | K01 | K02 | FZ01 | FZ02 | FZ04,Desktop 1363x936 đã mở; đây là AFTER test chưa chạy,PASS,PASS,PASS,PASS,PASS,PASS,PASS,PASS,PASS,evidence/after/render/THEORY-KTCTMLN-ch4-390.png; implementation/visual-review.json; evidence/after/contact-sheets/sheet-057.png,Codex,2f6eadb67fd1d5e07e58f4684dab5812002458f2,"Measurements and explicit full-body image inspection PASS. Whole chapter/mode body inspected, including disclosures and both card faces. Accepted whole-body layout; route replacement survey used where applicable."
THEORY-KTCTMLN-ch4-768,THEORY,/KTCTMLN,KinhTeChinhTriMacLeNin.html,ch4,Ch.4: Độc quyền,"Chương 4: Cạnh Tranh & Độc Quyền
            PREMIUM",768,1024,G01 | G02 | G03 | G04 | G05 | G06 | G07 | G08 | G09 | K01 | K02 | FZ01 | FZ02 | FZ04,Desktop 1363x936 đã mở; đây là AFTER test chưa chạy,PASS,PASS,PASS,PASS,PASS,PASS,PASS,PASS,PASS,evidence/after/render/THEORY-KTCTMLN-ch4-768.png; implementation/visual-review.json; evidence/after/contact-sheets/sheet-057.png,Codex,2f6eadb67fd1d5e07e58f4684dab5812002458f2,"Measurements and explicit full-body image inspection PASS. Whole chapter/mode body inspected, including disclosures and both card faces. Accepted whole-body layout; route replacement survey used where applicable."
THEORY-KTCTMLN-ch4-1366,THEORY,/KTCTMLN,KinhTeChinhTriMacLeNin.html,ch4,Ch.4: Độc quyền,"Chương 4: Cạnh Tranh & Độc Quyền
            PREMIUM",1366,900,G01 | G02 | G03 | G04 | G05 | G06 | G07 | G08 | G09 | K01 | K02 | FZ01 | FZ02 | FZ04,Desktop 1363x936 đã mở; đây là AFTER test chưa chạy,PASS,PASS,PASS,PASS,PASS,PASS,PASS,PASS,PASS,evidence/after/render/THEORY-KTCTMLN-ch4-1366.png; implementation/visual-review.json; evidence/after/contact-sheets/sheet-057.png,Codex,2f6eadb67fd1d5e07e58f4684dab5812002458f2,"Measurements and explicit full-body image inspection PASS. Whole chapter/mode body inspected, including disclosures and both card faces. Accepted whole-body layout; route replacement survey used where applicable."
THEORY-KTCTMLN-ch5-320,THEORY,/KTCTMLN,KinhTeChinhTriMacLeNin.html,ch5,Ch.5: KTTT ĐHXHCN,"Chương 5: KTTT Định Hướng XHCN
        PREMIUM",320,740,G01 | G02 | G03 | G04 | G05 | G06 | G07 | G08 | G09 | K01 | K02 | FZ01 | FZ02 | FZ04,Desktop 1363x936 đã mở; đây là AFTER test chưa chạy,PASS,PASS,PASS,PASS,PASS,PASS,PASS,PASS,PASS,evidence/after/render/THEORY-KTCTMLN-ch5-320.png; implementation/visual-review.json; evidence/after/contact-sheets/sheet-057.png,Codex,2f6eadb67fd1d5e07e58f4684dab5812002458f2,"Measurements and explicit full-body image inspection PASS. Whole chapter/mode body inspected, including disclosures and both card faces. Accepted whole-body layout; route replacement survey used where applicable."
THEORY-KTCTMLN-ch5-390,THEORY,/KTCTMLN,KinhTeChinhTriMacLeNin.html,ch5,Ch.5: KTTT ĐHXHCN,"Chương 5: KTTT Định Hướng XHCN
        PREMIUM",390,844,G01 | G02 | G03 | G04 | G05 | G06 | G07 | G08 | G09 | K01 | K02 | FZ01 | FZ02 | FZ04,Desktop 1363x936 đã mở; đây là AFTER test chưa chạy,PASS,PASS,PASS,PASS,PASS,PASS,PASS,PASS,PASS,evidence/after/render/THEORY-KTCTMLN-ch5-390.png; implementation/visual-review.json; evidence/after/contact-sheets/sheet-057.png,Codex,2f6eadb67fd1d5e07e58f4684dab5812002458f2,"Measurements and explicit full-body image inspection PASS. Whole chapter/mode body inspected, including disclosures and both card faces. Accepted whole-body layout; route replacement survey used where applicable."
THEORY-KTCTMLN-ch5-768,THEORY,/KTCTMLN,KinhTeChinhTriMacLeNin.html,ch5,Ch.5: KTTT ĐHXHCN,"Chương 5: KTTT Định Hướng XHCN
        PREMIUM",768,1024,G01 | G02 | G03 | G04 | G05 | G06 | G07 | G08 | G09 | K01 | K02 | FZ01 | FZ02 | FZ04,Desktop 1363x936 đã mở; đây là AFTER test chưa chạy,PASS,PASS,PASS,PASS,PASS,PASS,PASS,PASS,PASS,evidence/after/render/THEORY-KTCTMLN-ch5-768.png; implementation/visual-review.json; evidence/after/contact-sheets/sheet-057.png,Codex,2f6eadb67fd1d5e07e58f4684dab5812002458f2,"Measurements and explicit full-body image inspection PASS. Whole chapter/mode body inspected, including disclosures and both card faces. Accepted whole-body layout; route replacement survey used where applicable."
THEORY-KTCTMLN-ch5-1366,THEORY,/KTCTMLN,KinhTeChinhTriMacLeNin.html,ch5,Ch.5: KTTT ĐHXHCN,"Chương 5: KTTT Định Hướng XHCN
        PREMIUM",1366,900,G01 | G02 | G03 | G04 | G05 | G06 | G07 | G08 | G09 | K01 | K02 | FZ01 | FZ02 | FZ04,Desktop 1363x936 đã mở; đây là AFTER test chưa chạy,PASS,PASS,PASS,PASS,PASS,PASS,PASS,PASS,PASS,evidence/after/render/THEORY-KTCTMLN-ch5-1366.png; implementation/visual-review.json; evidence/after/contact-sheets/sheet-057.png,Codex,2f6eadb67fd1d5e07e58f4684dab5812002458f2,"Measurements and explicit full-body image inspection PASS. Whole chapter/mode body inspected, including disclosures and both card faces. Accepted whole-body layout; route replacement survey used where applicable."
THEORY-KTCTMLN-ch6-320,THEORY,/KTCTMLN,KinhTeChinhTriMacLeNin.html,ch6,"Ch.6: CNH, HĐH","Chương 6: CNH, HĐH & Hội Nhập
        PREMIUM",320,740,G01 | G02 | G03 | G04 | G05 | G06 | G07 | G08 | G09 | K01 | K02 | FZ01 | FZ02 | FZ04,Desktop 1363x936 đã mở; đây là AFTER test chưa chạy,PASS,PASS,PASS,PASS,PASS,PASS,PASS,PASS,PASS,evidence/after/render/THEORY-KTCTMLN-ch6-320.png; implementation/visual-review.json; evidence/after/contact-sheets/sheet-058.png,Codex,2f6eadb67fd1d5e07e58f4684dab5812002458f2,"Measurements and explicit full-body image inspection PASS. Whole chapter/mode body inspected, including disclosures and both card faces. Accepted whole-body layout; route replacement survey used where applicable."
THEORY-KTCTMLN-ch6-390,THEORY,/KTCTMLN,KinhTeChinhTriMacLeNin.html,ch6,"Ch.6: CNH, HĐH","Chương 6: CNH, HĐH & Hội Nhập
        PREMIUM",390,844,G01 | G02 | G03 | G04 | G05 | G06 | G07 | G08 | G09 | K01 | K02 | FZ01 | FZ02 | FZ04,Desktop 1363x936 đã mở; đây là AFTER test chưa chạy,PASS,PASS,PASS,PASS,PASS,PASS,PASS,PASS,PASS,evidence/after/render/THEORY-KTCTMLN-ch6-390.png; implementation/visual-review.json; evidence/after/contact-sheets/sheet-058.png,Codex,2f6eadb67fd1d5e07e58f4684dab5812002458f2,"Measurements and explicit full-body image inspection PASS. Whole chapter/mode body inspected, including disclosures and both card faces. Accepted whole-body layout; route replacement survey used where applicable."
THEORY-KTCTMLN-ch6-768,THEORY,/KTCTMLN,KinhTeChinhTriMacLeNin.html,ch6,"Ch.6: CNH, HĐH","Chương 6: CNH, HĐH & Hội Nhập
        PREMIUM",768,1024,G01 | G02 | G03 | G04 | G05 | G06 | G07 | G08 | G09 | K01 | K02 | FZ01 | FZ02 | FZ04,Desktop 1363x936 đã mở; đây là AFTER test chưa chạy,PASS,PASS,PASS,PASS,PASS,PASS,PASS,PASS,PASS,evidence/after/render/THEORY-KTCTMLN-ch6-768.png; implementation/visual-review.json; evidence/after/contact-sheets/sheet-058.png,Codex,2f6eadb67fd1d5e07e58f4684dab5812002458f2,"Measurements and explicit full-body image inspection PASS. Whole chapter/mode body inspected, including disclosures and both card faces. Accepted whole-body layout; route replacement survey used where applicable."
THEORY-KTCTMLN-ch6-1366,THEORY,/KTCTMLN,KinhTeChinhTriMacLeNin.html,ch6,"Ch.6: CNH, HĐH","Chương 6: CNH, HĐH & Hội Nhập
        PREMIUM",1366,900,G01 | G02 | G03 | G04 | G05 | G06 | G07 | G08 | G09 | K01 | K02 | FZ01 | FZ02 | FZ04,Desktop 1363x936 đã mở; đây là AFTER test chưa chạy,PASS,PASS,PASS,PASS,PASS,PASS,PASS,PASS,PASS,evidence/after/render/THEORY-KTCTMLN-ch6-1366.png; implementation/visual-review.json; evidence/after/contact-sheets/sheet-058.png,Codex,2f6eadb67fd1d5e07e58f4684dab5812002458f2,"Measurements and explicit full-body image inspection PASS. Whole chapter/mode body inspected, including disclosures and both card faces. Accepted whole-body layout; route replacement survey used where applicable."
THEORY-NLTTTC-ch1-320,THEORY,/NLTTTC,NGUYEN_LY_THI_TRUONG_TAI_CHINH.html,ch1,Ch.1: Money & Finance,Chương 1: An Overview of Money and Finance,320,740,G01 | G02 | G03 | G04 | G05 | G06 | G07 | G08 | G09 | B01 | B02 | B03 | B04 | B05 | FZ01 | FZ02 | FZ04,Desktop 1363x936 đã mở; đây là AFTER test chưa chạy,PASS,PASS,PASS,PASS,PASS,PASS,PASS,PASS,PASS,evidence/after/render/THEORY-NLTTTC-ch1-320.png; implementation/visual-review.json; evidence/after/contact-sheets/sheet-058.png; evidence/after/contact-sheets/sheet-059.png,Codex,2f6eadb67fd1d5e07e58f4684dab5812002458f2,"Measurements and explicit full-body image inspection PASS. Whole chapter/mode body inspected, including disclosures and both card faces. Accepted whole-body layout; route replacement survey used where applicable."
THEORY-NLTTTC-ch1-390,THEORY,/NLTTTC,NGUYEN_LY_THI_TRUONG_TAI_CHINH.html,ch1,Ch.1: Money & Finance,Chương 1: An Overview of Money and Finance,390,844,G01 | G02 | G03 | G04 | G05 | G06 | G07 | G08 | G09 | B01 | B02 | B03 | B04 | B05 | FZ01 | FZ02 | FZ04,Desktop 1363x936 đã mở; đây là AFTER test chưa chạy,PASS,PASS,PASS,PASS,PASS,PASS,PASS,PASS,PASS,evidence/after/render/THEORY-NLTTTC-ch1-390.png; implementation/visual-review.json; evidence/after/contact-sheets/sheet-059.png; evidence/after/contact-sheets/sheet-060.png,Codex,2f6eadb67fd1d5e07e58f4684dab5812002458f2,"Measurements and explicit full-body image inspection PASS. Whole chapter/mode body inspected, including disclosures and both card faces. Accepted whole-body layout; route replacement survey used where applicable."
THEORY-NLTTTC-ch1-768,THEORY,/NLTTTC,NGUYEN_LY_THI_TRUONG_TAI_CHINH.html,ch1,Ch.1: Money & Finance,Chương 1: An Overview of Money and Finance,768,1024,G01 | G02 | G03 | G04 | G05 | G06 | G07 | G08 | G09 | B01 | B02 | B03 | B04 | B05 | FZ01 | FZ02 | FZ04,Desktop 1363x936 đã mở; đây là AFTER test chưa chạy,PASS,PASS,PASS,PASS,PASS,PASS,PASS,PASS,PASS,evidence/after/render/THEORY-NLTTTC-ch1-768.png; implementation/visual-review.json; evidence/after/contact-sheets/sheet-060.png,Codex,2f6eadb67fd1d5e07e58f4684dab5812002458f2,"Measurements and explicit full-body image inspection PASS. Whole chapter/mode body inspected, including disclosures and both card faces. Accepted whole-body layout; route replacement survey used where applicable."
THEORY-NLTTTC-ch1-1366,THEORY,/NLTTTC,NGUYEN_LY_THI_TRUONG_TAI_CHINH.html,ch1,Ch.1: Money & Finance,Chương 1: An Overview of Money and Finance,1366,900,G01 | G02 | G03 | G04 | G05 | G06 | G07 | G08 | G09 | B01 | B02 | B03 | B04 | B05 | FZ01 | FZ02 | FZ04,Desktop 1363x936 đã mở; đây là AFTER test chưa chạy,PASS,PASS,PASS,PASS,PASS,PASS,PASS,PASS,PASS,evidence/after/render/THEORY-NLTTTC-ch1-1366.png; implementation/visual-review.json; evidence/after/contact-sheets/sheet-060.png,Codex,2f6eadb67fd1d5e07e58f4684dab5812002458f2,"Measurements and explicit full-body image inspection PASS. Whole chapter/mode body inspected, including disclosures and both card faces. Accepted whole-body layout; route replacement survey used where applicable."
THEORY-NLTTTC-ch2-320,THEORY,/NLTTTC,NGUYEN_LY_THI_TRUONG_TAI_CHINH.html,ch2,Ch.2: Financial Markets,Chương 2: Overview of Financial Markets,320,740,G01 | G02 | G03 | G04 | G05 | G06 | G07 | G08 | G09 | B01 | B02 | B03 | B04 | B05 | FZ01 | FZ02 | FZ04,Desktop 1363x936 đã mở; đây là AFTER test chưa chạy,PASS,PASS,PASS,PASS,PASS,PASS,PASS,PASS,PASS,evidence/after/render/THEORY-NLTTTC-ch2-320.png; implementation/visual-review.json; evidence/after/contact-sheets/sheet-060.png; evidence/after/contact-sheets/sheet-061.png; evidence/after/contact-sheets/sheet-062.png,Codex,2f6eadb67fd1d5e07e58f4684dab5812002458f2,"Measurements and explicit full-body image inspection PASS. Whole chapter/mode body inspected, including disclosures and both card faces. Accepted whole-body layout; route replacement survey used where applicable."
THEORY-NLTTTC-ch2-390,THEORY,/NLTTTC,NGUYEN_LY_THI_TRUONG_TAI_CHINH.html,ch2,Ch.2: Financial Markets,Chương 2: Overview of Financial Markets,390,844,G01 | G02 | G03 | G04 | G05 | G06 | G07 | G08 | G09 | B01 | B02 | B03 | B04 | B05 | FZ01 | FZ02 | FZ04,Desktop 1363x936 đã mở; đây là AFTER test chưa chạy,PASS,PASS,PASS,PASS,PASS,PASS,PASS,PASS,PASS,evidence/after/render/THEORY-NLTTTC-ch2-390.png; implementation/visual-review.json; evidence/after/contact-sheets/sheet-062.png,Codex,2f6eadb67fd1d5e07e58f4684dab5812002458f2,"Measurements and explicit full-body image inspection PASS. Whole chapter/mode body inspected, including disclosures and both card faces. Accepted whole-body layout; route replacement survey used where applicable."
THEORY-NLTTTC-ch2-768,THEORY,/NLTTTC,NGUYEN_LY_THI_TRUONG_TAI_CHINH.html,ch2,Ch.2: Financial Markets,Chương 2: Overview of Financial Markets,768,1024,G01 | G02 | G03 | G04 | G05 | G06 | G07 | G08 | G09 | B01 | B02 | B03 | B04 | B05 | FZ01 | FZ02 | FZ04,Desktop 1363x936 đã mở; đây là AFTER test chưa chạy,PASS,PASS,PASS,PASS,PASS,PASS,PASS,PASS,PASS,evidence/after/render/THEORY-NLTTTC-ch2-768.png; implementation/visual-review.json; evidence/after/contact-sheets/sheet-063.png,Codex,2f6eadb67fd1d5e07e58f4684dab5812002458f2,"Measurements and explicit full-body image inspection PASS. Whole chapter/mode body inspected, including disclosures and both card faces. Accepted whole-body layout; route replacement survey used where applicable."
THEORY-NLTTTC-ch2-1366,THEORY,/NLTTTC,NGUYEN_LY_THI_TRUONG_TAI_CHINH.html,ch2,Ch.2: Financial Markets,Chương 2: Overview of Financial Markets,1366,900,G01 | G02 | G03 | G04 | G05 | G06 | G07 | G08 | G09 | B01 | B02 | B03 | B04 | B05 | FZ01 | FZ02 | FZ04,Desktop 1363x936 đã mở; đây là AFTER test chưa chạy,PASS,PASS,PASS,PASS,PASS,PASS,PASS,PASS,PASS,evidence/after/render/THEORY-NLTTTC-ch2-1366.png; implementation/visual-review.json; evidence/after/contact-sheets/sheet-063.png,Codex,2f6eadb67fd1d5e07e58f4684dab5812002458f2,"Measurements and explicit full-body image inspection PASS. Whole chapter/mode body inspected, including disclosures and both card faces. Accepted whole-body layout; route replacement survey used where applicable."
THEORY-NLTTTC-ch3-320,THEORY,/NLTTTC,NGUYEN_LY_THI_TRUONG_TAI_CHINH.html,ch3,Ch.3: Asymmetric Info,Chương 3: Asymmetric Information and the Roles of Financial Intermediaries,320,740,G01 | G02 | G03 | G04 | G05 | G06 | G07 | G08 | G09 | B01 | B02 | B03 | B04 | B05 | FZ01 | FZ02 | FZ04,Desktop 1363x936 đã mở; đây là AFTER test chưa chạy,PASS,PASS,PASS,PASS,PASS,PASS,PASS,PASS,PASS,evidence/after/render/THEORY-NLTTTC-ch3-320.png; implementation/visual-review.json; evidence/after/contact-sheets/sheet-063.png; evidence/after/contact-sheets/sheet-064.png,Codex,2f6eadb67fd1d5e07e58f4684dab5812002458f2,"Measurements and explicit full-body image inspection PASS. Whole chapter/mode body inspected, including disclosures and both card faces. Accepted whole-body layout; route replacement survey used where applicable."
THEORY-NLTTTC-ch3-390,THEORY,/NLTTTC,NGUYEN_LY_THI_TRUONG_TAI_CHINH.html,ch3,Ch.3: Asymmetric Info,Chương 3: Asymmetric Information and the Roles of Financial Intermediaries,390,844,G01 | G02 | G03 | G04 | G05 | G06 | G07 | G08 | G09 | B01 | B02 | B03 | B04 | B05 | FZ01 | FZ02 | FZ04,Desktop 1363x936 đã mở; đây là AFTER test chưa chạy,PASS,PASS,PASS,PASS,PASS,PASS,PASS,PASS,PASS,evidence/after/render/THEORY-NLTTTC-ch3-390.png; implementation/visual-review.json; evidence/after/contact-sheets/sheet-064.png,Codex,2f6eadb67fd1d5e07e58f4684dab5812002458f2,"Measurements and explicit full-body image inspection PASS. Whole chapter/mode body inspected, including disclosures and both card faces. Accepted whole-body layout; route replacement survey used where applicable."
THEORY-NLTTTC-ch3-768,THEORY,/NLTTTC,NGUYEN_LY_THI_TRUONG_TAI_CHINH.html,ch3,Ch.3: Asymmetric Info,Chương 3: Asymmetric Information and the Roles of Financial Intermediaries,768,1024,G01 | G02 | G03 | G04 | G05 | G06 | G07 | G08 | G09 | B01 | B02 | B03 | B04 | B05 | FZ01 | FZ02 | FZ04,Desktop 1363x936 đã mở; đây là AFTER test chưa chạy,PASS,PASS,PASS,PASS,PASS,PASS,PASS,PASS,PASS,evidence/after/render/THEORY-NLTTTC-ch3-768.png; implementation/visual-review.json; evidence/after/contact-sheets/sheet-064.png,Codex,2f6eadb67fd1d5e07e58f4684dab5812002458f2,"Measurements and explicit full-body image inspection PASS. Whole chapter/mode body inspected, including disclosures and both card faces. Accepted whole-body layout; route replacement survey used where applicable."
THEORY-NLTTTC-ch3-1366,THEORY,/NLTTTC,NGUYEN_LY_THI_TRUONG_TAI_CHINH.html,ch3,Ch.3: Asymmetric Info,Chương 3: Asymmetric Information and the Roles of Financial Intermediaries,1366,900,G01 | G02 | G03 | G04 | G05 | G06 | G07 | G08 | G09 | B01 | B02 | B03 | B04 | B05 | FZ01 | FZ02 | FZ04,Desktop 1363x936 đã mở; đây là AFTER test chưa chạy,PASS,PASS,PASS,PASS,PASS,PASS,PASS,PASS,PASS,evidence/after/render/THEORY-NLTTTC-ch3-1366.png; implementation/visual-review.json; evidence/after/contact-sheets/sheet-064.png,Codex,2f6eadb67fd1d5e07e58f4684dab5812002458f2,"Measurements and explicit full-body image inspection PASS. Whole chapter/mode body inspected, including disclosures and both card faces. Accepted whole-body layout; route replacement survey used where applicable."
THEORY-NLTTTC-ch4-320,THEORY,/NLTTTC,NGUYEN_LY_THI_TRUONG_TAI_CHINH.html,ch4,Ch.4: Asset Demand,Chương 4: Theory of Asset Demand,320,740,G01 | G02 | G03 | G04 | G05 | G06 | G07 | G08 | G09 | B01 | B02 | B03 | B04 | B05 | FZ01 | FZ02 | FZ04,Desktop 1363x936 đã mở; đây là AFTER test chưa chạy,PASS,PASS,PASS,PASS,PASS,PASS,PASS,PASS,PASS,evidence/after/render/THEORY-NLTTTC-ch4-320.png; implementation/visual-review.json; evidence/after/contact-sheets/sheet-065.png,Codex,2f6eadb67fd1d5e07e58f4684dab5812002458f2,"Measurements and explicit full-body image inspection PASS. Whole chapter/mode body inspected, including disclosures and both card faces. Accepted whole-body layout; route replacement survey used where applicable."
THEORY-NLTTTC-ch4-390,THEORY,/NLTTTC,NGUYEN_LY_THI_TRUONG_TAI_CHINH.html,ch4,Ch.4: Asset Demand,Chương 4: Theory of Asset Demand,390,844,G01 | G02 | G03 | G04 | G05 | G06 | G07 | G08 | G09 | B01 | B02 | B03 | B04 | B05 | FZ01 | FZ02 | FZ04,Desktop 1363x936 đã mở; đây là AFTER test chưa chạy,PASS,PASS,PASS,PASS,PASS,PASS,PASS,PASS,PASS,evidence/after/render/THEORY-NLTTTC-ch4-390.png; implementation/visual-review.json; evidence/after/contact-sheets/sheet-065.png,Codex,2f6eadb67fd1d5e07e58f4684dab5812002458f2,"Measurements and explicit full-body image inspection PASS. Whole chapter/mode body inspected, including disclosures and both card faces. Accepted whole-body layout; route replacement survey used where applicable."
THEORY-NLTTTC-ch4-768,THEORY,/NLTTTC,NGUYEN_LY_THI_TRUONG_TAI_CHINH.html,ch4,Ch.4: Asset Demand,Chương 4: Theory of Asset Demand,768,1024,G01 | G02 | G03 | G04 | G05 | G06 | G07 | G08 | G09 | B01 | B02 | B03 | B04 | B05 | FZ01 | FZ02 | FZ04,Desktop 1363x936 đã mở; đây là AFTER test chưa chạy,PASS,PASS,PASS,PASS,PASS,PASS,PASS,PASS,PASS,evidence/after/render/THEORY-NLTTTC-ch4-768.png; implementation/visual-review.json; evidence/after/contact-sheets/sheet-065.png,Codex,2f6eadb67fd1d5e07e58f4684dab5812002458f2,"Measurements and explicit full-body image inspection PASS. Whole chapter/mode body inspected, including disclosures and both card faces. Accepted whole-body layout; route replacement survey used where applicable."
THEORY-NLTTTC-ch4-1366,THEORY,/NLTTTC,NGUYEN_LY_THI_TRUONG_TAI_CHINH.html,ch4,Ch.4: Asset Demand,Chương 4: Theory of Asset Demand,1366,900,G01 | G02 | G03 | G04 | G05 | G06 | G07 | G08 | G09 | B01 | B02 | B03 | B04 | B05 | FZ01 | FZ02 | FZ04,Desktop 1363x936 đã mở; đây là AFTER test chưa chạy,PASS,PASS,PASS,PASS,PASS,PASS,PASS,PASS,PASS,evidence/after/render/THEORY-NLTTTC-ch4-1366.png; implementation/visual-review.json; evidence/after/contact-sheets/sheet-065.png,Codex,2f6eadb67fd1d5e07e58f4684dab5812002458f2,"Measurements and explicit full-body image inspection PASS. Whole chapter/mode body inspected, including disclosures and both card faces. Accepted whole-body layout; route replacement survey used where applicable."
THEORY-NLTTTC-ch5-320,THEORY,/NLTTTC,NGUYEN_LY_THI_TRUONG_TAI_CHINH.html,ch5,Ch.5: Interest Rate,Chương 5: Interest Rate,320,740,G01 | G02 | G03 | G04 | G05 | G06 | G07 | G08 | G09 | B01 | B02 | B03 | B04 | B05 | FZ01 | FZ02 | FZ04,Desktop 1363x936 đã mở; đây là AFTER test chưa chạy,PASS,PASS,PASS,PASS,PASS,PASS,PASS,PASS,PASS,evidence/after/render/THEORY-NLTTTC-ch5-320.png; implementation/visual-review.json; evidence/after/contact-sheets/sheet-066.png,Codex,2f6eadb67fd1d5e07e58f4684dab5812002458f2,"Measurements and explicit full-body image inspection PASS. Whole chapter/mode body inspected, including disclosures and both card faces. Accepted whole-body layout; route replacement survey used where applicable."
THEORY-NLTTTC-ch5-390,THEORY,/NLTTTC,NGUYEN_LY_THI_TRUONG_TAI_CHINH.html,ch5,Ch.5: Interest Rate,Chương 5: Interest Rate,390,844,G01 | G02 | G03 | G04 | G05 | G06 | G07 | G08 | G09 | B01 | B02 | B03 | B04 | B05 | FZ01 | FZ02 | FZ04,Desktop 1363x936 đã mở; đây là AFTER test chưa chạy,PASS,PASS,PASS,PASS,PASS,PASS,PASS,PASS,PASS,evidence/after/render/THEORY-NLTTTC-ch5-390.png; implementation/visual-review.json; evidence/after/contact-sheets/sheet-066.png; evidence/after/contact-sheets/sheet-067.png,Codex,2f6eadb67fd1d5e07e58f4684dab5812002458f2,"Measurements and explicit full-body image inspection PASS. Whole chapter/mode body inspected, including disclosures and both card faces. Accepted whole-body layout; route replacement survey used where applicable."
THEORY-NLTTTC-ch5-768,THEORY,/NLTTTC,NGUYEN_LY_THI_TRUONG_TAI_CHINH.html,ch5,Ch.5: Interest Rate,Chương 5: Interest Rate,768,1024,G01 | G02 | G03 | G04 | G05 | G06 | G07 | G08 | G09 | B01 | B02 | B03 | B04 | B05 | FZ01 | FZ02 | FZ04,Desktop 1363x936 đã mở; đây là AFTER test chưa chạy,PASS,PASS,PASS,PASS,PASS,PASS,PASS,PASS,PASS,evidence/after/render/THEORY-NLTTTC-ch5-768.png; implementation/visual-review.json; evidence/after/contact-sheets/sheet-067.png,Codex,2f6eadb67fd1d5e07e58f4684dab5812002458f2,"Measurements and explicit full-body image inspection PASS. Whole chapter/mode body inspected, including disclosures and both card faces. Accepted whole-body layout; route replacement survey used where applicable."
THEORY-NLTTTC-ch5-1366,THEORY,/NLTTTC,NGUYEN_LY_THI_TRUONG_TAI_CHINH.html,ch5,Ch.5: Interest Rate,Chương 5: Interest Rate,1366,900,G01 | G02 | G03 | G04 | G05 | G06 | G07 | G08 | G09 | B01 | B02 | B03 | B04 | B05 | FZ01 | FZ02 | FZ04,Desktop 1363x936 đã mở; đây là AFTER test chưa chạy,PASS,PASS,PASS,PASS,PASS,PASS,PASS,PASS,PASS,evidence/after/render/THEORY-NLTTTC-ch5-1366.png; implementation/visual-review.json; evidence/after/contact-sheets/sheet-067.png,Codex,2f6eadb67fd1d5e07e58f4684dab5812002458f2,"Measurements and explicit full-body image inspection PASS. Whole chapter/mode body inspected, including disclosures and both card faces. Accepted whole-body layout; route replacement survey used where applicable."
THEORY-NLTTTC-ch6-320,THEORY,/NLTTTC,NGUYEN_LY_THI_TRUONG_TAI_CHINH.html,ch6,Ch.6: Exchange Rate,Chương 6: The Basics of Exchange Rates,320,740,G01 | G02 | G03 | G04 | G05 | G06 | G07 | G08 | G09 | B01 | B02 | B03 | B04 | B05 | FZ01 | FZ02 | FZ04,Desktop 1363x936 đã mở; đây là AFTER test chưa chạy,PASS,PASS,PASS,PASS,PASS,PASS,PASS,PASS,PASS,evidence/after/render/THEORY-NLTTTC-ch6-320.png; implementation/visual-review.json; evidence/after/contact-sheets/sheet-067.png; evidence/after/contact-sheets/sheet-068.png,Codex,2f6eadb67fd1d5e07e58f4684dab5812002458f2,"Measurements and explicit full-body image inspection PASS. Whole chapter/mode body inspected, including disclosures and both card faces. Accepted whole-body layout; route replacement survey used where applicable."
THEORY-NLTTTC-ch6-390,THEORY,/NLTTTC,NGUYEN_LY_THI_TRUONG_TAI_CHINH.html,ch6,Ch.6: Exchange Rate,Chương 6: The Basics of Exchange Rates,390,844,G01 | G02 | G03 | G04 | G05 | G06 | G07 | G08 | G09 | B01 | B02 | B03 | B04 | B05 | FZ01 | FZ02 | FZ04,Desktop 1363x936 đã mở; đây là AFTER test chưa chạy,PASS,PASS,PASS,PASS,PASS,PASS,PASS,PASS,PASS,evidence/after/render/THEORY-NLTTTC-ch6-390.png; implementation/visual-review.json; evidence/after/contact-sheets/sheet-068.png,Codex,2f6eadb67fd1d5e07e58f4684dab5812002458f2,"Measurements and explicit full-body image inspection PASS. Whole chapter/mode body inspected, including disclosures and both card faces. Accepted whole-body layout; route replacement survey used where applicable."
THEORY-NLTTTC-ch6-768,THEORY,/NLTTTC,NGUYEN_LY_THI_TRUONG_TAI_CHINH.html,ch6,Ch.6: Exchange Rate,Chương 6: The Basics of Exchange Rates,768,1024,G01 | G02 | G03 | G04 | G05 | G06 | G07 | G08 | G09 | B01 | B02 | B03 | B04 | B05 | FZ01 | FZ02 | FZ04,Desktop 1363x936 đã mở; đây là AFTER test chưa chạy,PASS,PASS,PASS,PASS,PASS,PASS,PASS,PASS,PASS,evidence/after/render/THEORY-NLTTTC-ch6-768.png; implementation/visual-review.json; evidence/after/contact-sheets/sheet-068.png; evidence/after/contact-sheets/sheet-069.png,Codex,2f6eadb67fd1d5e07e58f4684dab5812002458f2,"Measurements and explicit full-body image inspection PASS. Whole chapter/mode body inspected, including disclosures and both card faces. Accepted whole-body layout; route replacement survey used where applicable."
THEORY-NLTTTC-ch6-1366,THEORY,/NLTTTC,NGUYEN_LY_THI_TRUONG_TAI_CHINH.html,ch6,Ch.6: Exchange Rate,Chương 6: The Basics of Exchange Rates,1366,900,G01 | G02 | G03 | G04 | G05 | G06 | G07 | G08 | G09 | B01 | B02 | B03 | B04 | B05 | FZ01 | FZ02 | FZ04,Desktop 1363x936 đã mở; đây là AFTER test chưa chạy,PASS,PASS,PASS,PASS,PASS,PASS,PASS,PASS,PASS,evidence/after/render/THEORY-NLTTTC-ch6-1366.png; implementation/visual-review.json; evidence/after/contact-sheets/sheet-069.png,Codex,2f6eadb67fd1d5e07e58f4684dab5812002458f2,"Measurements and explicit full-body image inspection PASS. Whole chapter/mode body inspected, including disclosures and both card faces. Accepted whole-body layout; route replacement survey used where applicable."
THEORY-NLTTTC-review-320,THEORY,/NLTTTC,NGUYEN_LY_THI_TRUONG_TAI_CHINH.html,review,Review,Theory Review,320,740,G01 | G02 | G03 | G04 | G05 | G06 | G07 | G08 | G09 | B01 | B02 | B03 | B04 | B05 | FZ01 | FZ02 | FZ04,Desktop 1363x936 đã mở; đây là AFTER test chưa chạy,PASS,PASS,PASS,PASS,PASS,PASS,PASS,PASS,PASS,evidence/after/render/THEORY-NLTTTC-review-320.png; implementation/visual-review.json; evidence/after/contact-sheets/sheet-069.png; evidence/after/contact-sheets/sheet-070.png,Codex,2f6eadb67fd1d5e07e58f4684dab5812002458f2,"Measurements and explicit full-body image inspection PASS. Whole chapter/mode body inspected, including disclosures and both card faces. Accepted whole-body layout; route replacement survey used where applicable."
THEORY-NLTTTC-review-390,THEORY,/NLTTTC,NGUYEN_LY_THI_TRUONG_TAI_CHINH.html,review,Review,Theory Review,390,844,G01 | G02 | G03 | G04 | G05 | G06 | G07 | G08 | G09 | B01 | B02 | B03 | B04 | B05 | FZ01 | FZ02 | FZ04,Desktop 1363x936 đã mở; đây là AFTER test chưa chạy,PASS,PASS,PASS,PASS,PASS,PASS,PASS,PASS,PASS,evidence/after/render/THEORY-NLTTTC-review-390.png; implementation/visual-review.json; evidence/after/contact-sheets/sheet-070.png,Codex,2f6eadb67fd1d5e07e58f4684dab5812002458f2,"Measurements and explicit full-body image inspection PASS. Whole chapter/mode body inspected, including disclosures and both card faces. Accepted whole-body layout; route replacement survey used where applicable."
THEORY-NLTTTC-review-768,THEORY,/NLTTTC,NGUYEN_LY_THI_TRUONG_TAI_CHINH.html,review,Review,Theory Review,768,1024,G01 | G02 | G03 | G04 | G05 | G06 | G07 | G08 | G09 | B01 | B02 | B03 | B04 | B05 | FZ01 | FZ02 | FZ04,Desktop 1363x936 đã mở; đây là AFTER test chưa chạy,PASS,PASS,PASS,PASS,PASS,PASS,PASS,PASS,PASS,evidence/after/render/THEORY-NLTTTC-review-768.png; implementation/visual-review.json; evidence/after/contact-sheets/sheet-071.png,Codex,2f6eadb67fd1d5e07e58f4684dab5812002458f2,"Measurements and explicit full-body image inspection PASS. Whole chapter/mode body inspected, including disclosures and both card faces. Accepted whole-body layout; route replacement survey used where applicable."
THEORY-NLTTTC-review-1366,THEORY,/NLTTTC,NGUYEN_LY_THI_TRUONG_TAI_CHINH.html,review,Review,Theory Review,1366,900,G01 | G02 | G03 | G04 | G05 | G06 | G07 | G08 | G09 | B01 | B02 | B03 | B04 | B05 | FZ01 | FZ02 | FZ04,Desktop 1363x936 đã mở; đây là AFTER test chưa chạy,PASS,PASS,PASS,PASS,PASS,PASS,PASS,PASS,PASS,evidence/after/render/THEORY-NLTTTC-review-1366.png; implementation/visual-review.json; evidence/after/contact-sheets/sheet-071.png,Codex,2f6eadb67fd1d5e07e58f4684dab5812002458f2,"Measurements and explicit full-body image inspection PASS. Whole chapter/mode body inspected, including disclosures and both card faces. Accepted whole-body layout; route replacement survey used where applicable."
THEORY-LTMQT-ch1-320,THEORY,/LTMQT,LUAT_THUONG_MAI_QUOC_TE.html,ch1,Ch.1: Overview & WTO,Chương 1: Overview of International Trade Law & Global Trade Regime,320,740,G01 | G02 | G03 | G04 | G05 | G06 | G07 | G08 | G09 | L01 | L02 | L03 | FZ01 | FZ02 | FZ04,Desktop 1363x936 đã mở; đây là AFTER test chưa chạy,PASS,PASS,PASS,PASS,PASS,PASS,PASS,PASS,PASS,evidence/after/render/THEORY-LTMQT-ch1-320.png; implementation/visual-review.json; evidence/after/contact-sheets/sheet-071.png; evidence/after/contact-sheets/sheet-072.png,Codex,2f6eadb67fd1d5e07e58f4684dab5812002458f2,"Measurements and explicit full-body image inspection PASS. Whole chapter/mode body inspected, including disclosures and both card faces. Accepted whole-body layout; route replacement survey used where applicable."
THEORY-LTMQT-ch1-390,THEORY,/LTMQT,LUAT_THUONG_MAI_QUOC_TE.html,ch1,Ch.1: Overview & WTO,Chương 1: Overview of International Trade Law & Global Trade Regime,390,844,G01 | G02 | G03 | G04 | G05 | G06 | G07 | G08 | G09 | L01 | L02 | L03 | FZ01 | FZ02 | FZ04,Desktop 1363x936 đã mở; đây là AFTER test chưa chạy,PASS,PASS,PASS,PASS,PASS,PASS,PASS,PASS,PASS,evidence/after/render/THEORY-LTMQT-ch1-390.png; implementation/visual-review.json; evidence/after/contact-sheets/sheet-073.png; evidence/after/contact-sheets/sheet-074.png,Codex,2f6eadb67fd1d5e07e58f4684dab5812002458f2,"Measurements and explicit full-body image inspection PASS. Whole chapter/mode body inspected, including disclosures and both card faces. Accepted whole-body layout; route replacement survey used where applicable."
THEORY-LTMQT-ch1-768,THEORY,/LTMQT,LUAT_THUONG_MAI_QUOC_TE.html,ch1,Ch.1: Overview & WTO,Chương 1: Overview of International Trade Law & Global Trade Regime,768,1024,G01 | G02 | G03 | G04 | G05 | G06 | G07 | G08 | G09 | L01 | L02 | L03 | FZ01 | FZ02 | FZ04,Desktop 1363x936 đã mở; đây là AFTER test chưa chạy,PASS,PASS,PASS,PASS,PASS,PASS,PASS,PASS,PASS,evidence/after/render/THEORY-LTMQT-ch1-768.png; implementation/visual-review.json; evidence/after/contact-sheets/sheet-074.png,Codex,2f6eadb67fd1d5e07e58f4684dab5812002458f2,"Measurements and explicit full-body image inspection PASS. Whole chapter/mode body inspected, including disclosures and both card faces. Accepted whole-body layout; route replacement survey used where applicable."
THEORY-LTMQT-ch1-1366,THEORY,/LTMQT,LUAT_THUONG_MAI_QUOC_TE.html,ch1,Ch.1: Overview & WTO,Chương 1: Overview of International Trade Law & Global Trade Regime,1366,900,G01 | G02 | G03 | G04 | G05 | G06 | G07 | G08 | G09 | L01 | L02 | L03 | FZ01 | FZ02 | FZ04,Desktop 1363x936 đã mở; đây là AFTER test chưa chạy,PASS,PASS,PASS,PASS,PASS,PASS,PASS,PASS,PASS,evidence/after/render/THEORY-LTMQT-ch1-1366.png; implementation/visual-review.json; evidence/after/contact-sheets/sheet-074.png,Codex,2f6eadb67fd1d5e07e58f4684dab5812002458f2,"Measurements and explicit full-body image inspection PASS. Whole chapter/mode body inspected, including disclosures and both card faces. Accepted whole-body layout; route replacement survey used where applicable."
THEORY-LTMQT-ch2-320,THEORY,/LTMQT,LUAT_THUONG_MAI_QUOC_TE.html,ch2,Ch.2: MFN,Chương 2: Non-Discrimination — Most-Favoured-Nation Treatment (MFN),320,740,G01 | G02 | G03 | G04 | G05 | G06 | G07 | G08 | G09 | L01 | L02 | L03 | FZ01 | FZ02 | FZ04,Desktop 1363x936 đã mở; đây là AFTER test chưa chạy,PASS,PASS,PASS,PASS,PASS,PASS,PASS,PASS,PASS,evidence/after/render/THEORY-LTMQT-ch2-320.png; implementation/visual-review.json; evidence/after/contact-sheets/sheet-074.png; evidence/after/contact-sheets/sheet-075.png,Codex,2f6eadb67fd1d5e07e58f4684dab5812002458f2,"Measurements and explicit full-body image inspection PASS. Whole chapter/mode body inspected, including disclosures and both card faces. Accepted whole-body layout; route replacement survey used where applicable."
THEORY-LTMQT-ch2-390,THEORY,/LTMQT,LUAT_THUONG_MAI_QUOC_TE.html,ch2,Ch.2: MFN,Chương 2: Non-Discrimination — Most-Favoured-Nation Treatment (MFN),390,844,G01 | G02 | G03 | G04 | G05 | G06 | G07 | G08 | G09 | L01 | L02 | L03 | FZ01 | FZ02 | FZ04,Desktop 1363x936 đã mở; đây là AFTER test chưa chạy,PASS,PASS,PASS,PASS,PASS,PASS,PASS,PASS,PASS,evidence/after/render/THEORY-LTMQT-ch2-390.png; implementation/visual-review.json; evidence/after/contact-sheets/sheet-075.png; evidence/after/contact-sheets/sheet-076.png,Codex,2f6eadb67fd1d5e07e58f4684dab5812002458f2,"Measurements and explicit full-body image inspection PASS. Whole chapter/mode body inspected, including disclosures and both card faces. Accepted whole-body layout; route replacement survey used where applicable."
THEORY-LTMQT-ch2-768,THEORY,/LTMQT,LUAT_THUONG_MAI_QUOC_TE.html,ch2,Ch.2: MFN,Chương 2: Non-Discrimination — Most-Favoured-Nation Treatment (MFN),768,1024,G01 | G02 | G03 | G04 | G05 | G06 | G07 | G08 | G09 | L01 | L02 | L03 | FZ01 | FZ02 | FZ04,Desktop 1363x936 đã mở; đây là AFTER test chưa chạy,PASS,PASS,PASS,PASS,PASS,PASS,PASS,PASS,PASS,evidence/after/render/THEORY-LTMQT-ch2-768.png; implementation/visual-review.json; evidence/after/contact-sheets/sheet-076.png,Codex,2f6eadb67fd1d5e07e58f4684dab5812002458f2,"Measurements and explicit full-body image inspection PASS. Whole chapter/mode body inspected, including disclosures and both card faces. Accepted whole-body layout; route replacement survey used where applicable."
THEORY-LTMQT-ch2-1366,THEORY,/LTMQT,LUAT_THUONG_MAI_QUOC_TE.html,ch2,Ch.2: MFN,Chương 2: Non-Discrimination — Most-Favoured-Nation Treatment (MFN),1366,900,G01 | G02 | G03 | G04 | G05 | G06 | G07 | G08 | G09 | L01 | L02 | L03 | FZ01 | FZ02 | FZ04,Desktop 1363x936 đã mở; đây là AFTER test chưa chạy,PASS,PASS,PASS,PASS,PASS,PASS,PASS,PASS,PASS,evidence/after/render/THEORY-LTMQT-ch2-1366.png; implementation/visual-review.json; evidence/after/contact-sheets/sheet-076.png,Codex,2f6eadb67fd1d5e07e58f4684dab5812002458f2,"Measurements and explicit full-body image inspection PASS. Whole chapter/mode body inspected, including disclosures and both card faces. Accepted whole-body layout; route replacement survey used where applicable."
THEORY-LTMQT-ch3-320,THEORY,/LTMQT,LUAT_THUONG_MAI_QUOC_TE.html,ch3,Ch.3: NT,Chương 3: Non-Discrimination — National Treatment (NT),320,740,G01 | G02 | G03 | G04 | G05 | G06 | G07 | G08 | G09 | L01 | L02 | L03 | FZ01 | FZ02 | FZ04,Desktop 1363x936 đã mở; đây là AFTER test chưa chạy,PASS,PASS,PASS,PASS,PASS,PASS,PASS,PASS,PASS,evidence/after/render/THEORY-LTMQT-ch3-320.png; implementation/visual-review.json; evidence/after/contact-sheets/sheet-076.png; evidence/after/contact-sheets/sheet-077.png,Codex,2f6eadb67fd1d5e07e58f4684dab5812002458f2,"Measurements and explicit full-body image inspection PASS. Whole chapter/mode body inspected, including disclosures and both card faces. Accepted whole-body layout; route replacement survey used where applicable."
THEORY-LTMQT-ch3-390,THEORY,/LTMQT,LUAT_THUONG_MAI_QUOC_TE.html,ch3,Ch.3: NT,Chương 3: Non-Discrimination — National Treatment (NT),390,844,G01 | G02 | G03 | G04 | G05 | G06 | G07 | G08 | G09 | L01 | L02 | L03 | FZ01 | FZ02 | FZ04,Desktop 1363x936 đã mở; đây là AFTER test chưa chạy,PASS,PASS,PASS,PASS,PASS,PASS,PASS,PASS,PASS,evidence/after/render/THEORY-LTMQT-ch3-390.png; implementation/visual-review.json; evidence/after/contact-sheets/sheet-077.png; evidence/after/contact-sheets/sheet-078.png,Codex,2f6eadb67fd1d5e07e58f4684dab5812002458f2,"Measurements and explicit full-body image inspection PASS. Whole chapter/mode body inspected, including disclosures and both card faces. Accepted whole-body layout; route replacement survey used where applicable."
THEORY-LTMQT-ch3-768,THEORY,/LTMQT,LUAT_THUONG_MAI_QUOC_TE.html,ch3,Ch.3: NT,Chương 3: Non-Discrimination — National Treatment (NT),768,1024,G01 | G02 | G03 | G04 | G05 | G06 | G07 | G08 | G09 | L01 | L02 | L03 | FZ01 | FZ02 | FZ04,Desktop 1363x936 đã mở; đây là AFTER test chưa chạy,PASS,PASS,PASS,PASS,PASS,PASS,PASS,PASS,PASS,evidence/after/render/THEORY-LTMQT-ch3-768.png; implementation/visual-review.json; evidence/after/contact-sheets/sheet-078.png,Codex,2f6eadb67fd1d5e07e58f4684dab5812002458f2,"Measurements and explicit full-body image inspection PASS. Whole chapter/mode body inspected, including disclosures and both card faces. Accepted whole-body layout; route replacement survey used where applicable."
THEORY-LTMQT-ch3-1366,THEORY,/LTMQT,LUAT_THUONG_MAI_QUOC_TE.html,ch3,Ch.3: NT,Chương 3: Non-Discrimination — National Treatment (NT),1366,900,G01 | G02 | G03 | G04 | G05 | G06 | G07 | G08 | G09 | L01 | L02 | L03 | FZ01 | FZ02 | FZ04,Desktop 1363x936 đã mở; đây là AFTER test chưa chạy,PASS,PASS,PASS,PASS,PASS,PASS,PASS,PASS,PASS,evidence/after/render/THEORY-LTMQT-ch3-1366.png; implementation/visual-review.json; evidence/after/contact-sheets/sheet-078.png,Codex,2f6eadb67fd1d5e07e58f4684dab5812002458f2,"Measurements and explicit full-body image inspection PASS. Whole chapter/mode body inspected, including disclosures and both card faces. Accepted whole-body layout; route replacement survey used where applicable."
THEORY-LTMQT-ch4-320,THEORY,/LTMQT,LUAT_THUONG_MAI_QUOC_TE.html,ch4,Ch.4: Trade in Goods,Chương 4: Trade in Goods,320,740,G01 | G02 | G03 | G04 | G05 | G06 | G07 | G08 | G09 | L01 | L02 | L03 | FZ01 | FZ02 | FZ04,Desktop 1363x936 đã mở; đây là AFTER test chưa chạy,PASS,PASS,PASS,PASS,PASS,PASS,PASS,PASS,PASS,evidence/after/render/THEORY-LTMQT-ch4-320.png; implementation/visual-review.json; evidence/after/contact-sheets/sheet-078.png; evidence/after/contact-sheets/sheet-079.png,Codex,2f6eadb67fd1d5e07e58f4684dab5812002458f2,"Measurements and explicit full-body image inspection PASS. Whole chapter/mode body inspected, including disclosures and both card faces. Accepted whole-body layout; route replacement survey used where applicable."
THEORY-LTMQT-ch4-390,THEORY,/LTMQT,LUAT_THUONG_MAI_QUOC_TE.html,ch4,Ch.4: Trade in Goods,Chương 4: Trade in Goods,390,844,G01 | G02 | G03 | G04 | G05 | G06 | G07 | G08 | G09 | L01 | L02 | L03 | FZ01 | FZ02 | FZ04,Desktop 1363x936 đã mở; đây là AFTER test chưa chạy,PASS,PASS,PASS,PASS,PASS,PASS,PASS,PASS,PASS,evidence/after/render/THEORY-LTMQT-ch4-390.png; implementation/visual-review.json; evidence/after/contact-sheets/sheet-079.png; evidence/after/contact-sheets/sheet-080.png,Codex,2f6eadb67fd1d5e07e58f4684dab5812002458f2,"Measurements and explicit full-body image inspection PASS. Whole chapter/mode body inspected, including disclosures and both card faces. Accepted whole-body layout; route replacement survey used where applicable."
THEORY-LTMQT-ch4-768,THEORY,/LTMQT,LUAT_THUONG_MAI_QUOC_TE.html,ch4,Ch.4: Trade in Goods,Chương 4: Trade in Goods,768,1024,G01 | G02 | G03 | G04 | G05 | G06 | G07 | G08 | G09 | L01 | L02 | L03 | FZ01 | FZ02 | FZ04,Desktop 1363x936 đã mở; đây là AFTER test chưa chạy,PASS,PASS,PASS,PASS,PASS,PASS,PASS,PASS,PASS,evidence/after/render/THEORY-LTMQT-ch4-768.png; implementation/visual-review.json; evidence/after/contact-sheets/sheet-080.png; evidence/after/contact-sheets/sheet-081.png,Codex,2f6eadb67fd1d5e07e58f4684dab5812002458f2,"Measurements and explicit full-body image inspection PASS. Whole chapter/mode body inspected, including disclosures and both card faces. Accepted whole-body layout; route replacement survey used where applicable."
THEORY-LTMQT-ch4-1366,THEORY,/LTMQT,LUAT_THUONG_MAI_QUOC_TE.html,ch4,Ch.4: Trade in Goods,Chương 4: Trade in Goods,1366,900,G01 | G02 | G03 | G04 | G05 | G06 | G07 | G08 | G09 | L01 | L02 | L03 | FZ01 | FZ02 | FZ04,Desktop 1363x936 đã mở; đây là AFTER test chưa chạy,PASS,PASS,PASS,PASS,PASS,PASS,PASS,PASS,PASS,evidence/after/render/THEORY-LTMQT-ch4-1366.png; implementation/visual-review.json; evidence/after/contact-sheets/sheet-081.png,Codex,2f6eadb67fd1d5e07e58f4684dab5812002458f2,"Measurements and explicit full-body image inspection PASS. Whole chapter/mode body inspected, including disclosures and both card faces. Accepted whole-body layout; route replacement survey used where applicable."
THEORY-LTMQT-ch5-320,THEORY,/LTMQT,LUAT_THUONG_MAI_QUOC_TE.html,ch5,Ch.5: Dispute Settlement,Chương 5: WTO Dispute Settlement Mechanism,320,740,G01 | G02 | G03 | G04 | G05 | G06 | G07 | G08 | G09 | L01 | L02 | L03 | FZ01 | FZ02 | FZ04,Desktop 1363x936 đã mở; đây là AFTER test chưa chạy,PASS,PASS,PASS,PASS,PASS,PASS,PASS,PASS,PASS,evidence/after/render/THEORY-LTMQT-ch5-320.png; implementation/visual-review.json; evidence/after/contact-sheets/sheet-081.png; evidence/after/contact-sheets/sheet-082.png; evidence/after/diagram-acceptance/DSB-320.png; evidence/after/diagram-acceptance/DSB-320-end.png,Codex,2f6eadb67fd1d5e07e58f4684dab5812002458f2,"Measurements and explicit full-body image inspection PASS. Whole chapter/mode body inspected, including disclosures and both card faces. Later changes confined to the explicitly reviewed replacement components listed here."
THEORY-LTMQT-ch5-390,THEORY,/LTMQT,LUAT_THUONG_MAI_QUOC_TE.html,ch5,Ch.5: Dispute Settlement,Chương 5: WTO Dispute Settlement Mechanism,390,844,G01 | G02 | G03 | G04 | G05 | G06 | G07 | G08 | G09 | L01 | L02 | L03 | FZ01 | FZ02 | FZ04,Desktop 1363x936 đã mở; đây là AFTER test chưa chạy,PASS,PASS,PASS,PASS,PASS,PASS,PASS,PASS,PASS,evidence/after/render/THEORY-LTMQT-ch5-390.png; implementation/visual-review.json; evidence/after/contact-sheets/sheet-082.png; evidence/after/contact-sheets/sheet-083.png; evidence/after/diagram-acceptance/DSB-390.png; evidence/after/diagram-acceptance/DSB-390-end.png,Codex,2f6eadb67fd1d5e07e58f4684dab5812002458f2,"Measurements and explicit full-body image inspection PASS. Whole chapter/mode body inspected, including disclosures and both card faces. Later changes confined to the explicitly reviewed replacement components listed here."
THEORY-LTMQT-ch5-768,THEORY,/LTMQT,LUAT_THUONG_MAI_QUOC_TE.html,ch5,Ch.5: Dispute Settlement,Chương 5: WTO Dispute Settlement Mechanism,768,1024,G01 | G02 | G03 | G04 | G05 | G06 | G07 | G08 | G09 | L01 | L02 | L03 | FZ01 | FZ02 | FZ04,Desktop 1363x936 đã mở; đây là AFTER test chưa chạy,PASS,PASS,PASS,PASS,PASS,PASS,PASS,PASS,PASS,evidence/after/render/THEORY-LTMQT-ch5-768.png; implementation/visual-review.json; evidence/after/contact-sheets/sheet-083.png; evidence/after/diagram-acceptance/DSB-768.png; evidence/after/diagram-acceptance/DSB-768-end.png,Codex,2f6eadb67fd1d5e07e58f4684dab5812002458f2,"Measurements and explicit full-body image inspection PASS. Whole chapter/mode body inspected, including disclosures and both card faces. Later changes confined to the explicitly reviewed replacement components listed here."
THEORY-LTMQT-ch5-1366,THEORY,/LTMQT,LUAT_THUONG_MAI_QUOC_TE.html,ch5,Ch.5: Dispute Settlement,Chương 5: WTO Dispute Settlement Mechanism,1366,900,G01 | G02 | G03 | G04 | G05 | G06 | G07 | G08 | G09 | L01 | L02 | L03 | FZ01 | FZ02 | FZ04,Desktop 1363x936 đã mở; đây là AFTER test chưa chạy,PASS,PASS,PASS,PASS,PASS,PASS,PASS,PASS,PASS,evidence/after/render/THEORY-LTMQT-ch5-1366.png; implementation/visual-review.json; evidence/after/contact-sheets/sheet-083.png; evidence/after/diagram-acceptance/DSB-1366.png; evidence/after/diagram-acceptance/DSB-1366-end.png,Codex,2f6eadb67fd1d5e07e58f4684dab5812002458f2,"Measurements and explicit full-body image inspection PASS. Whole chapter/mode body inspected, including disclosures and both card faces. Later changes confined to the explicitly reviewed replacement components listed here."
THEORY-VHDDTKD-ch1-320,THEORY,/VHDDTKD,VAN_HOA_VA_DAO_DUC_TRONG_KINH_DOANH_QUOC_TE.html,ch1,Ch.1: Culture & CCM,Chương 1: Culture and Cross-Cultural Management,320,740,G01 | G02 | G03 | G04 | G05 | G06 | G07 | G08 | G09 | V01 | V02 | V03 | V04 | FZ01 | FZ02 | FZ04,Desktop 1363x936 đã mở; đây là AFTER test chưa chạy,PASS,PASS,PASS,PASS,PASS,PASS,PASS,PASS,PASS,evidence/after/render/THEORY-VHDDTKD-ch1-320.png; implementation/visual-review.json; evidence/after/contact-sheets/sheet-083.png; evidence/after/contact-sheets/sheet-084.png; evidence/after/diagram-acceptance/layer-320-0.png; evidence/after/diagram-acceptance/layer-320-1.png; evidence/after/diagram-acceptance/layer-320-2.png; evidence/after/diagram-acceptance/layer-320-3.png; evidence/after/diagram-acceptance/layer-320-4.png; evidence/after/diagram-acceptance/concept-320.png; evidence/after/diagram-acceptance/Toyota-320.png,Codex,2f6eadb67fd1d5e07e58f4684dab5812002458f2,"Measurements and explicit full-body image inspection PASS. Whole chapter/mode body inspected, including disclosures and both card faces. Later changes confined to the explicitly reviewed replacement components listed here."
THEORY-VHDDTKD-ch1-390,THEORY,/VHDDTKD,VAN_HOA_VA_DAO_DUC_TRONG_KINH_DOANH_QUOC_TE.html,ch1,Ch.1: Culture & CCM,Chương 1: Culture and Cross-Cultural Management,390,844,G01 | G02 | G03 | G04 | G05 | G06 | G07 | G08 | G09 | V01 | V02 | V03 | V04 | FZ01 | FZ02 | FZ04,Desktop 1363x936 đã mở; đây là AFTER test chưa chạy,PASS,PASS,PASS,PASS,PASS,PASS,PASS,PASS,PASS,evidence/after/render/THEORY-VHDDTKD-ch1-390.png; implementation/visual-review.json; evidence/after/contact-sheets/sheet-084.png; evidence/after/contact-sheets/sheet-085.png; evidence/after/diagram-acceptance/layer-390-0.png; evidence/after/diagram-acceptance/layer-390-1.png; evidence/after/diagram-acceptance/layer-390-2.png; evidence/after/diagram-acceptance/layer-390-3.png; evidence/after/diagram-acceptance/layer-390-4.png; evidence/after/diagram-acceptance/concept-390.png; evidence/after/diagram-acceptance/Toyota-390.png,Codex,2f6eadb67fd1d5e07e58f4684dab5812002458f2,"Measurements and explicit full-body image inspection PASS. Whole chapter/mode body inspected, including disclosures and both card faces. Later changes confined to the explicitly reviewed replacement components listed here."
THEORY-VHDDTKD-ch1-768,THEORY,/VHDDTKD,VAN_HOA_VA_DAO_DUC_TRONG_KINH_DOANH_QUOC_TE.html,ch1,Ch.1: Culture & CCM,Chương 1: Culture and Cross-Cultural Management,768,1024,G01 | G02 | G03 | G04 | G05 | G06 | G07 | G08 | G09 | V01 | V02 | V03 | V04 | FZ01 | FZ02 | FZ04,Desktop 1363x936 đã mở; đây là AFTER test chưa chạy,PASS,PASS,PASS,PASS,PASS,PASS,PASS,PASS,PASS,evidence/after/render/THEORY-VHDDTKD-ch1-768.png; implementation/visual-review.json; evidence/after/contact-sheets/sheet-085.png; evidence/after/diagram-acceptance/layer-768-0.png; evidence/after/diagram-acceptance/layer-768-1.png; evidence/after/diagram-acceptance/layer-768-2.png; evidence/after/diagram-acceptance/layer-768-3.png; evidence/after/diagram-acceptance/layer-768-4.png; evidence/after/diagram-acceptance/concept-768.png; evidence/after/diagram-acceptance/Toyota-768.png,Codex,2f6eadb67fd1d5e07e58f4684dab5812002458f2,"Measurements and explicit full-body image inspection PASS. Whole chapter/mode body inspected, including disclosures and both card faces. Later changes confined to the explicitly reviewed replacement components listed here."
THEORY-VHDDTKD-ch1-1366,THEORY,/VHDDTKD,VAN_HOA_VA_DAO_DUC_TRONG_KINH_DOANH_QUOC_TE.html,ch1,Ch.1: Culture & CCM,Chương 1: Culture and Cross-Cultural Management,1366,900,G01 | G02 | G03 | G04 | G05 | G06 | G07 | G08 | G09 | V01 | V02 | V03 | V04 | FZ01 | FZ02 | FZ04,Desktop 1363x936 đã mở; đây là AFTER test chưa chạy,PASS,PASS,PASS,PASS,PASS,PASS,PASS,PASS,PASS,evidence/after/render/THEORY-VHDDTKD-ch1-1366.png; implementation/visual-review.json; evidence/after/contact-sheets/sheet-085.png; evidence/after/contact-sheets/sheet-086.png; evidence/after/diagram-acceptance/layer-1366-0.png; evidence/after/diagram-acceptance/layer-1366-1.png; evidence/after/diagram-acceptance/layer-1366-2.png; evidence/after/diagram-acceptance/layer-1366-3.png; evidence/after/diagram-acceptance/layer-1366-4.png; evidence/after/diagram-acceptance/concept-1366.png; evidence/after/diagram-acceptance/Toyota-1366.png,Codex,2f6eadb67fd1d5e07e58f4684dab5812002458f2,"Measurements and explicit full-body image inspection PASS. Whole chapter/mode body inspected, including disclosures and both card faces. Later changes confined to the explicitly reviewed replacement components listed here."
THEORY-VHDDTKD-ch2-320,THEORY,/VHDDTKD,VAN_HOA_VA_DAO_DUC_TRONG_KINH_DOANH_QUOC_TE.html,ch2,Ch.2: Cultural Differences,Chương 2: Cultural Differences in International Business,320,740,G01 | G02 | G03 | G04 | G05 | G06 | G07 | G08 | G09 | V01 | V02 | V03 | V04 | FZ01 | FZ02 | FZ04,Desktop 1363x936 đã mở; đây là AFTER test chưa chạy,PASS,PASS,PASS,PASS,PASS,PASS,PASS,PASS,PASS,evidence/after/render/THEORY-VHDDTKD-ch2-320.png; implementation/visual-review.json; evidence/after/contact-sheets/sheet-086.png; evidence/after/contact-sheets/sheet-087.png,Codex,2f6eadb67fd1d5e07e58f4684dab5812002458f2,"Measurements and explicit full-body image inspection PASS. Whole chapter/mode body inspected, including disclosures and both card faces. Accepted whole-body layout; route replacement survey used where applicable."
THEORY-VHDDTKD-ch2-390,THEORY,/VHDDTKD,VAN_HOA_VA_DAO_DUC_TRONG_KINH_DOANH_QUOC_TE.html,ch2,Ch.2: Cultural Differences,Chương 2: Cultural Differences in International Business,390,844,G01 | G02 | G03 | G04 | G05 | G06 | G07 | G08 | G09 | V01 | V02 | V03 | V04 | FZ01 | FZ02 | FZ04,Desktop 1363x936 đã mở; đây là AFTER test chưa chạy,PASS,PASS,PASS,PASS,PASS,PASS,PASS,PASS,PASS,evidence/after/render/THEORY-VHDDTKD-ch2-390.png; implementation/visual-review.json; evidence/after/contact-sheets/sheet-087.png,Codex,2f6eadb67fd1d5e07e58f4684dab5812002458f2,"Measurements and explicit full-body image inspection PASS. Whole chapter/mode body inspected, including disclosures and both card faces. Accepted whole-body layout; route replacement survey used where applicable."
THEORY-VHDDTKD-ch2-768,THEORY,/VHDDTKD,VAN_HOA_VA_DAO_DUC_TRONG_KINH_DOANH_QUOC_TE.html,ch2,Ch.2: Cultural Differences,Chương 2: Cultural Differences in International Business,768,1024,G01 | G02 | G03 | G04 | G05 | G06 | G07 | G08 | G09 | V01 | V02 | V03 | V04 | FZ01 | FZ02 | FZ04,Desktop 1363x936 đã mở; đây là AFTER test chưa chạy,PASS,PASS,PASS,PASS,PASS,PASS,PASS,PASS,PASS,evidence/after/render/THEORY-VHDDTKD-ch2-768.png; implementation/visual-review.json; evidence/after/contact-sheets/sheet-087.png; evidence/after/contact-sheets/sheet-088.png,Codex,2f6eadb67fd1d5e07e58f4684dab5812002458f2,"Measurements and explicit full-body image inspection PASS. Whole chapter/mode body inspected, including disclosures and both card faces. Accepted whole-body layout; route replacement survey used where applicable."
THEORY-VHDDTKD-ch2-1366,THEORY,/VHDDTKD,VAN_HOA_VA_DAO_DUC_TRONG_KINH_DOANH_QUOC_TE.html,ch2,Ch.2: Cultural Differences,Chương 2: Cultural Differences in International Business,1366,900,G01 | G02 | G03 | G04 | G05 | G06 | G07 | G08 | G09 | V01 | V02 | V03 | V04 | FZ01 | FZ02 | FZ04,Desktop 1363x936 đã mở; đây là AFTER test chưa chạy,PASS,PASS,PASS,PASS,PASS,PASS,PASS,PASS,PASS,evidence/after/render/THEORY-VHDDTKD-ch2-1366.png; implementation/visual-review.json; evidence/after/contact-sheets/sheet-088.png,Codex,2f6eadb67fd1d5e07e58f4684dab5812002458f2,"Measurements and explicit full-body image inspection PASS. Whole chapter/mode body inspected, including disclosures and both card faces. Accepted whole-body layout; route replacement survey used where applicable."
THEORY-VHDDTKD-ch3-320,THEORY,/VHDDTKD,VAN_HOA_VA_DAO_DUC_TRONG_KINH_DOANH_QUOC_TE.html,ch3,Ch.3: Org Culture & Diversity,Chương 3: Organizational Culture & Diversity,320,740,G01 | G02 | G03 | G04 | G05 | G06 | G07 | G08 | G09 | V01 | V02 | V03 | V04 | FZ01 | FZ02 | FZ04,Desktop 1363x936 đã mở; đây là AFTER test chưa chạy,PASS,PASS,PASS,PASS,PASS,PASS,PASS,PASS,PASS,evidence/after/render/THEORY-VHDDTKD-ch3-320.png; implementation/visual-review.json; evidence/after/contact-sheets/sheet-088.png; evidence/after/contact-sheets/sheet-089.png; evidence/after/diagram-acceptance/culture-320.png,Codex,2f6eadb67fd1d5e07e58f4684dab5812002458f2,"Measurements and explicit full-body image inspection PASS. Whole chapter/mode body inspected, including disclosures and both card faces. Later changes confined to the explicitly reviewed replacement components listed here."
THEORY-VHDDTKD-ch3-390,THEORY,/VHDDTKD,VAN_HOA_VA_DAO_DUC_TRONG_KINH_DOANH_QUOC_TE.html,ch3,Ch.3: Org Culture & Diversity,Chương 3: Organizational Culture & Diversity,390,844,G01 | G02 | G03 | G04 | G05 | G06 | G07 | G08 | G09 | V01 | V02 | V03 | V04 | FZ01 | FZ02 | FZ04,Desktop 1363x936 đã mở; đây là AFTER test chưa chạy,PASS,PASS,PASS,PASS,PASS,PASS,PASS,PASS,PASS,evidence/after/render/THEORY-VHDDTKD-ch3-390.png; implementation/visual-review.json; evidence/after/contact-sheets/sheet-089.png; evidence/after/diagram-acceptance/culture-390.png,Codex,2f6eadb67fd1d5e07e58f4684dab5812002458f2,"Measurements and explicit full-body image inspection PASS. Whole chapter/mode body inspected, including disclosures and both card faces. Later changes confined to the explicitly reviewed replacement components listed here."
THEORY-VHDDTKD-ch3-768,THEORY,/VHDDTKD,VAN_HOA_VA_DAO_DUC_TRONG_KINH_DOANH_QUOC_TE.html,ch3,Ch.3: Org Culture & Diversity,Chương 3: Organizational Culture & Diversity,768,1024,G01 | G02 | G03 | G04 | G05 | G06 | G07 | G08 | G09 | V01 | V02 | V03 | V04 | FZ01 | FZ02 | FZ04,Desktop 1363x936 đã mở; đây là AFTER test chưa chạy,PASS,PASS,PASS,PASS,PASS,PASS,PASS,PASS,PASS,evidence/after/render/THEORY-VHDDTKD-ch3-768.png; implementation/visual-review.json; evidence/after/contact-sheets/sheet-089.png; evidence/after/diagram-acceptance/culture-768.png,Codex,2f6eadb67fd1d5e07e58f4684dab5812002458f2,"Measurements and explicit full-body image inspection PASS. Whole chapter/mode body inspected, including disclosures and both card faces. Later changes confined to the explicitly reviewed replacement components listed here."
THEORY-VHDDTKD-ch3-1366,THEORY,/VHDDTKD,VAN_HOA_VA_DAO_DUC_TRONG_KINH_DOANH_QUOC_TE.html,ch3,Ch.3: Org Culture & Diversity,Chương 3: Organizational Culture & Diversity,1366,900,G01 | G02 | G03 | G04 | G05 | G06 | G07 | G08 | G09 | V01 | V02 | V03 | V04 | FZ01 | FZ02 | FZ04,Desktop 1363x936 đã mở; đây là AFTER test chưa chạy,PASS,PASS,PASS,PASS,PASS,PASS,PASS,PASS,PASS,evidence/after/render/THEORY-VHDDTKD-ch3-1366.png; implementation/visual-review.json; evidence/after/contact-sheets/sheet-089.png; evidence/after/contact-sheets/sheet-090.png; evidence/after/diagram-acceptance/culture-1366.png,Codex,2f6eadb67fd1d5e07e58f4684dab5812002458f2,"Measurements and explicit full-body image inspection PASS. Whole chapter/mode body inspected, including disclosures and both card faces. Later changes confined to the explicitly reviewed replacement components listed here."
THEORY-VHDDTKD-ch4-320,THEORY,/VHDDTKD,VAN_HOA_VA_DAO_DUC_TRONG_KINH_DOANH_QUOC_TE.html,ch4,Ch.4: Motivation,Chương 4: Motivation Across Cultures,320,740,G01 | G02 | G03 | G04 | G05 | G06 | G07 | G08 | G09 | V01 | V02 | V03 | V04 | FZ01 | FZ02 | FZ04,Desktop 1363x936 đã mở; đây là AFTER test chưa chạy,PASS,PASS,PASS,PASS,PASS,PASS,PASS,PASS,PASS,evidence/after/render/THEORY-VHDDTKD-ch4-320.png; implementation/visual-review.json; evidence/after/contact-sheets/sheet-090.png; evidence/after/contact-sheets/sheet-091.png,Codex,2f6eadb67fd1d5e07e58f4684dab5812002458f2,"Measurements and explicit full-body image inspection PASS. Whole chapter/mode body inspected, including disclosures and both card faces. Accepted whole-body layout; route replacement survey used where applicable."
THEORY-VHDDTKD-ch4-390,THEORY,/VHDDTKD,VAN_HOA_VA_DAO_DUC_TRONG_KINH_DOANH_QUOC_TE.html,ch4,Ch.4: Motivation,Chương 4: Motivation Across Cultures,390,844,G01 | G02 | G03 | G04 | G05 | G06 | G07 | G08 | G09 | V01 | V02 | V03 | V04 | FZ01 | FZ02 | FZ04,Desktop 1363x936 đã mở; đây là AFTER test chưa chạy,PASS,PASS,PASS,PASS,PASS,PASS,PASS,PASS,PASS,evidence/after/render/THEORY-VHDDTKD-ch4-390.png; implementation/visual-review.json; evidence/after/contact-sheets/sheet-091.png,Codex,2f6eadb67fd1d5e07e58f4684dab5812002458f2,"Measurements and explicit full-body image inspection PASS. Whole chapter/mode body inspected, including disclosures and both card faces. Accepted whole-body layout; route replacement survey used where applicable."
THEORY-VHDDTKD-ch4-768,THEORY,/VHDDTKD,VAN_HOA_VA_DAO_DUC_TRONG_KINH_DOANH_QUOC_TE.html,ch4,Ch.4: Motivation,Chương 4: Motivation Across Cultures,768,1024,G01 | G02 | G03 | G04 | G05 | G06 | G07 | G08 | G09 | V01 | V02 | V03 | V04 | FZ01 | FZ02 | FZ04,Desktop 1363x936 đã mở; đây là AFTER test chưa chạy,PASS,PASS,PASS,PASS,PASS,PASS,PASS,PASS,PASS,evidence/after/render/THEORY-VHDDTKD-ch4-768.png; implementation/visual-review.json; evidence/after/contact-sheets/sheet-091.png; evidence/after/contact-sheets/sheet-092.png,Codex,2f6eadb67fd1d5e07e58f4684dab5812002458f2,"Measurements and explicit full-body image inspection PASS. Whole chapter/mode body inspected, including disclosures and both card faces. Accepted whole-body layout; route replacement survey used where applicable."
THEORY-VHDDTKD-ch4-1366,THEORY,/VHDDTKD,VAN_HOA_VA_DAO_DUC_TRONG_KINH_DOANH_QUOC_TE.html,ch4,Ch.4: Motivation,Chương 4: Motivation Across Cultures,1366,900,G01 | G02 | G03 | G04 | G05 | G06 | G07 | G08 | G09 | V01 | V02 | V03 | V04 | FZ01 | FZ02 | FZ04,Desktop 1363x936 đã mở; đây là AFTER test chưa chạy,PASS,PASS,PASS,PASS,PASS,PASS,PASS,PASS,PASS,evidence/after/render/THEORY-VHDDTKD-ch4-1366.png; implementation/visual-review.json; evidence/after/contact-sheets/sheet-092.png,Codex,2f6eadb67fd1d5e07e58f4684dab5812002458f2,"Measurements and explicit full-body image inspection PASS. Whole chapter/mode body inspected, including disclosures and both card faces. Accepted whole-body layout; route replacement survey used where applicable."
THEORY-VHDDTKD-ch5-320,THEORY,/VHDDTKD,VAN_HOA_VA_DAO_DUC_TRONG_KINH_DOANH_QUOC_TE.html,ch5,"Ch.5: Ethics, CSR & Sustainability","Chương 5: Ethics, Corporate Social Responsibility, and Sustainability",320,740,G01 | G02 | G03 | G04 | G05 | G06 | G07 | G08 | G09 | V01 | V02 | V03 | V04 | FZ01 | FZ02 | FZ04,Desktop 1363x936 đã mở; đây là AFTER test chưa chạy,PASS,PASS,PASS,PASS,PASS,PASS,PASS,PASS,PASS,evidence/after/render/THEORY-VHDDTKD-ch5-320.png; implementation/visual-review.json; evidence/after/contact-sheets/sheet-092.png,Codex,2f6eadb67fd1d5e07e58f4684dab5812002458f2,"Measurements and explicit full-body image inspection PASS. Whole chapter/mode body inspected, including disclosures and both card faces. Accepted whole-body layout; route replacement survey used where applicable."
THEORY-VHDDTKD-ch5-390,THEORY,/VHDDTKD,VAN_HOA_VA_DAO_DUC_TRONG_KINH_DOANH_QUOC_TE.html,ch5,"Ch.5: Ethics, CSR & Sustainability","Chương 5: Ethics, Corporate Social Responsibility, and Sustainability",390,844,G01 | G02 | G03 | G04 | G05 | G06 | G07 | G08 | G09 | V01 | V02 | V03 | V04 | FZ01 | FZ02 | FZ04,Desktop 1363x936 đã mở; đây là AFTER test chưa chạy,PASS,PASS,PASS,PASS,PASS,PASS,PASS,PASS,PASS,evidence/after/render/THEORY-VHDDTKD-ch5-390.png; implementation/visual-review.json; evidence/after/contact-sheets/sheet-092.png; evidence/after/contact-sheets/sheet-093.png,Codex,2f6eadb67fd1d5e07e58f4684dab5812002458f2,"Measurements and explicit full-body image inspection PASS. Whole chapter/mode body inspected, including disclosures and both card faces. Accepted whole-body layout; route replacement survey used where applicable."
THEORY-VHDDTKD-ch5-768,THEORY,/VHDDTKD,VAN_HOA_VA_DAO_DUC_TRONG_KINH_DOANH_QUOC_TE.html,ch5,"Ch.5: Ethics, CSR & Sustainability","Chương 5: Ethics, Corporate Social Responsibility, and Sustainability",768,1024,G01 | G02 | G03 | G04 | G05 | G06 | G07 | G08 | G09 | V01 | V02 | V03 | V04 | FZ01 | FZ02 | FZ04,Desktop 1363x936 đã mở; đây là AFTER test chưa chạy,PASS,PASS,PASS,PASS,PASS,PASS,PASS,PASS,PASS,evidence/after/render/THEORY-VHDDTKD-ch5-768.png; implementation/visual-review.json; evidence/after/contact-sheets/sheet-093.png,Codex,2f6eadb67fd1d5e07e58f4684dab5812002458f2,"Measurements and explicit full-body image inspection PASS. Whole chapter/mode body inspected, including disclosures and both card faces. Accepted whole-body layout; route replacement survey used where applicable."
THEORY-VHDDTKD-ch5-1366,THEORY,/VHDDTKD,VAN_HOA_VA_DAO_DUC_TRONG_KINH_DOANH_QUOC_TE.html,ch5,"Ch.5: Ethics, CSR & Sustainability","Chương 5: Ethics, Corporate Social Responsibility, and Sustainability",1366,900,G01 | G02 | G03 | G04 | G05 | G06 | G07 | G08 | G09 | V01 | V02 | V03 | V04 | FZ01 | FZ02 | FZ04,Desktop 1363x936 đã mở; đây là AFTER test chưa chạy,PASS,PASS,PASS,PASS,PASS,PASS,PASS,PASS,PASS,evidence/after/render/THEORY-VHDDTKD-ch5-1366.png; implementation/visual-review.json; evidence/after/contact-sheets/sheet-093.png,Codex,2f6eadb67fd1d5e07e58f4684dab5812002458f2,"Measurements and explicit full-body image inspection PASS. Whole chapter/mode body inspected, including disclosures and both card faces. Accepted whole-body layout; route replacement survey used where applicable."
THEORY-VHDDTKD-review-320,THEORY,/VHDDTKD,VAN_HOA_VA_DAO_DUC_TRONG_KINH_DOANH_QUOC_TE.html,review,Review,Global Review,320,740,G01 | G02 | G03 | G04 | G05 | G06 | G07 | G08 | G09 | V01 | V02 | V03 | V04 | FZ01 | FZ02 | FZ04,Desktop 1363x936 đã mở; đây là AFTER test chưa chạy,PASS,PASS,PASS,PASS,PASS,PASS,PASS,PASS,PASS,evidence/after/render/THEORY-VHDDTKD-review-320.png; implementation/visual-review.json; evidence/after/contact-sheets/sheet-093.png,Codex,2f6eadb67fd1d5e07e58f4684dab5812002458f2,"Measurements and explicit full-body image inspection PASS. Whole chapter/mode body inspected, including disclosures and both card faces. Accepted whole-body layout; route replacement survey used where applicable."
THEORY-VHDDTKD-review-390,THEORY,/VHDDTKD,VAN_HOA_VA_DAO_DUC_TRONG_KINH_DOANH_QUOC_TE.html,review,Review,Global Review,390,844,G01 | G02 | G03 | G04 | G05 | G06 | G07 | G08 | G09 | V01 | V02 | V03 | V04 | FZ01 | FZ02 | FZ04,Desktop 1363x936 đã mở; đây là AFTER test chưa chạy,PASS,PASS,PASS,PASS,PASS,PASS,PASS,PASS,PASS,evidence/after/render/THEORY-VHDDTKD-review-390.png; implementation/visual-review.json; evidence/after/contact-sheets/sheet-093.png; evidence/after/contact-sheets/sheet-094.png,Codex,2f6eadb67fd1d5e07e58f4684dab5812002458f2,"Measurements and explicit full-body image inspection PASS. Whole chapter/mode body inspected, including disclosures and both card faces. Accepted whole-body layout; route replacement survey used where applicable."
THEORY-VHDDTKD-review-768,THEORY,/VHDDTKD,VAN_HOA_VA_DAO_DUC_TRONG_KINH_DOANH_QUOC_TE.html,review,Review,Global Review,768,1024,G01 | G02 | G03 | G04 | G05 | G06 | G07 | G08 | G09 | V01 | V02 | V03 | V04 | FZ01 | FZ02 | FZ04,Desktop 1363x936 đã mở; đây là AFTER test chưa chạy,PASS,PASS,PASS,PASS,PASS,PASS,PASS,PASS,PASS,evidence/after/render/THEORY-VHDDTKD-review-768.png; implementation/visual-review.json; evidence/after/contact-sheets/sheet-094.png,Codex,2f6eadb67fd1d5e07e58f4684dab5812002458f2,"Measurements and explicit full-body image inspection PASS. Whole chapter/mode body inspected, including disclosures and both card faces. Accepted whole-body layout; route replacement survey used where applicable."
THEORY-VHDDTKD-review-1366,THEORY,/VHDDTKD,VAN_HOA_VA_DAO_DUC_TRONG_KINH_DOANH_QUOC_TE.html,review,Review,Global Review,1366,900,G01 | G02 | G03 | G04 | G05 | G06 | G07 | G08 | G09 | V01 | V02 | V03 | V04 | FZ01 | FZ02 | FZ04,Desktop 1363x936 đã mở; đây là AFTER test chưa chạy,PASS,PASS,PASS,PASS,PASS,PASS,PASS,PASS,PASS,evidence/after/render/THEORY-VHDDTKD-review-1366.png; implementation/visual-review.json; evidence/after/contact-sheets/sheet-094.png,Codex,2f6eadb67fd1d5e07e58f4684dab5812002458f2,"Measurements and explicit full-body image inspection PASS. Whole chapter/mode body inspected, including disclosures and both card faces. Accepted whole-body layout; route replacement survey used where applicable."
THEORY-PTBV-ch1-320,THEORY,/PTBV,PHAT_TRIEN_BEN_VUNG.html,ch1,Ch.1: Foundations,Chương 1: Overview of Sustainable Development,320,740,G01 | G02 | G03 | G04 | G05 | G06 | G07 | G08 | G09 | P01 | P02 | P03 | P04 | FZ01 | FZ02 | FZ04,Desktop 1363x936 đã mở; đây là AFTER test chưa chạy,PASS,PASS,PASS,PASS,PASS,PASS,PASS,PASS,PASS,evidence/after/render/THEORY-PTBV-ch1-320.png; implementation/visual-review.json; evidence/after/contact-sheets/_PTBV/sheet-001.png,Codex,2f6eadb67fd1d5e07e58f4684dab5812002458f2,"Measurements and explicit full-body image inspection PASS. Whole chapter/mode body inspected, including disclosures and both card faces. Accepted whole-body layout; route replacement survey used where applicable."
THEORY-PTBV-ch1-390,THEORY,/PTBV,PHAT_TRIEN_BEN_VUNG.html,ch1,Ch.1: Foundations,Chương 1: Overview of Sustainable Development,390,844,G01 | G02 | G03 | G04 | G05 | G06 | G07 | G08 | G09 | P01 | P02 | P03 | P04 | FZ01 | FZ02 | FZ04,Desktop 1363x936 đã mở; đây là AFTER test chưa chạy,PASS,PASS,PASS,PASS,PASS,PASS,PASS,PASS,PASS,evidence/after/render/THEORY-PTBV-ch1-390.png; implementation/visual-review.json; evidence/after/contact-sheets/_PTBV/sheet-005.png; evidence/after/contact-sheets/_PTBV/sheet-006.png,Codex,2f6eadb67fd1d5e07e58f4684dab5812002458f2,"Measurements and explicit full-body image inspection PASS. Whole chapter/mode body inspected, including disclosures and both card faces. Accepted whole-body layout; route replacement survey used where applicable."
THEORY-PTBV-ch1-768,THEORY,/PTBV,PHAT_TRIEN_BEN_VUNG.html,ch1,Ch.1: Foundations,Chương 1: Overview of Sustainable Development,768,1024,G01 | G02 | G03 | G04 | G05 | G06 | G07 | G08 | G09 | P01 | P02 | P03 | P04 | FZ01 | FZ02 | FZ04,Desktop 1363x936 đã mở; đây là AFTER test chưa chạy,PASS,PASS,PASS,PASS,PASS,PASS,PASS,PASS,PASS,evidence/after/render/THEORY-PTBV-ch1-768.png; implementation/visual-review.json; evidence/after/contact-sheets/_PTBV/sheet-009.png,Codex,2f6eadb67fd1d5e07e58f4684dab5812002458f2,"Measurements and explicit full-body image inspection PASS. Whole chapter/mode body inspected, including disclosures and both card faces. Accepted whole-body layout; route replacement survey used where applicable."
THEORY-PTBV-ch1-1366,THEORY,/PTBV,PHAT_TRIEN_BEN_VUNG.html,ch1,Ch.1: Foundations,Chương 1: Overview of Sustainable Development,1366,900,G01 | G02 | G03 | G04 | G05 | G06 | G07 | G08 | G09 | P01 | P02 | P03 | P04 | FZ01 | FZ02 | FZ04,Desktop 1363x936 đã mở; đây là AFTER test chưa chạy,PASS,PASS,PASS,PASS,PASS,PASS,PASS,PASS,PASS,evidence/after/render/THEORY-PTBV-ch1-1366.png; implementation/visual-review.json; evidence/after/contact-sheets/_PTBV/sheet-011.png,Codex,2f6eadb67fd1d5e07e58f4684dab5812002458f2,"Measurements and explicit full-body image inspection PASS. Whole chapter/mode body inspected, including disclosures and both card faces. Accepted whole-body layout; route replacement survey used where applicable."
THEORY-PTBV-ch2-320,THEORY,/PTBV,PHAT_TRIEN_BEN_VUNG.html,ch2,Ch.2: Challenges & Opportunities,Chương 2: Challenges and Opportunities for Sustainable Development,320,740,G01 | G02 | G03 | G04 | G05 | G06 | G07 | G08 | G09 | P01 | P02 | P03 | P04 | FZ01 | FZ02 | FZ04,Desktop 1363x936 đã mở; đây là AFTER test chưa chạy,PASS,PASS,PASS,PASS,PASS,PASS,PASS,PASS,PASS,evidence/after/render/THEORY-PTBV-ch2-320.png; implementation/visual-review.json; evidence/after/contact-sheets/_PTBV/sheet-001.png; evidence/after/contact-sheets/_PTBV/sheet-002.png,Codex,2f6eadb67fd1d5e07e58f4684dab5812002458f2,"Measurements and explicit full-body image inspection PASS. Whole chapter/mode body inspected, including disclosures and both card faces. Accepted whole-body layout; route replacement survey used where applicable."
THEORY-PTBV-ch2-390,THEORY,/PTBV,PHAT_TRIEN_BEN_VUNG.html,ch2,Ch.2: Challenges & Opportunities,Chương 2: Challenges and Opportunities for Sustainable Development,390,844,G01 | G02 | G03 | G04 | G05 | G06 | G07 | G08 | G09 | P01 | P02 | P03 | P04 | FZ01 | FZ02 | FZ04,Desktop 1363x936 đã mở; đây là AFTER test chưa chạy,PASS,PASS,PASS,PASS,PASS,PASS,PASS,PASS,PASS,evidence/after/render/THEORY-PTBV-ch2-390.png; implementation/visual-review.json; evidence/after/contact-sheets/_PTBV/sheet-006.png; evidence/after/contact-sheets/_PTBV/sheet-007.png,Codex,2f6eadb67fd1d5e07e58f4684dab5812002458f2,"Measurements and explicit full-body image inspection PASS. Whole chapter/mode body inspected, including disclosures and both card faces. Accepted whole-body layout; route replacement survey used where applicable."
THEORY-PTBV-ch2-768,THEORY,/PTBV,PHAT_TRIEN_BEN_VUNG.html,ch2,Ch.2: Challenges & Opportunities,Chương 2: Challenges and Opportunities for Sustainable Development,768,1024,G01 | G02 | G03 | G04 | G05 | G06 | G07 | G08 | G09 | P01 | P02 | P03 | P04 | FZ01 | FZ02 | FZ04,Desktop 1363x936 đã mở; đây là AFTER test chưa chạy,PASS,PASS,PASS,PASS,PASS,PASS,PASS,PASS,PASS,evidence/after/render/THEORY-PTBV-ch2-768.png; implementation/visual-review.json; evidence/after/contact-sheets/_PTBV/sheet-009.png; evidence/after/contact-sheets/_PTBV/sheet-010.png,Codex,2f6eadb67fd1d5e07e58f4684dab5812002458f2,"Measurements and explicit full-body image inspection PASS. Whole chapter/mode body inspected, including disclosures and both card faces. Accepted whole-body layout; route replacement survey used where applicable."
THEORY-PTBV-ch2-1366,THEORY,/PTBV,PHAT_TRIEN_BEN_VUNG.html,ch2,Ch.2: Challenges & Opportunities,Chương 2: Challenges and Opportunities for Sustainable Development,1366,900,G01 | G02 | G03 | G04 | G05 | G06 | G07 | G08 | G09 | P01 | P02 | P03 | P04 | FZ01 | FZ02 | FZ04,Desktop 1363x936 đã mở; đây là AFTER test chưa chạy,PASS,PASS,PASS,PASS,PASS,PASS,PASS,PASS,PASS,evidence/after/render/THEORY-PTBV-ch2-1366.png; implementation/visual-review.json; evidence/after/contact-sheets/_PTBV/sheet-011.png,Codex,2f6eadb67fd1d5e07e58f4684dab5812002458f2,"Measurements and explicit full-body image inspection PASS. Whole chapter/mode body inspected, including disclosures and both card faces. Accepted whole-body layout; route replacement survey used where applicable."
THEORY-PTBV-ch3-320,THEORY,/PTBV,PHAT_TRIEN_BEN_VUNG.html,ch3,Ch.3: Stakeholders,Chương 3: Stakeholders and Actions for Sustainable Development,320,740,G01 | G02 | G03 | G04 | G05 | G06 | G07 | G08 | G09 | P01 | P02 | P03 | P04 | FZ01 | FZ02 | FZ04,Desktop 1363x936 đã mở; đây là AFTER test chưa chạy,PASS,PASS,PASS,PASS,PASS,PASS,PASS,PASS,PASS,evidence/after/render/THEORY-PTBV-ch3-320.png; implementation/visual-review.json; evidence/after/contact-sheets/_PTBV/sheet-002.png; evidence/after/contact-sheets/_PTBV/sheet-003.png,Codex,2f6eadb67fd1d5e07e58f4684dab5812002458f2,"Measurements and explicit full-body image inspection PASS. Whole chapter/mode body inspected, including disclosures and both card faces. Accepted whole-body layout; route replacement survey used where applicable."
THEORY-PTBV-ch3-390,THEORY,/PTBV,PHAT_TRIEN_BEN_VUNG.html,ch3,Ch.3: Stakeholders,Chương 3: Stakeholders and Actions for Sustainable Development,390,844,G01 | G02 | G03 | G04 | G05 | G06 | G07 | G08 | G09 | P01 | P02 | P03 | P04 | FZ01 | FZ02 | FZ04,Desktop 1363x936 đã mở; đây là AFTER test chưa chạy,PASS,PASS,PASS,PASS,PASS,PASS,PASS,PASS,PASS,evidence/after/render/THEORY-PTBV-ch3-390.png; implementation/visual-review.json; evidence/after/contact-sheets/_PTBV/sheet-007.png,Codex,2f6eadb67fd1d5e07e58f4684dab5812002458f2,"Measurements and explicit full-body image inspection PASS. Whole chapter/mode body inspected, including disclosures and both card faces. Accepted whole-body layout; route replacement survey used where applicable."
THEORY-PTBV-ch3-768,THEORY,/PTBV,PHAT_TRIEN_BEN_VUNG.html,ch3,Ch.3: Stakeholders,Chương 3: Stakeholders and Actions for Sustainable Development,768,1024,G01 | G02 | G03 | G04 | G05 | G06 | G07 | G08 | G09 | P01 | P02 | P03 | P04 | FZ01 | FZ02 | FZ04,Desktop 1363x936 đã mở; đây là AFTER test chưa chạy,PASS,PASS,PASS,PASS,PASS,PASS,PASS,PASS,PASS,evidence/after/render/THEORY-PTBV-ch3-768.png; implementation/visual-review.json; evidence/after/contact-sheets/_PTBV/sheet-010.png,Codex,2f6eadb67fd1d5e07e58f4684dab5812002458f2,"Measurements and explicit full-body image inspection PASS. Whole chapter/mode body inspected, including disclosures and both card faces. Accepted whole-body layout; route replacement survey used where applicable."
THEORY-PTBV-ch3-1366,THEORY,/PTBV,PHAT_TRIEN_BEN_VUNG.html,ch3,Ch.3: Stakeholders,Chương 3: Stakeholders and Actions for Sustainable Development,1366,900,G01 | G02 | G03 | G04 | G05 | G06 | G07 | G08 | G09 | P01 | P02 | P03 | P04 | FZ01 | FZ02 | FZ04,Desktop 1363x936 đã mở; đây là AFTER test chưa chạy,PASS,PASS,PASS,PASS,PASS,PASS,PASS,PASS,PASS,evidence/after/render/THEORY-PTBV-ch3-1366.png; implementation/visual-review.json; evidence/after/contact-sheets/_PTBV/sheet-011.png,Codex,2f6eadb67fd1d5e07e58f4684dab5812002458f2,"Measurements and explicit full-body image inspection PASS. Whole chapter/mode body inspected, including disclosures and both card faces. Accepted whole-body layout; route replacement survey used where applicable."
THEORY-PTBV-ch4-320,THEORY,/PTBV,PHAT_TRIEN_BEN_VUNG.html,ch4,Ch.4: International Cooperation,Chương 4: International Cooperation in Sustainable Development,320,740,G01 | G02 | G03 | G04 | G05 | G06 | G07 | G08 | G09 | P01 | P02 | P03 | P04 | FZ01 | FZ02 | FZ04,Desktop 1363x936 đã mở; đây là AFTER test chưa chạy,PASS,PASS,PASS,PASS,PASS,PASS,PASS,PASS,PASS,evidence/after/render/THEORY-PTBV-ch4-320.png; implementation/visual-review.json; evidence/after/contact-sheets/_PTBV/sheet-003.png; evidence/after/contact-sheets/_PTBV/sheet-004.png,Codex,2f6eadb67fd1d5e07e58f4684dab5812002458f2,"Measurements and explicit full-body image inspection PASS. Whole chapter/mode body inspected, including disclosures and both card faces. Accepted whole-body layout; route replacement survey used where applicable."
THEORY-PTBV-ch4-390,THEORY,/PTBV,PHAT_TRIEN_BEN_VUNG.html,ch4,Ch.4: International Cooperation,Chương 4: International Cooperation in Sustainable Development,390,844,G01 | G02 | G03 | G04 | G05 | G06 | G07 | G08 | G09 | P01 | P02 | P03 | P04 | FZ01 | FZ02 | FZ04,Desktop 1363x936 đã mở; đây là AFTER test chưa chạy,PASS,PASS,PASS,PASS,PASS,PASS,PASS,PASS,PASS,evidence/after/render/THEORY-PTBV-ch4-390.png; implementation/visual-review.json; evidence/after/contact-sheets/_PTBV/sheet-007.png; evidence/after/contact-sheets/_PTBV/sheet-008.png,Codex,2f6eadb67fd1d5e07e58f4684dab5812002458f2,"Measurements and explicit full-body image inspection PASS. Whole chapter/mode body inspected, including disclosures and both card faces. Accepted whole-body layout; route replacement survey used where applicable."
THEORY-PTBV-ch4-768,THEORY,/PTBV,PHAT_TRIEN_BEN_VUNG.html,ch4,Ch.4: International Cooperation,Chương 4: International Cooperation in Sustainable Development,768,1024,G01 | G02 | G03 | G04 | G05 | G06 | G07 | G08 | G09 | P01 | P02 | P03 | P04 | FZ01 | FZ02 | FZ04,Desktop 1363x936 đã mở; đây là AFTER test chưa chạy,PASS,PASS,PASS,PASS,PASS,PASS,PASS,PASS,PASS,evidence/after/render/THEORY-PTBV-ch4-768.png; implementation/visual-review.json; evidence/after/contact-sheets/_PTBV/sheet-010.png,Codex,2f6eadb67fd1d5e07e58f4684dab5812002458f2,"Measurements and explicit full-body image inspection PASS. Whole chapter/mode body inspected, including disclosures and both card faces. Accepted whole-body layout; route replacement survey used where applicable."
THEORY-PTBV-ch4-1366,THEORY,/PTBV,PHAT_TRIEN_BEN_VUNG.html,ch4,Ch.4: International Cooperation,Chương 4: International Cooperation in Sustainable Development,1366,900,G01 | G02 | G03 | G04 | G05 | G06 | G07 | G08 | G09 | P01 | P02 | P03 | P04 | FZ01 | FZ02 | FZ04,Desktop 1363x936 đã mở; đây là AFTER test chưa chạy,PASS,PASS,PASS,PASS,PASS,PASS,PASS,PASS,PASS,evidence/after/render/THEORY-PTBV-ch4-1366.png; implementation/visual-review.json; evidence/after/contact-sheets/_PTBV/sheet-011.png,Codex,2f6eadb67fd1d5e07e58f4684dab5812002458f2,"Measurements and explicit full-body image inspection PASS. Whole chapter/mode body inspected, including disclosures and both card faces. Accepted whole-body layout; route replacement survey used where applicable."
THEORY-PTBV-ch5-320,THEORY,/PTBV,PHAT_TRIEN_BEN_VUNG.html,ch5,Ch.5: Vietnam,Chương 5: Nghiên cứu một số vấn đề về phát triển bền vững ở Việt Nam,320,740,G01 | G02 | G03 | G04 | G05 | G06 | G07 | G08 | G09 | P01 | P02 | P03 | P04 | FZ01 | FZ02 | FZ04,Desktop 1363x936 đã mở; đây là AFTER test chưa chạy,PASS,PASS,PASS,PASS,PASS,PASS,PASS,PASS,PASS,evidence/after/render/THEORY-PTBV-ch5-320.png; implementation/visual-review.json; evidence/after/contact-sheets/_PTBV/sheet-004.png; evidence/after/contact-sheets/_PTBV/sheet-005.png,Codex,2f6eadb67fd1d5e07e58f4684dab5812002458f2,"Measurements and explicit full-body image inspection PASS. Whole chapter/mode body inspected, including disclosures and both card faces. Accepted whole-body layout; route replacement survey used where applicable."
THEORY-PTBV-ch5-390,THEORY,/PTBV,PHAT_TRIEN_BEN_VUNG.html,ch5,Ch.5: Vietnam,Chương 5: Nghiên cứu một số vấn đề về phát triển bền vững ở Việt Nam,390,844,G01 | G02 | G03 | G04 | G05 | G06 | G07 | G08 | G09 | P01 | P02 | P03 | P04 | FZ01 | FZ02 | FZ04,Desktop 1363x936 đã mở; đây là AFTER test chưa chạy,PASS,PASS,PASS,PASS,PASS,PASS,PASS,PASS,PASS,evidence/after/render/THEORY-PTBV-ch5-390.png; implementation/visual-review.json; evidence/after/contact-sheets/_PTBV/sheet-008.png; evidence/after/contact-sheets/_PTBV/sheet-009.png,Codex,2f6eadb67fd1d5e07e58f4684dab5812002458f2,"Measurements and explicit full-body image inspection PASS. Whole chapter/mode body inspected, including disclosures and both card faces. Accepted whole-body layout; route replacement survey used where applicable."
THEORY-PTBV-ch5-768,THEORY,/PTBV,PHAT_TRIEN_BEN_VUNG.html,ch5,Ch.5: Vietnam,Chương 5: Nghiên cứu một số vấn đề về phát triển bền vững ở Việt Nam,768,1024,G01 | G02 | G03 | G04 | G05 | G06 | G07 | G08 | G09 | P01 | P02 | P03 | P04 | FZ01 | FZ02 | FZ04,Desktop 1363x936 đã mở; đây là AFTER test chưa chạy,PASS,PASS,PASS,PASS,PASS,PASS,PASS,PASS,PASS,evidence/after/render/THEORY-PTBV-ch5-768.png; implementation/visual-review.json; evidence/after/contact-sheets/_PTBV/sheet-010.png,Codex,2f6eadb67fd1d5e07e58f4684dab5812002458f2,"Measurements and explicit full-body image inspection PASS. Whole chapter/mode body inspected, including disclosures and both card faces. Accepted whole-body layout; route replacement survey used where applicable."
THEORY-PTBV-ch5-1366,THEORY,/PTBV,PHAT_TRIEN_BEN_VUNG.html,ch5,Ch.5: Vietnam,Chương 5: Nghiên cứu một số vấn đề về phát triển bền vững ở Việt Nam,1366,900,G01 | G02 | G03 | G04 | G05 | G06 | G07 | G08 | G09 | P01 | P02 | P03 | P04 | FZ01 | FZ02 | FZ04,Desktop 1363x936 đã mở; đây là AFTER test chưa chạy,PASS,PASS,PASS,PASS,PASS,PASS,PASS,PASS,PASS,evidence/after/render/THEORY-PTBV-ch5-1366.png; implementation/visual-review.json; evidence/after/contact-sheets/_PTBV/sheet-011.png,Codex,2f6eadb67fd1d5e07e58f4684dab5812002458f2,"Measurements and explicit full-body image inspection PASS. Whole chapter/mode body inspected, including disclosures and both card faces. Accepted whole-body layout; route replacement survey used where applicable."
THEORY-PTBV-review-320,THEORY,/PTBV,PHAT_TRIEN_BEN_VUNG.html,review,Review,Review: Global Review,320,740,G01 | G02 | G03 | G04 | G05 | G06 | G07 | G08 | G09 | P01 | P02 | P03 | P04 | FZ01 | FZ02 | FZ04,Desktop 1363x936 đã mở; đây là AFTER test chưa chạy,PASS,PASS,PASS,PASS,PASS,PASS,PASS,PASS,PASS,evidence/after/render/THEORY-PTBV-review-320.png; implementation/visual-review.json; evidence/after/contact-sheets/_PTBV/sheet-005.png,Codex,2f6eadb67fd1d5e07e58f4684dab5812002458f2,"Measurements and explicit full-body image inspection PASS. Whole chapter/mode body inspected, including disclosures and both card faces. Accepted whole-body layout; route replacement survey used where applicable."
THEORY-PTBV-review-390,THEORY,/PTBV,PHAT_TRIEN_BEN_VUNG.html,review,Review,Review: Global Review,390,844,G01 | G02 | G03 | G04 | G05 | G06 | G07 | G08 | G09 | P01 | P02 | P03 | P04 | FZ01 | FZ02 | FZ04,Desktop 1363x936 đã mở; đây là AFTER test chưa chạy,PASS,PASS,PASS,PASS,PASS,PASS,PASS,PASS,PASS,evidence/after/render/THEORY-PTBV-review-390.png; implementation/visual-review.json; evidence/after/contact-sheets/_PTBV/sheet-009.png,Codex,2f6eadb67fd1d5e07e58f4684dab5812002458f2,"Measurements and explicit full-body image inspection PASS. Whole chapter/mode body inspected, including disclosures and both card faces. Accepted whole-body layout; route replacement survey used where applicable."
THEORY-PTBV-review-768,THEORY,/PTBV,PHAT_TRIEN_BEN_VUNG.html,review,Review,Review: Global Review,768,1024,G01 | G02 | G03 | G04 | G05 | G06 | G07 | G08 | G09 | P01 | P02 | P03 | P04 | FZ01 | FZ02 | FZ04,Desktop 1363x936 đã mở; đây là AFTER test chưa chạy,PASS,PASS,PASS,PASS,PASS,PASS,PASS,PASS,PASS,evidence/after/render/THEORY-PTBV-review-768.png; implementation/visual-review.json; evidence/after/contact-sheets/_PTBV/sheet-010.png,Codex,2f6eadb67fd1d5e07e58f4684dab5812002458f2,"Measurements and explicit full-body image inspection PASS. Whole chapter/mode body inspected, including disclosures and both card faces. Accepted whole-body layout; route replacement survey used where applicable."
THEORY-PTBV-review-1366,THEORY,/PTBV,PHAT_TRIEN_BEN_VUNG.html,review,Review,Review: Global Review,1366,900,G01 | G02 | G03 | G04 | G05 | G06 | G07 | G08 | G09 | P01 | P02 | P03 | P04 | FZ01 | FZ02 | FZ04,Desktop 1363x936 đã mở; đây là AFTER test chưa chạy,PASS,PASS,PASS,PASS,PASS,PASS,PASS,PASS,PASS,evidence/after/render/THEORY-PTBV-review-1366.png; implementation/visual-review.json; evidence/after/contact-sheets/_PTBV/sheet-011.png,Codex,2f6eadb67fd1d5e07e58f4684dab5812002458f2,"Measurements and explicit full-body image inspection PASS. Whole chapter/mode body inspected, including disclosures and both card faces. Accepted whole-body layout; route replacement survey used where applicable."
THEORY-STKN-ch1-320,THEORY,/STKN,SANG_TAO_KHOI_NGHIEP.html,ch1,Ch.1: Creativity,Chương 1: Creativity Skills,320,740,G01 | G02 | G03 | G04 | G05 | G06 | G07 | G08 | G09 | S01 | S02 | S03 | S04 | S05 | FZ01 | FZ02 | FZ04,Desktop 1363x936 đã mở; đây là AFTER test chưa chạy,PASS,PASS,PASS,PASS,PASS,PASS,PASS,PASS,PASS,evidence/after/render/THEORY-STKN-ch1-320.png; implementation/visual-review.json; evidence/after/contact-sheets/sheet-094.png; evidence/after/contact-sheets/sheet-095.png; evidence/after/diagram-acceptance/classification-320.png,Codex,2f6eadb67fd1d5e07e58f4684dab5812002458f2,"Measurements and explicit full-body image inspection PASS. Whole chapter/mode body inspected, including disclosures and both card faces. Later changes confined to the explicitly reviewed replacement components listed here."
THEORY-STKN-ch1-390,THEORY,/STKN,SANG_TAO_KHOI_NGHIEP.html,ch1,Ch.1: Creativity,Chương 1: Creativity Skills,390,844,G01 | G02 | G03 | G04 | G05 | G06 | G07 | G08 | G09 | S01 | S02 | S03 | S04 | S05 | FZ01 | FZ02 | FZ04,Desktop 1363x936 đã mở; đây là AFTER test chưa chạy,PASS,PASS,PASS,PASS,PASS,PASS,PASS,PASS,PASS,evidence/after/render/THEORY-STKN-ch1-390.png; implementation/visual-review.json; evidence/after/contact-sheets/sheet-095.png; evidence/after/contact-sheets/sheet-096.png; evidence/after/diagram-acceptance/classification-390.png,Codex,2f6eadb67fd1d5e07e58f4684dab5812002458f2,"Measurements and explicit full-body image inspection PASS. Whole chapter/mode body inspected, including disclosures and both card faces. Later changes confined to the explicitly reviewed replacement components listed here."
THEORY-STKN-ch1-768,THEORY,/STKN,SANG_TAO_KHOI_NGHIEP.html,ch1,Ch.1: Creativity,Chương 1: Creativity Skills,768,1024,G01 | G02 | G03 | G04 | G05 | G06 | G07 | G08 | G09 | S01 | S02 | S03 | S04 | S05 | FZ01 | FZ02 | FZ04,Desktop 1363x936 đã mở; đây là AFTER test chưa chạy,PASS,PASS,PASS,PASS,PASS,PASS,PASS,PASS,PASS,evidence/after/render/THEORY-STKN-ch1-768.png; implementation/visual-review.json; evidence/after/contact-sheets/sheet-096.png; evidence/after/diagram-acceptance/classification-768.png,Codex,2f6eadb67fd1d5e07e58f4684dab5812002458f2,"Measurements and explicit full-body image inspection PASS. Whole chapter/mode body inspected, including disclosures and both card faces. Later changes confined to the explicitly reviewed replacement components listed here."
THEORY-STKN-ch1-1366,THEORY,/STKN,SANG_TAO_KHOI_NGHIEP.html,ch1,Ch.1: Creativity,Chương 1: Creativity Skills,1366,900,G01 | G02 | G03 | G04 | G05 | G06 | G07 | G08 | G09 | S01 | S02 | S03 | S04 | S05 | FZ01 | FZ02 | FZ04,Desktop 1363x936 đã mở; đây là AFTER test chưa chạy,PASS,PASS,PASS,PASS,PASS,PASS,PASS,PASS,PASS,evidence/after/render/THEORY-STKN-ch1-1366.png; implementation/visual-review.json; evidence/after/contact-sheets/sheet-096.png; evidence/after/diagram-acceptance/classification-1366.png,Codex,2f6eadb67fd1d5e07e58f4684dab5812002458f2,"Measurements and explicit full-body image inspection PASS. Whole chapter/mode body inspected, including disclosures and both card faces. Later changes confined to the explicitly reviewed replacement components listed here."
THEORY-STKN-ch2-320,THEORY,/STKN,SANG_TAO_KHOI_NGHIEP.html,ch2,Ch.2: Brainstorm,Chương 2: Brainstorm,320,740,G01 | G02 | G03 | G04 | G05 | G06 | G07 | G08 | G09 | S01 | S02 | S03 | S04 | S05 | FZ01 | FZ02 | FZ04,Desktop 1363x936 đã mở; đây là AFTER test chưa chạy,PASS,PASS,PASS,PASS,PASS,PASS,PASS,PASS,PASS,evidence/after/render/THEORY-STKN-ch2-320.png; implementation/visual-review.json; evidence/after/contact-sheets/sheet-097.png; evidence/after/contact-sheets/sheet-098.png,Codex,2f6eadb67fd1d5e07e58f4684dab5812002458f2,"Measurements and explicit full-body image inspection PASS. Whole chapter/mode body inspected, including disclosures and both card faces. Accepted whole-body layout; route replacement survey used where applicable."
THEORY-STKN-ch2-390,THEORY,/STKN,SANG_TAO_KHOI_NGHIEP.html,ch2,Ch.2: Brainstorm,Chương 2: Brainstorm,390,844,G01 | G02 | G03 | G04 | G05 | G06 | G07 | G08 | G09 | S01 | S02 | S03 | S04 | S05 | FZ01 | FZ02 | FZ04,Desktop 1363x936 đã mở; đây là AFTER test chưa chạy,PASS,PASS,PASS,PASS,PASS,PASS,PASS,PASS,PASS,evidence/after/render/THEORY-STKN-ch2-390.png; implementation/visual-review.json; evidence/after/contact-sheets/sheet-098.png,Codex,2f6eadb67fd1d5e07e58f4684dab5812002458f2,"Measurements and explicit full-body image inspection PASS. Whole chapter/mode body inspected, including disclosures and both card faces. Accepted whole-body layout; route replacement survey used where applicable."
THEORY-STKN-ch2-768,THEORY,/STKN,SANG_TAO_KHOI_NGHIEP.html,ch2,Ch.2: Brainstorm,Chương 2: Brainstorm,768,1024,G01 | G02 | G03 | G04 | G05 | G06 | G07 | G08 | G09 | S01 | S02 | S03 | S04 | S05 | FZ01 | FZ02 | FZ04,Desktop 1363x936 đã mở; đây là AFTER test chưa chạy,PASS,PASS,PASS,PASS,PASS,PASS,PASS,PASS,PASS,evidence/after/render/THEORY-STKN-ch2-768.png; implementation/visual-review.json; evidence/after/contact-sheets/sheet-098.png; evidence/after/contact-sheets/sheet-099.png,Codex,2f6eadb67fd1d5e07e58f4684dab5812002458f2,"Measurements and explicit full-body image inspection PASS. Whole chapter/mode body inspected, including disclosures and both card faces. Accepted whole-body layout; route replacement survey used where applicable."
THEORY-STKN-ch2-1366,THEORY,/STKN,SANG_TAO_KHOI_NGHIEP.html,ch2,Ch.2: Brainstorm,Chương 2: Brainstorm,1366,900,G01 | G02 | G03 | G04 | G05 | G06 | G07 | G08 | G09 | S01 | S02 | S03 | S04 | S05 | FZ01 | FZ02 | FZ04,Desktop 1363x936 đã mở; đây là AFTER test chưa chạy,PASS,PASS,PASS,PASS,PASS,PASS,PASS,PASS,PASS,evidence/after/render/THEORY-STKN-ch2-1366.png; implementation/visual-review.json; evidence/after/contact-sheets/sheet-099.png,Codex,2f6eadb67fd1d5e07e58f4684dab5812002458f2,"Measurements and explicit full-body image inspection PASS. Whole chapter/mode body inspected, including disclosures and both card faces. Accepted whole-body layout; route replacement survey used where applicable."
THEORY-STKN-ch3-320,THEORY,/STKN,SANG_TAO_KHOI_NGHIEP.html,ch3,Ch.3: Critical Thinking,Chương 3: Critical Thinking,320,740,G01 | G02 | G03 | G04 | G05 | G06 | G07 | G08 | G09 | S01 | S02 | S03 | S04 | S05 | FZ01 | FZ02 | FZ04,Desktop 1363x936 đã mở; đây là AFTER test chưa chạy,PASS,PASS,PASS,PASS,PASS,PASS,PASS,PASS,PASS,evidence/after/render/THEORY-STKN-ch3-320.png; implementation/visual-review.json; evidence/after/contact-sheets/sheet-099.png; evidence/after/diagram-acceptance/ARES-320.png,Codex,2f6eadb67fd1d5e07e58f4684dab5812002458f2,"Measurements and explicit full-body image inspection PASS. Whole chapter/mode body inspected, including disclosures and both card faces. Later changes confined to the explicitly reviewed replacement components listed here."
THEORY-STKN-ch3-390,THEORY,/STKN,SANG_TAO_KHOI_NGHIEP.html,ch3,Ch.3: Critical Thinking,Chương 3: Critical Thinking,390,844,G01 | G02 | G03 | G04 | G05 | G06 | G07 | G08 | G09 | S01 | S02 | S03 | S04 | S05 | FZ01 | FZ02 | FZ04,Desktop 1363x936 đã mở; đây là AFTER test chưa chạy,PASS,PASS,PASS,PASS,PASS,PASS,PASS,PASS,PASS,evidence/after/render/THEORY-STKN-ch3-390.png; implementation/visual-review.json; evidence/after/contact-sheets/sheet-100.png; evidence/after/diagram-acceptance/ARES-390.png,Codex,2f6eadb67fd1d5e07e58f4684dab5812002458f2,"Measurements and explicit full-body image inspection PASS. Whole chapter/mode body inspected, including disclosures and both card faces. Later changes confined to the explicitly reviewed replacement components listed here."
THEORY-STKN-ch3-768,THEORY,/STKN,SANG_TAO_KHOI_NGHIEP.html,ch3,Ch.3: Critical Thinking,Chương 3: Critical Thinking,768,1024,G01 | G02 | G03 | G04 | G05 | G06 | G07 | G08 | G09 | S01 | S02 | S03 | S04 | S05 | FZ01 | FZ02 | FZ04,Desktop 1363x936 đã mở; đây là AFTER test chưa chạy,PASS,PASS,PASS,PASS,PASS,PASS,PASS,PASS,PASS,evidence/after/render/THEORY-STKN-ch3-768.png; implementation/visual-review.json; evidence/after/contact-sheets/sheet-100.png; evidence/after/diagram-acceptance/ARES-768.png,Codex,2f6eadb67fd1d5e07e58f4684dab5812002458f2,"Measurements and explicit full-body image inspection PASS. Whole chapter/mode body inspected, including disclosures and both card faces. Later changes confined to the explicitly reviewed replacement components listed here."
THEORY-STKN-ch3-1366,THEORY,/STKN,SANG_TAO_KHOI_NGHIEP.html,ch3,Ch.3: Critical Thinking,Chương 3: Critical Thinking,1366,900,G01 | G02 | G03 | G04 | G05 | G06 | G07 | G08 | G09 | S01 | S02 | S03 | S04 | S05 | FZ01 | FZ02 | FZ04,Desktop 1363x936 đã mở; đây là AFTER test chưa chạy,PASS,PASS,PASS,PASS,PASS,PASS,PASS,PASS,PASS,evidence/after/render/THEORY-STKN-ch3-1366.png; implementation/visual-review.json; evidence/after/contact-sheets/sheet-100.png; evidence/after/diagram-acceptance/ARES-1366.png,Codex,2f6eadb67fd1d5e07e58f4684dab5812002458f2,"Measurements and explicit full-body image inspection PASS. Whole chapter/mode body inspected, including disclosures and both card faces. Later changes confined to the explicitly reviewed replacement components listed here."
THEORY-STKN-ch4-320,THEORY,/STKN,SANG_TAO_KHOI_NGHIEP.html,ch4,Ch.4: Design Thinking,Chương 4: Design Thinking,320,740,G01 | G02 | G03 | G04 | G05 | G06 | G07 | G08 | G09 | S01 | S02 | S03 | S04 | S05 | FZ01 | FZ02 | FZ04,Desktop 1363x936 đã mở; đây là AFTER test chưa chạy,PASS,PASS,PASS,PASS,PASS,PASS,PASS,PASS,PASS,evidence/after/render/THEORY-STKN-ch4-320.png; implementation/visual-review.json; evidence/after/contact-sheets/sheet-101.png; evidence/after/contact-sheets/sheet-102.png,Codex,2f6eadb67fd1d5e07e58f4684dab5812002458f2,"Measurements and explicit full-body image inspection PASS. Whole chapter/mode body inspected, including disclosures and both card faces. Accepted whole-body layout; route replacement survey used where applicable."
THEORY-STKN-ch4-390,THEORY,/STKN,SANG_TAO_KHOI_NGHIEP.html,ch4,Ch.4: Design Thinking,Chương 4: Design Thinking,390,844,G01 | G02 | G03 | G04 | G05 | G06 | G07 | G08 | G09 | S01 | S02 | S03 | S04 | S05 | FZ01 | FZ02 | FZ04,Desktop 1363x936 đã mở; đây là AFTER test chưa chạy,PASS,PASS,PASS,PASS,PASS,PASS,PASS,PASS,PASS,evidence/after/render/THEORY-STKN-ch4-390.png; implementation/visual-review.json; evidence/after/contact-sheets/sheet-102.png; evidence/after/contact-sheets/sheet-103.png,Codex,2f6eadb67fd1d5e07e58f4684dab5812002458f2,"Measurements and explicit full-body image inspection PASS. Whole chapter/mode body inspected, including disclosures and both card faces. Accepted whole-body layout; route replacement survey used where applicable."
THEORY-STKN-ch4-768,THEORY,/STKN,SANG_TAO_KHOI_NGHIEP.html,ch4,Ch.4: Design Thinking,Chương 4: Design Thinking,768,1024,G01 | G02 | G03 | G04 | G05 | G06 | G07 | G08 | G09 | S01 | S02 | S03 | S04 | S05 | FZ01 | FZ02 | FZ04,Desktop 1363x936 đã mở; đây là AFTER test chưa chạy,PASS,PASS,PASS,PASS,PASS,PASS,PASS,PASS,PASS,evidence/after/render/THEORY-STKN-ch4-768.png; implementation/visual-review.json; evidence/after/contact-sheets/sheet-103.png,Codex,2f6eadb67fd1d5e07e58f4684dab5812002458f2,"Measurements and explicit full-body image inspection PASS. Whole chapter/mode body inspected, including disclosures and both card faces. Accepted whole-body layout; route replacement survey used where applicable."
THEORY-STKN-ch4-1366,THEORY,/STKN,SANG_TAO_KHOI_NGHIEP.html,ch4,Ch.4: Design Thinking,Chương 4: Design Thinking,1366,900,G01 | G02 | G03 | G04 | G05 | G06 | G07 | G08 | G09 | S01 | S02 | S03 | S04 | S05 | FZ01 | FZ02 | FZ04,Desktop 1363x936 đã mở; đây là AFTER test chưa chạy,PASS,PASS,PASS,PASS,PASS,PASS,PASS,PASS,PASS,evidence/after/render/THEORY-STKN-ch4-1366.png; implementation/visual-review.json; evidence/after/contact-sheets/sheet-103.png,Codex,2f6eadb67fd1d5e07e58f4684dab5812002458f2,"Measurements and explicit full-body image inspection PASS. Whole chapter/mode body inspected, including disclosures and both card faces. Accepted whole-body layout; route replacement survey used where applicable."
THEORY-STKN-ch5-320,THEORY,/STKN,SANG_TAO_KHOI_NGHIEP.html,ch5,Ch.5: Persuasion,Chương 5: Creative in Persuading,320,740,G01 | G02 | G03 | G04 | G05 | G06 | G07 | G08 | G09 | S01 | S02 | S03 | S04 | S05 | FZ01 | FZ02 | FZ04,Desktop 1363x936 đã mở; đây là AFTER test chưa chạy,PASS,PASS,PASS,PASS,PASS,PASS,PASS,PASS,PASS,evidence/after/render/THEORY-STKN-ch5-320.png; implementation/visual-review.json; evidence/after/contact-sheets/sheet-103.png; evidence/after/contact-sheets/sheet-104.png,Codex,2f6eadb67fd1d5e07e58f4684dab5812002458f2,"Measurements and explicit full-body image inspection PASS. Whole chapter/mode body inspected, including disclosures and both card faces. Accepted whole-body layout; route replacement survey used where applicable."
THEORY-STKN-ch5-390,THEORY,/STKN,SANG_TAO_KHOI_NGHIEP.html,ch5,Ch.5: Persuasion,Chương 5: Creative in Persuading,390,844,G01 | G02 | G03 | G04 | G05 | G06 | G07 | G08 | G09 | S01 | S02 | S03 | S04 | S05 | FZ01 | FZ02 | FZ04,Desktop 1363x936 đã mở; đây là AFTER test chưa chạy,PASS,PASS,PASS,PASS,PASS,PASS,PASS,PASS,PASS,evidence/after/render/THEORY-STKN-ch5-390.png; implementation/visual-review.json; evidence/after/contact-sheets/sheet-104.png,Codex,2f6eadb67fd1d5e07e58f4684dab5812002458f2,"Measurements and explicit full-body image inspection PASS. Whole chapter/mode body inspected, including disclosures and both card faces. Accepted whole-body layout; route replacement survey used where applicable."
THEORY-STKN-ch5-768,THEORY,/STKN,SANG_TAO_KHOI_NGHIEP.html,ch5,Ch.5: Persuasion,Chương 5: Creative in Persuading,768,1024,G01 | G02 | G03 | G04 | G05 | G06 | G07 | G08 | G09 | S01 | S02 | S03 | S04 | S05 | FZ01 | FZ02 | FZ04,Desktop 1363x936 đã mở; đây là AFTER test chưa chạy,PASS,PASS,PASS,PASS,PASS,PASS,PASS,PASS,PASS,evidence/after/render/THEORY-STKN-ch5-768.png; implementation/visual-review.json; evidence/after/contact-sheets/sheet-104.png,Codex,2f6eadb67fd1d5e07e58f4684dab5812002458f2,"Measurements and explicit full-body image inspection PASS. Whole chapter/mode body inspected, including disclosures and both card faces. Accepted whole-body layout; route replacement survey used where applicable."
THEORY-STKN-ch5-1366,THEORY,/STKN,SANG_TAO_KHOI_NGHIEP.html,ch5,Ch.5: Persuasion,Chương 5: Creative in Persuading,1366,900,G01 | G02 | G03 | G04 | G05 | G06 | G07 | G08 | G09 | S01 | S02 | S03 | S04 | S05 | FZ01 | FZ02 | FZ04,Desktop 1363x936 đã mở; đây là AFTER test chưa chạy,PASS,PASS,PASS,PASS,PASS,PASS,PASS,PASS,PASS,evidence/after/render/THEORY-STKN-ch5-1366.png; implementation/visual-review.json; evidence/after/contact-sheets/sheet-105.png,Codex,2f6eadb67fd1d5e07e58f4684dab5812002458f2,"Measurements and explicit full-body image inspection PASS. Whole chapter/mode body inspected, including disclosures and both card faces. Accepted whole-body layout; route replacement survey used where applicable."
THEORY-STKN-ch6-320,THEORY,/STKN,SANG_TAO_KHOI_NGHIEP.html,ch6,Ch.6: Opportunity,Chương 6: Entrepreneurship & Recognizing Entrepreneurial Opportunities,320,740,G01 | G02 | G03 | G04 | G05 | G06 | G07 | G08 | G09 | S01 | S02 | S03 | S04 | S05 | FZ01 | FZ02 | FZ04,Desktop 1363x936 đã mở; đây là AFTER test chưa chạy,PASS,PASS,PASS,PASS,PASS,PASS,PASS,PASS,PASS,evidence/after/render/THEORY-STKN-ch6-320.png; implementation/visual-review.json; evidence/after/contact-sheets/sheet-105.png; evidence/after/contact-sheets/sheet-106.png,Codex,2f6eadb67fd1d5e07e58f4684dab5812002458f2,"Measurements and explicit full-body image inspection PASS. Whole chapter/mode body inspected, including disclosures and both card faces. Accepted whole-body layout; route replacement survey used where applicable."
THEORY-STKN-ch6-390,THEORY,/STKN,SANG_TAO_KHOI_NGHIEP.html,ch6,Ch.6: Opportunity,Chương 6: Entrepreneurship & Recognizing Entrepreneurial Opportunities,390,844,G01 | G02 | G03 | G04 | G05 | G06 | G07 | G08 | G09 | S01 | S02 | S03 | S04 | S05 | FZ01 | FZ02 | FZ04,Desktop 1363x936 đã mở; đây là AFTER test chưa chạy,PASS,PASS,PASS,PASS,PASS,PASS,PASS,PASS,PASS,evidence/after/render/THEORY-STKN-ch6-390.png; implementation/visual-review.json; evidence/after/contact-sheets/sheet-106.png; evidence/after/contact-sheets/sheet-107.png,Codex,2f6eadb67fd1d5e07e58f4684dab5812002458f2,"Measurements and explicit full-body image inspection PASS. Whole chapter/mode body inspected, including disclosures and both card faces. Accepted whole-body layout; route replacement survey used where applicable."
THEORY-STKN-ch6-768,THEORY,/STKN,SANG_TAO_KHOI_NGHIEP.html,ch6,Ch.6: Opportunity,Chương 6: Entrepreneurship & Recognizing Entrepreneurial Opportunities,768,1024,G01 | G02 | G03 | G04 | G05 | G06 | G07 | G08 | G09 | S01 | S02 | S03 | S04 | S05 | FZ01 | FZ02 | FZ04,Desktop 1363x936 đã mở; đây là AFTER test chưa chạy,PASS,PASS,PASS,PASS,PASS,PASS,PASS,PASS,PASS,evidence/after/render/THEORY-STKN-ch6-768.png; implementation/visual-review.json; evidence/after/contact-sheets/sheet-107.png; evidence/after/contact-sheets/sheet-108.png,Codex,2f6eadb67fd1d5e07e58f4684dab5812002458f2,"Measurements and explicit full-body image inspection PASS. Whole chapter/mode body inspected, including disclosures and both card faces. Accepted whole-body layout; route replacement survey used where applicable."
THEORY-STKN-ch6-1366,THEORY,/STKN,SANG_TAO_KHOI_NGHIEP.html,ch6,Ch.6: Opportunity,Chương 6: Entrepreneurship & Recognizing Entrepreneurial Opportunities,1366,900,G01 | G02 | G03 | G04 | G05 | G06 | G07 | G08 | G09 | S01 | S02 | S03 | S04 | S05 | FZ01 | FZ02 | FZ04,Desktop 1363x936 đã mở; đây là AFTER test chưa chạy,PASS,PASS,PASS,PASS,PASS,PASS,PASS,PASS,PASS,evidence/after/render/THEORY-STKN-ch6-1366.png; implementation/visual-review.json; evidence/after/contact-sheets/sheet-108.png,Codex,2f6eadb67fd1d5e07e58f4684dab5812002458f2,"Measurements and explicit full-body image inspection PASS. Whole chapter/mode body inspected, including disclosures and both card faces. Accepted whole-body layout; route replacement survey used where applicable."
THEORY-STKN-ch7-320,THEORY,/STKN,SANG_TAO_KHOI_NGHIEP.html,ch7,Ch.7: Mindset,Chương 7: The Entrepreneurial Mindset,320,740,G01 | G02 | G03 | G04 | G05 | G06 | G07 | G08 | G09 | S01 | S02 | S03 | S04 | S05 | FZ01 | FZ02 | FZ04,Desktop 1363x936 đã mở; đây là AFTER test chưa chạy,PASS,PASS,PASS,PASS,PASS,PASS,PASS,PASS,PASS,evidence/after/render/THEORY-STKN-ch7-320.png; implementation/visual-review.json; evidence/after/contact-sheets/sheet-108.png; evidence/after/contact-sheets/sheet-109.png; evidence/after/contact-sheets/sheet-110.png; evidence/after/diagram-acceptance/BMC-320-0.png; evidence/after/diagram-acceptance/BMC-320-0-end.png; evidence/after/diagram-acceptance/BMC-320-1.png; evidence/after/diagram-acceptance/BMC-320-1-end.png; evidence/after/diagram-acceptance/BMC-320-2.png; evidence/after/diagram-acceptance/BMC-320-2-end.png,Codex,2f6eadb67fd1d5e07e58f4684dab5812002458f2,"Measurements and explicit full-body image inspection PASS. Whole chapter/mode body inspected, including disclosures and both card faces. Later changes confined to the explicitly reviewed replacement components listed here."
THEORY-STKN-ch7-390,THEORY,/STKN,SANG_TAO_KHOI_NGHIEP.html,ch7,Ch.7: Mindset,Chương 7: The Entrepreneurial Mindset,390,844,G01 | G02 | G03 | G04 | G05 | G06 | G07 | G08 | G09 | S01 | S02 | S03 | S04 | S05 | FZ01 | FZ02 | FZ04,Desktop 1363x936 đã mở; đây là AFTER test chưa chạy,PASS,PASS,PASS,PASS,PASS,PASS,PASS,PASS,PASS,evidence/after/render/THEORY-STKN-ch7-390.png; implementation/visual-review.json; evidence/after/contact-sheets/sheet-110.png; evidence/after/contact-sheets/sheet-111.png; evidence/after/diagram-acceptance/BMC-390-0.png; evidence/after/diagram-acceptance/BMC-390-0-end.png; evidence/after/diagram-acceptance/BMC-390-1.png; evidence/after/diagram-acceptance/BMC-390-1-end.png; evidence/after/diagram-acceptance/BMC-390-2.png; evidence/after/diagram-acceptance/BMC-390-2-end.png,Codex,2f6eadb67fd1d5e07e58f4684dab5812002458f2,"Measurements and explicit full-body image inspection PASS. Whole chapter/mode body inspected, including disclosures and both card faces. Later changes confined to the explicitly reviewed replacement components listed here."
THEORY-STKN-ch7-768,THEORY,/STKN,SANG_TAO_KHOI_NGHIEP.html,ch7,Ch.7: Mindset,Chương 7: The Entrepreneurial Mindset,768,1024,G01 | G02 | G03 | G04 | G05 | G06 | G07 | G08 | G09 | S01 | S02 | S03 | S04 | S05 | FZ01 | FZ02 | FZ04,Desktop 1363x936 đã mở; đây là AFTER test chưa chạy,PASS,PASS,PASS,PASS,PASS,PASS,PASS,PASS,PASS,evidence/after/render/THEORY-STKN-ch7-768.png; implementation/visual-review.json; evidence/after/contact-sheets/sheet-111.png; evidence/after/contact-sheets/sheet-112.png; evidence/after/diagram-acceptance/BMC-768-0.png; evidence/after/diagram-acceptance/BMC-768-0-end.png; evidence/after/diagram-acceptance/BMC-768-1.png; evidence/after/diagram-acceptance/BMC-768-1-end.png; evidence/after/diagram-acceptance/BMC-768-2.png; evidence/after/diagram-acceptance/BMC-768-2-end.png,Codex,2f6eadb67fd1d5e07e58f4684dab5812002458f2,"Measurements and explicit full-body image inspection PASS. Whole chapter/mode body inspected, including disclosures and both card faces. Later changes confined to the explicitly reviewed replacement components listed here."
THEORY-STKN-ch7-1366,THEORY,/STKN,SANG_TAO_KHOI_NGHIEP.html,ch7,Ch.7: Mindset,Chương 7: The Entrepreneurial Mindset,1366,900,G01 | G02 | G03 | G04 | G05 | G06 | G07 | G08 | G09 | S01 | S02 | S03 | S04 | S05 | FZ01 | FZ02 | FZ04,Desktop 1363x936 đã mở; đây là AFTER test chưa chạy,PASS,PASS,PASS,PASS,PASS,PASS,PASS,PASS,PASS,evidence/after/render/THEORY-STKN-ch7-1366.png; implementation/visual-review.json; evidence/after/contact-sheets/sheet-112.png; evidence/after/diagram-acceptance/BMC-1366-0.png; evidence/after/diagram-acceptance/BMC-1366-1.png; evidence/after/diagram-acceptance/BMC-1366-2.png,Codex,2f6eadb67fd1d5e07e58f4684dab5812002458f2,"Measurements and explicit full-body image inspection PASS. Whole chapter/mode body inspected, including disclosures and both card faces. Later changes confined to the explicitly reviewed replacement components listed here."
THEORY-STKN-review-320,THEORY,/STKN,SANG_TAO_KHOI_NGHIEP.html,review,Review,Review: Global Theory Map,320,740,G01 | G02 | G03 | G04 | G05 | G06 | G07 | G08 | G09 | S01 | S02 | S03 | S04 | S05 | FZ01 | FZ02 | FZ04,Desktop 1363x936 đã mở; đây là AFTER test chưa chạy,PASS,PASS,PASS,PASS,PASS,PASS,PASS,PASS,PASS,evidence/after/render/THEORY-STKN-review-320.png; implementation/visual-review.json; evidence/after/contact-sheets/sheet-112.png,Codex,2f6eadb67fd1d5e07e58f4684dab5812002458f2,"Measurements and explicit full-body image inspection PASS. Whole chapter/mode body inspected, including disclosures and both card faces. Accepted whole-body layout; route replacement survey used where applicable."
THEORY-STKN-review-390,THEORY,/STKN,SANG_TAO_KHOI_NGHIEP.html,review,Review,Review: Global Theory Map,390,844,G01 | G02 | G03 | G04 | G05 | G06 | G07 | G08 | G09 | S01 | S02 | S03 | S04 | S05 | FZ01 | FZ02 | FZ04,Desktop 1363x936 đã mở; đây là AFTER test chưa chạy,PASS,PASS,PASS,PASS,PASS,PASS,PASS,PASS,PASS,evidence/after/render/THEORY-STKN-review-390.png; implementation/visual-review.json; evidence/after/contact-sheets/sheet-112.png; evidence/after/contact-sheets/sheet-113.png,Codex,2f6eadb67fd1d5e07e58f4684dab5812002458f2,"Measurements and explicit full-body image inspection PASS. Whole chapter/mode body inspected, including disclosures and both card faces. Accepted whole-body layout; route replacement survey used where applicable."
THEORY-STKN-review-768,THEORY,/STKN,SANG_TAO_KHOI_NGHIEP.html,review,Review,Review: Global Theory Map,768,1024,G01 | G02 | G03 | G04 | G05 | G06 | G07 | G08 | G09 | S01 | S02 | S03 | S04 | S05 | FZ01 | FZ02 | FZ04,Desktop 1363x936 đã mở; đây là AFTER test chưa chạy,PASS,PASS,PASS,PASS,PASS,PASS,PASS,PASS,PASS,evidence/after/render/THEORY-STKN-review-768.png; implementation/visual-review.json; evidence/after/contact-sheets/sheet-113.png,Codex,2f6eadb67fd1d5e07e58f4684dab5812002458f2,"Measurements and explicit full-body image inspection PASS. Whole chapter/mode body inspected, including disclosures and both card faces. Accepted whole-body layout; route replacement survey used where applicable."
THEORY-STKN-review-1366,THEORY,/STKN,SANG_TAO_KHOI_NGHIEP.html,review,Review,Review: Global Theory Map,1366,900,G01 | G02 | G03 | G04 | G05 | G06 | G07 | G08 | G09 | S01 | S02 | S03 | S04 | S05 | FZ01 | FZ02 | FZ04,Desktop 1363x936 đã mở; đây là AFTER test chưa chạy,PASS,PASS,PASS,PASS,PASS,PASS,PASS,PASS,PASS,evidence/after/render/THEORY-STKN-review-1366.png; implementation/visual-review.json; evidence/after/contact-sheets/sheet-113.png,Codex,2f6eadb67fd1d5e07e58f4684dab5812002458f2,"Measurements and explicit full-body image inspection PASS. Whole chapter/mode body inspected, including disclosures and both card faces. Accepted whole-body layout; route replacement survey used where applicable."
THEORY-TLUD-ch1-320,THEORY,/TLUD,TAM_LY_UNG_DUNG.html,ch1,Ch.1: Introduction,Chương 1: Introduction to Psychology,320,740,G01 | G02 | G03 | G04 | G05 | G06 | G07 | G08 | G09 | D01 | D02 | D03 | D04 | FZ01 | FZ02 | FZ04,Desktop 1363x936 đã mở; đây là AFTER test chưa chạy,PASS,PASS,PASS,PASS,PASS,PASS,PASS,PASS,PASS,evidence/after/render/THEORY-TLUD-ch1-320.png; implementation/visual-review.json; evidence/after/contact-sheets/sheet-113.png; evidence/after/contact-sheets/sheet-114.png; evidence/after/diagram-acceptance/iceberg-match-320.png; evidence/after/pyramid/TLUD_pyramid_320_100.png; evidence/after/pyramid/TLUD_pyramid_320_200.png,Codex,2f6eadb67fd1d5e07e58f4684dab5812002458f2,"Measurements and explicit full-body image inspection PASS. Whole chapter/mode body inspected, including disclosures and both card faces. Later changes confined to the explicitly reviewed replacement components listed here."
THEORY-TLUD-ch1-390,THEORY,/TLUD,TAM_LY_UNG_DUNG.html,ch1,Ch.1: Introduction,Chương 1: Introduction to Psychology,390,844,G01 | G02 | G03 | G04 | G05 | G06 | G07 | G08 | G09 | D01 | D02 | D03 | D04 | FZ01 | FZ02 | FZ04,Desktop 1363x936 đã mở; đây là AFTER test chưa chạy,PASS,PASS,PASS,PASS,PASS,PASS,PASS,PASS,PASS,evidence/after/render/THEORY-TLUD-ch1-390.png; implementation/visual-review.json; evidence/after/contact-sheets/sheet-114.png; evidence/after/diagram-acceptance/iceberg-match-390.png; evidence/after/pyramid/TLUD_pyramid_390_100.png; evidence/after/pyramid/TLUD_pyramid_390_200.png,Codex,2f6eadb67fd1d5e07e58f4684dab5812002458f2,"Measurements and explicit full-body image inspection PASS. Whole chapter/mode body inspected, including disclosures and both card faces. Later changes confined to the explicitly reviewed replacement components listed here."
THEORY-TLUD-ch1-768,THEORY,/TLUD,TAM_LY_UNG_DUNG.html,ch1,Ch.1: Introduction,Chương 1: Introduction to Psychology,768,1024,G01 | G02 | G03 | G04 | G05 | G06 | G07 | G08 | G09 | D01 | D02 | D03 | D04 | FZ01 | FZ02 | FZ04,Desktop 1363x936 đã mở; đây là AFTER test chưa chạy,PASS,PASS,PASS,PASS,PASS,PASS,PASS,PASS,PASS,evidence/after/render/THEORY-TLUD-ch1-768.png; implementation/visual-review.json; evidence/after/contact-sheets/sheet-114.png; evidence/after/diagram-acceptance/iceberg-match-768.png; evidence/after/pyramid/TLUD_pyramid_768_100.png; evidence/after/pyramid/TLUD_pyramid_768_200.png,Codex,2f6eadb67fd1d5e07e58f4684dab5812002458f2,"Measurements and explicit full-body image inspection PASS. Whole chapter/mode body inspected, including disclosures and both card faces. Later changes confined to the explicitly reviewed replacement components listed here."
THEORY-TLUD-ch1-1366,THEORY,/TLUD,TAM_LY_UNG_DUNG.html,ch1,Ch.1: Introduction,Chương 1: Introduction to Psychology,1366,900,G01 | G02 | G03 | G04 | G05 | G06 | G07 | G08 | G09 | D01 | D02 | D03 | D04 | FZ01 | FZ02 | FZ04,Desktop 1363x936 đã mở; đây là AFTER test chưa chạy,PASS,PASS,PASS,PASS,PASS,PASS,PASS,PASS,PASS,evidence/after/render/THEORY-TLUD-ch1-1366.png; implementation/visual-review.json; evidence/after/contact-sheets/sheet-115.png; evidence/after/diagram-acceptance/iceberg-match-1366.png; evidence/after/pyramid/TLUD_pyramid_1366_100.png; evidence/after/pyramid/TLUD_pyramid_1366_200.png,Codex,2f6eadb67fd1d5e07e58f4684dab5812002458f2,"Measurements and explicit full-body image inspection PASS. Whole chapter/mode body inspected, including disclosures and both card faces. Later changes confined to the explicitly reviewed replacement components listed here."
THEORY-TLUD-ch2-320,THEORY,/TLUD,TAM_LY_UNG_DUNG.html,ch2,Ch.2: Feeling & Perception,Chương 2: Feeling and Perception,320,740,G01 | G02 | G03 | G04 | G05 | G06 | G07 | G08 | G09 | D01 | D02 | D03 | D04 | FZ01 | FZ02 | FZ04,Desktop 1363x936 đã mở; đây là AFTER test chưa chạy,PASS,PASS,PASS,PASS,PASS,PASS,PASS,PASS,PASS,evidence/after/render/THEORY-TLUD-ch2-320.png; implementation/visual-review.json; evidence/after/contact-sheets/sheet-115.png,Codex,2f6eadb67fd1d5e07e58f4684dab5812002458f2,"Measurements and explicit full-body image inspection PASS. Whole chapter/mode body inspected, including disclosures and both card faces. Accepted whole-body layout; route replacement survey used where applicable."
THEORY-TLUD-ch2-390,THEORY,/TLUD,TAM_LY_UNG_DUNG.html,ch2,Ch.2: Feeling & Perception,Chương 2: Feeling and Perception,390,844,G01 | G02 | G03 | G04 | G05 | G06 | G07 | G08 | G09 | D01 | D02 | D03 | D04 | FZ01 | FZ02 | FZ04,Desktop 1363x936 đã mở; đây là AFTER test chưa chạy,PASS,PASS,PASS,PASS,PASS,PASS,PASS,PASS,PASS,evidence/after/render/THEORY-TLUD-ch2-390.png; implementation/visual-review.json; evidence/after/contact-sheets/sheet-116.png,Codex,2f6eadb67fd1d5e07e58f4684dab5812002458f2,"Measurements and explicit full-body image inspection PASS. Whole chapter/mode body inspected, including disclosures and both card faces. Accepted whole-body layout; route replacement survey used where applicable."
THEORY-TLUD-ch2-768,THEORY,/TLUD,TAM_LY_UNG_DUNG.html,ch2,Ch.2: Feeling & Perception,Chương 2: Feeling and Perception,768,1024,G01 | G02 | G03 | G04 | G05 | G06 | G07 | G08 | G09 | D01 | D02 | D03 | D04 | FZ01 | FZ02 | FZ04,Desktop 1363x936 đã mở; đây là AFTER test chưa chạy,PASS,PASS,PASS,PASS,PASS,PASS,PASS,PASS,PASS,evidence/after/render/THEORY-TLUD-ch2-768.png; implementation/visual-review.json; evidence/after/contact-sheets/sheet-116.png,Codex,2f6eadb67fd1d5e07e58f4684dab5812002458f2,"Measurements and explicit full-body image inspection PASS. Whole chapter/mode body inspected, including disclosures and both card faces. Accepted whole-body layout; route replacement survey used where applicable."
THEORY-TLUD-ch2-1366,THEORY,/TLUD,TAM_LY_UNG_DUNG.html,ch2,Ch.2: Feeling & Perception,Chương 2: Feeling and Perception,1366,900,G01 | G02 | G03 | G04 | G05 | G06 | G07 | G08 | G09 | D01 | D02 | D03 | D04 | FZ01 | FZ02 | FZ04,Desktop 1363x936 đã mở; đây là AFTER test chưa chạy,PASS,PASS,PASS,PASS,PASS,PASS,PASS,PASS,PASS,evidence/after/render/THEORY-TLUD-ch2-1366.png; implementation/visual-review.json; evidence/after/contact-sheets/sheet-116.png,Codex,2f6eadb67fd1d5e07e58f4684dab5812002458f2,"Measurements and explicit full-body image inspection PASS. Whole chapter/mode body inspected, including disclosures and both card faces. Accepted whole-body layout; route replacement survey used where applicable."
THEORY-TLUD-ch3-320,THEORY,/TLUD,TAM_LY_UNG_DUNG.html,ch3,Ch.3: Memory & Thinking,Chương 3: Memory and Thinking,320,740,G01 | G02 | G03 | G04 | G05 | G06 | G07 | G08 | G09 | D01 | D02 | D03 | D04 | FZ01 | FZ02 | FZ04,Desktop 1363x936 đã mở; đây là AFTER test chưa chạy,PASS,PASS,PASS,PASS,PASS,PASS,PASS,PASS,PASS,evidence/after/render/THEORY-TLUD-ch3-320.png; implementation/visual-review.json; evidence/after/contact-sheets/sheet-117.png,Codex,2f6eadb67fd1d5e07e58f4684dab5812002458f2,"Measurements and explicit full-body image inspection PASS. Whole chapter/mode body inspected, including disclosures and both card faces. Accepted whole-body layout; route replacement survey used where applicable."
THEORY-TLUD-ch3-390,THEORY,/TLUD,TAM_LY_UNG_DUNG.html,ch3,Ch.3: Memory & Thinking,Chương 3: Memory and Thinking,390,844,G01 | G02 | G03 | G04 | G05 | G06 | G07 | G08 | G09 | D01 | D02 | D03 | D04 | FZ01 | FZ02 | FZ04,Desktop 1363x936 đã mở; đây là AFTER test chưa chạy,PASS,PASS,PASS,PASS,PASS,PASS,PASS,PASS,PASS,evidence/after/render/THEORY-TLUD-ch3-390.png; implementation/visual-review.json; evidence/after/contact-sheets/sheet-118.png,Codex,2f6eadb67fd1d5e07e58f4684dab5812002458f2,"Measurements and explicit full-body image inspection PASS. Whole chapter/mode body inspected, including disclosures and both card faces. Accepted whole-body layout; route replacement survey used where applicable."
THEORY-TLUD-ch3-768,THEORY,/TLUD,TAM_LY_UNG_DUNG.html,ch3,Ch.3: Memory & Thinking,Chương 3: Memory and Thinking,768,1024,G01 | G02 | G03 | G04 | G05 | G06 | G07 | G08 | G09 | D01 | D02 | D03 | D04 | FZ01 | FZ02 | FZ04,Desktop 1363x936 đã mở; đây là AFTER test chưa chạy,PASS,PASS,PASS,PASS,PASS,PASS,PASS,PASS,PASS,evidence/after/render/THEORY-TLUD-ch3-768.png; implementation/visual-review.json; evidence/after/contact-sheets/sheet-118.png,Codex,2f6eadb67fd1d5e07e58f4684dab5812002458f2,"Measurements and explicit full-body image inspection PASS. Whole chapter/mode body inspected, including disclosures and both card faces. Accepted whole-body layout; route replacement survey used where applicable."
THEORY-TLUD-ch3-1366,THEORY,/TLUD,TAM_LY_UNG_DUNG.html,ch3,Ch.3: Memory & Thinking,Chương 3: Memory and Thinking,1366,900,G01 | G02 | G03 | G04 | G05 | G06 | G07 | G08 | G09 | D01 | D02 | D03 | D04 | FZ01 | FZ02 | FZ04,Desktop 1363x936 đã mở; đây là AFTER test chưa chạy,PASS,PASS,PASS,PASS,PASS,PASS,PASS,PASS,PASS,evidence/after/render/THEORY-TLUD-ch3-1366.png; implementation/visual-review.json; evidence/after/contact-sheets/sheet-119.png,Codex,2f6eadb67fd1d5e07e58f4684dab5812002458f2,"Measurements and explicit full-body image inspection PASS. Whole chapter/mode body inspected, including disclosures and both card faces. Accepted whole-body layout; route replacement survey used where applicable."
THEORY-TLUD-ch4-320,THEORY,/TLUD,TAM_LY_UNG_DUNG.html,ch4,Ch.4: Emotion & Stress,"Chương 4: Emotion, Stress and Motivation",320,740,G01 | G02 | G03 | G04 | G05 | G06 | G07 | G08 | G09 | D01 | D02 | D03 | D04 | FZ01 | FZ02 | FZ04,Desktop 1363x936 đã mở; đây là AFTER test chưa chạy,PASS,PASS,PASS,PASS,PASS,PASS,PASS,PASS,PASS,evidence/after/render/THEORY-TLUD-ch4-320.png; implementation/visual-review.json; evidence/after/contact-sheets/sheet-119.png,Codex,2f6eadb67fd1d5e07e58f4684dab5812002458f2,"Measurements and explicit full-body image inspection PASS. Whole chapter/mode body inspected, including disclosures and both card faces. Accepted whole-body layout; route replacement survey used where applicable."
THEORY-TLUD-ch4-390,THEORY,/TLUD,TAM_LY_UNG_DUNG.html,ch4,Ch.4: Emotion & Stress,"Chương 4: Emotion, Stress and Motivation",390,844,G01 | G02 | G03 | G04 | G05 | G06 | G07 | G08 | G09 | D01 | D02 | D03 | D04 | FZ01 | FZ02 | FZ04,Desktop 1363x936 đã mở; đây là AFTER test chưa chạy,PASS,PASS,PASS,PASS,PASS,PASS,PASS,PASS,PASS,evidence/after/render/THEORY-TLUD-ch4-390.png; implementation/visual-review.json; evidence/after/contact-sheets/sheet-119.png; evidence/after/contact-sheets/sheet-120.png,Codex,2f6eadb67fd1d5e07e58f4684dab5812002458f2,"Measurements and explicit full-body image inspection PASS. Whole chapter/mode body inspected, including disclosures and both card faces. Accepted whole-body layout; route replacement survey used where applicable."
THEORY-TLUD-ch4-768,THEORY,/TLUD,TAM_LY_UNG_DUNG.html,ch4,Ch.4: Emotion & Stress,"Chương 4: Emotion, Stress and Motivation",768,1024,G01 | G02 | G03 | G04 | G05 | G06 | G07 | G08 | G09 | D01 | D02 | D03 | D04 | FZ01 | FZ02 | FZ04,Desktop 1363x936 đã mở; đây là AFTER test chưa chạy,PASS,PASS,PASS,PASS,PASS,PASS,PASS,PASS,PASS,evidence/after/render/THEORY-TLUD-ch4-768.png; implementation/visual-review.json; evidence/after/contact-sheets/sheet-120.png,Codex,2f6eadb67fd1d5e07e58f4684dab5812002458f2,"Measurements and explicit full-body image inspection PASS. Whole chapter/mode body inspected, including disclosures and both card faces. Accepted whole-body layout; route replacement survey used where applicable."
THEORY-TLUD-ch4-1366,THEORY,/TLUD,TAM_LY_UNG_DUNG.html,ch4,Ch.4: Emotion & Stress,"Chương 4: Emotion, Stress and Motivation",1366,900,G01 | G02 | G03 | G04 | G05 | G06 | G07 | G08 | G09 | D01 | D02 | D03 | D04 | FZ01 | FZ02 | FZ04,Desktop 1363x936 đã mở; đây là AFTER test chưa chạy,PASS,PASS,PASS,PASS,PASS,PASS,PASS,PASS,PASS,evidence/after/render/THEORY-TLUD-ch4-1366.png; implementation/visual-review.json; evidence/after/contact-sheets/sheet-120.png,Codex,2f6eadb67fd1d5e07e58f4684dab5812002458f2,"Measurements and explicit full-body image inspection PASS. Whole chapter/mode body inspected, including disclosures and both card faces. Accepted whole-body layout; route replacement survey used where applicable."
THEORY-TLUD-ch5-320,THEORY,/TLUD,TAM_LY_UNG_DUNG.html,ch5,Ch.5: Development,Chương 5: Development Psychology,320,740,G01 | G02 | G03 | G04 | G05 | G06 | G07 | G08 | G09 | D01 | D02 | D03 | D04 | FZ01 | FZ02 | FZ04,Desktop 1363x936 đã mở; đây là AFTER test chưa chạy,PASS,PASS,PASS,PASS,PASS,PASS,PASS,PASS,PASS,evidence/after/render/THEORY-TLUD-ch5-320.png; implementation/visual-review.json; evidence/after/contact-sheets/sheet-120.png; evidence/after/contact-sheets/sheet-121.png,Codex,2f6eadb67fd1d5e07e58f4684dab5812002458f2,"Measurements and explicit full-body image inspection PASS. Whole chapter/mode body inspected, including disclosures and both card faces. Accepted whole-body layout; route replacement survey used where applicable."
THEORY-TLUD-ch5-390,THEORY,/TLUD,TAM_LY_UNG_DUNG.html,ch5,Ch.5: Development,Chương 5: Development Psychology,390,844,G01 | G02 | G03 | G04 | G05 | G06 | G07 | G08 | G09 | D01 | D02 | D03 | D04 | FZ01 | FZ02 | FZ04,Desktop 1363x936 đã mở; đây là AFTER test chưa chạy,PASS,PASS,PASS,PASS,PASS,PASS,PASS,PASS,PASS,evidence/after/render/THEORY-TLUD-ch5-390.png; implementation/visual-review.json; evidence/after/contact-sheets/sheet-121.png,Codex,2f6eadb67fd1d5e07e58f4684dab5812002458f2,"Measurements and explicit full-body image inspection PASS. Whole chapter/mode body inspected, including disclosures and both card faces. Accepted whole-body layout; route replacement survey used where applicable."
THEORY-TLUD-ch5-768,THEORY,/TLUD,TAM_LY_UNG_DUNG.html,ch5,Ch.5: Development,Chương 5: Development Psychology,768,1024,G01 | G02 | G03 | G04 | G05 | G06 | G07 | G08 | G09 | D01 | D02 | D03 | D04 | FZ01 | FZ02 | FZ04,Desktop 1363x936 đã mở; đây là AFTER test chưa chạy,PASS,PASS,PASS,PASS,PASS,PASS,PASS,PASS,PASS,evidence/after/render/THEORY-TLUD-ch5-768.png; implementation/visual-review.json; evidence/after/contact-sheets/sheet-121.png,Codex,2f6eadb67fd1d5e07e58f4684dab5812002458f2,"Measurements and explicit full-body image inspection PASS. Whole chapter/mode body inspected, including disclosures and both card faces. Accepted whole-body layout; route replacement survey used where applicable."
THEORY-TLUD-ch5-1366,THEORY,/TLUD,TAM_LY_UNG_DUNG.html,ch5,Ch.5: Development,Chương 5: Development Psychology,1366,900,G01 | G02 | G03 | G04 | G05 | G06 | G07 | G08 | G09 | D01 | D02 | D03 | D04 | FZ01 | FZ02 | FZ04,Desktop 1363x936 đã mở; đây là AFTER test chưa chạy,PASS,PASS,PASS,PASS,PASS,PASS,PASS,PASS,PASS,evidence/after/render/THEORY-TLUD-ch5-1366.png; implementation/visual-review.json; evidence/after/contact-sheets/sheet-121.png,Codex,2f6eadb67fd1d5e07e58f4684dab5812002458f2,"Measurements and explicit full-body image inspection PASS. Whole chapter/mode body inspected, including disclosures and both card faces. Accepted whole-body layout; route replacement survey used where applicable."
THEORY-TLUD-ch6-320,THEORY,/TLUD,TAM_LY_UNG_DUNG.html,ch6,Ch.6: Personality,Chương 6: Personality,320,740,G01 | G02 | G03 | G04 | G05 | G06 | G07 | G08 | G09 | D01 | D02 | D03 | D04 | FZ01 | FZ02 | FZ04,Desktop 1363x936 đã mở; đây là AFTER test chưa chạy,PASS,PASS,PASS,PASS,PASS,PASS,PASS,PASS,PASS,evidence/after/render/THEORY-TLUD-ch6-320.png; implementation/visual-review.json; evidence/after/contact-sheets/sheet-121.png; evidence/after/contact-sheets/sheet-122.png,Codex,2f6eadb67fd1d5e07e58f4684dab5812002458f2,"Measurements and explicit full-body image inspection PASS. Whole chapter/mode body inspected, including disclosures and both card faces. Accepted whole-body layout; route replacement survey used where applicable."
THEORY-TLUD-ch6-390,THEORY,/TLUD,TAM_LY_UNG_DUNG.html,ch6,Ch.6: Personality,Chương 6: Personality,390,844,G01 | G02 | G03 | G04 | G05 | G06 | G07 | G08 | G09 | D01 | D02 | D03 | D04 | FZ01 | FZ02 | FZ04,Desktop 1363x936 đã mở; đây là AFTER test chưa chạy,PASS,PASS,PASS,PASS,PASS,PASS,PASS,PASS,PASS,evidence/after/render/THEORY-TLUD-ch6-390.png; implementation/visual-review.json; evidence/after/contact-sheets/sheet-122.png,Codex,2f6eadb67fd1d5e07e58f4684dab5812002458f2,"Measurements and explicit full-body image inspection PASS. Whole chapter/mode body inspected, including disclosures and both card faces. Accepted whole-body layout; route replacement survey used where applicable."
THEORY-TLUD-ch6-768,THEORY,/TLUD,TAM_LY_UNG_DUNG.html,ch6,Ch.6: Personality,Chương 6: Personality,768,1024,G01 | G02 | G03 | G04 | G05 | G06 | G07 | G08 | G09 | D01 | D02 | D03 | D04 | FZ01 | FZ02 | FZ04,Desktop 1363x936 đã mở; đây là AFTER test chưa chạy,PASS,PASS,PASS,PASS,PASS,PASS,PASS,PASS,PASS,evidence/after/render/THEORY-TLUD-ch6-768.png; implementation/visual-review.json; evidence/after/contact-sheets/sheet-122.png,Codex,2f6eadb67fd1d5e07e58f4684dab5812002458f2,"Measurements and explicit full-body image inspection PASS. Whole chapter/mode body inspected, including disclosures and both card faces. Accepted whole-body layout; route replacement survey used where applicable."
THEORY-TLUD-ch6-1366,THEORY,/TLUD,TAM_LY_UNG_DUNG.html,ch6,Ch.6: Personality,Chương 6: Personality,1366,900,G01 | G02 | G03 | G04 | G05 | G06 | G07 | G08 | G09 | D01 | D02 | D03 | D04 | FZ01 | FZ02 | FZ04,Desktop 1363x936 đã mở; đây là AFTER test chưa chạy,PASS,PASS,PASS,PASS,PASS,PASS,PASS,PASS,PASS,evidence/after/render/THEORY-TLUD-ch6-1366.png; implementation/visual-review.json; evidence/after/contact-sheets/sheet-122.png,Codex,2f6eadb67fd1d5e07e58f4684dab5812002458f2,"Measurements and explicit full-body image inspection PASS. Whole chapter/mode body inspected, including disclosures and both card faces. Accepted whole-body layout; route replacement survey used where applicable."
THEORY-TLUD-ch7-320,THEORY,/TLUD,TAM_LY_UNG_DUNG.html,ch7,Supplement: Operant,Chương 7: Supplement — Operant Conditioning Framework,320,740,G01 | G02 | G03 | G04 | G05 | G06 | G07 | G08 | G09 | D01 | D02 | D03 | D04 | FZ01 | FZ02 | FZ04,Desktop 1363x936 đã mở; đây là AFTER test chưa chạy,PASS,PASS,PASS,PASS,PASS,PASS,PASS,PASS,PASS,evidence/after/render/THEORY-TLUD-ch7-320.png; implementation/visual-review.json; evidence/after/contact-sheets/sheet-122.png,Codex,2f6eadb67fd1d5e07e58f4684dab5812002458f2,"Measurements and explicit full-body image inspection PASS. Whole chapter/mode body inspected, including disclosures and both card faces. Accepted whole-body layout; route replacement survey used where applicable."
THEORY-TLUD-ch7-390,THEORY,/TLUD,TAM_LY_UNG_DUNG.html,ch7,Supplement: Operant,Chương 7: Supplement — Operant Conditioning Framework,390,844,G01 | G02 | G03 | G04 | G05 | G06 | G07 | G08 | G09 | D01 | D02 | D03 | D04 | FZ01 | FZ02 | FZ04,Desktop 1363x936 đã mở; đây là AFTER test chưa chạy,PASS,PASS,PASS,PASS,PASS,PASS,PASS,PASS,PASS,evidence/after/render/THEORY-TLUD-ch7-390.png; implementation/visual-review.json; evidence/after/contact-sheets/sheet-123.png,Codex,2f6eadb67fd1d5e07e58f4684dab5812002458f2,"Measurements and explicit full-body image inspection PASS. Whole chapter/mode body inspected, including disclosures and both card faces. Accepted whole-body layout; route replacement survey used where applicable."
THEORY-TLUD-ch7-768,THEORY,/TLUD,TAM_LY_UNG_DUNG.html,ch7,Supplement: Operant,Chương 7: Supplement — Operant Conditioning Framework,768,1024,G01 | G02 | G03 | G04 | G05 | G06 | G07 | G08 | G09 | D01 | D02 | D03 | D04 | FZ01 | FZ02 | FZ04,Desktop 1363x936 đã mở; đây là AFTER test chưa chạy,PASS,PASS,PASS,PASS,PASS,PASS,PASS,PASS,PASS,evidence/after/render/THEORY-TLUD-ch7-768.png; implementation/visual-review.json; evidence/after/contact-sheets/sheet-123.png,Codex,2f6eadb67fd1d5e07e58f4684dab5812002458f2,"Measurements and explicit full-body image inspection PASS. Whole chapter/mode body inspected, including disclosures and both card faces. Accepted whole-body layout; route replacement survey used where applicable."
THEORY-TLUD-ch7-1366,THEORY,/TLUD,TAM_LY_UNG_DUNG.html,ch7,Supplement: Operant,Chương 7: Supplement — Operant Conditioning Framework,1366,900,G01 | G02 | G03 | G04 | G05 | G06 | G07 | G08 | G09 | D01 | D02 | D03 | D04 | FZ01 | FZ02 | FZ04,Desktop 1363x936 đã mở; đây là AFTER test chưa chạy,PASS,PASS,PASS,PASS,PASS,PASS,PASS,PASS,PASS,evidence/after/render/THEORY-TLUD-ch7-1366.png; implementation/visual-review.json; evidence/after/contact-sheets/sheet-123.png,Codex,2f6eadb67fd1d5e07e58f4684dab5812002458f2,"Measurements and explicit full-body image inspection PASS. Whole chapter/mode body inspected, including disclosures and both card faces. Accepted whole-body layout; route replacement survey used where applicable."
THEORY-TLUD-review-320,THEORY,/TLUD,TAM_LY_UNG_DUNG.html,review,Review,Review: Course Review,320,740,G01 | G02 | G03 | G04 | G05 | G06 | G07 | G08 | G09 | D01 | D02 | D03 | D04 | FZ01 | FZ02 | FZ04,Desktop 1363x936 đã mở; đây là AFTER test chưa chạy,PASS,PASS,PASS,PASS,PASS,PASS,PASS,PASS,PASS,evidence/after/render/THEORY-TLUD-review-320.png; implementation/visual-review.json; evidence/after/contact-sheets/sheet-123.png,Codex,2f6eadb67fd1d5e07e58f4684dab5812002458f2,"Measurements and explicit full-body image inspection PASS. Whole chapter/mode body inspected, including disclosures and both card faces. Accepted whole-body layout; route replacement survey used where applicable."
THEORY-TLUD-review-390,THEORY,/TLUD,TAM_LY_UNG_DUNG.html,review,Review,Review: Course Review,390,844,G01 | G02 | G03 | G04 | G05 | G06 | G07 | G08 | G09 | D01 | D02 | D03 | D04 | FZ01 | FZ02 | FZ04,Desktop 1363x936 đã mở; đây là AFTER test chưa chạy,PASS,PASS,PASS,PASS,PASS,PASS,PASS,PASS,PASS,evidence/after/render/THEORY-TLUD-review-390.png; implementation/visual-review.json; evidence/after/contact-sheets/sheet-123.png,Codex,2f6eadb67fd1d5e07e58f4684dab5812002458f2,"Measurements and explicit full-body image inspection PASS. Whole chapter/mode body inspected, including disclosures and both card faces. Accepted whole-body layout; route replacement survey used where applicable."
THEORY-TLUD-review-768,THEORY,/TLUD,TAM_LY_UNG_DUNG.html,review,Review,Review: Course Review,768,1024,G01 | G02 | G03 | G04 | G05 | G06 | G07 | G08 | G09 | D01 | D02 | D03 | D04 | FZ01 | FZ02 | FZ04,Desktop 1363x936 đã mở; đây là AFTER test chưa chạy,PASS,PASS,PASS,PASS,PASS,PASS,PASS,PASS,PASS,evidence/after/render/THEORY-TLUD-review-768.png; implementation/visual-review.json; evidence/after/contact-sheets/sheet-123.png,Codex,2f6eadb67fd1d5e07e58f4684dab5812002458f2,"Measurements and explicit full-body image inspection PASS. Whole chapter/mode body inspected, including disclosures and both card faces. Accepted whole-body layout; route replacement survey used where applicable."
THEORY-TLUD-review-1366,THEORY,/TLUD,TAM_LY_UNG_DUNG.html,review,Review,Review: Course Review,1366,900,G01 | G02 | G03 | G04 | G05 | G06 | G07 | G08 | G09 | D01 | D02 | D03 | D04 | FZ01 | FZ02 | FZ04,Desktop 1363x936 đã mở; đây là AFTER test chưa chạy,PASS,PASS,PASS,PASS,PASS,PASS,PASS,PASS,PASS,evidence/after/render/THEORY-TLUD-review-1366.png; implementation/visual-review.json; evidence/after/contact-sheets/sheet-123.png,Codex,2f6eadb67fd1d5e07e58f4684dab5812002458f2,"Measurements and explicit full-body image inspection PASS. Whole chapter/mode body inspected, including disclosures and both card faces. Accepted whole-body layout; route replacement survey used where applicable."
PRACTICE-NhapMonLuatHoc-LuyenDe-Tổng quan-320,PRACTICE,/NhapMonLuatHoc-LuyenDe,NhapMonLuatHoc-LuyenDe.html,Tổng quan,Tổng quan,,320,740,X01 | X02 | X03 | X04 | FZ03,Desktop 1363x936 đã mở; đây là AFTER test chưa chạy,PASS,PASS,PASS,PASS,PASS,PASS,PASS,PASS,PASS,evidence/after/render/PRACTICE-NhapMonLuatHoc-LuyenDe-Tổng quan-320.png; implementation/visual-review.json; evidence/after/contact-sheets/_NguyenLyKeToan_LuyenDe__TCCN_LuyenDe__NhapMonLuatHoc_LuyenDe__KTQT_LuyenDe__LTMQT_LuyenDe__NLTTTC_LuyenDe/sheet-001.png,Codex,2f6eadb67fd1d5e07e58f4684dab5812002458f2,"Measurements and explicit full-body image inspection PASS. Whole chapter/mode body inspected, including disclosures and both card faces. Accepted whole-body layout; route replacement survey used where applicable."
PRACTICE-NhapMonLuatHoc-LuyenDe-Tổng quan-390,PRACTICE,/NhapMonLuatHoc-LuyenDe,NhapMonLuatHoc-LuyenDe.html,Tổng quan,Tổng quan,,390,844,X01 | X02 | X03 | X04 | FZ03,Desktop 1363x936 đã mở; đây là AFTER test chưa chạy,PASS,PASS,PASS,PASS,PASS,PASS,PASS,PASS,PASS,evidence/after/render/PRACTICE-NhapMonLuatHoc-LuyenDe-Tổng quan-390.png; implementation/visual-review.json; evidence/after/contact-sheets/_NguyenLyKeToan_LuyenDe__TCCN_LuyenDe__NhapMonLuatHoc_LuyenDe__KTQT_LuyenDe__LTMQT_LuyenDe__NLTTTC_LuyenDe/sheet-001.png,Codex,2f6eadb67fd1d5e07e58f4684dab5812002458f2,"Measurements and explicit full-body image inspection PASS. Whole chapter/mode body inspected, including disclosures and both card faces. Accepted whole-body layout; route replacement survey used where applicable."
PRACTICE-NhapMonLuatHoc-LuyenDe-Tổng quan-768,PRACTICE,/NhapMonLuatHoc-LuyenDe,NhapMonLuatHoc-LuyenDe.html,Tổng quan,Tổng quan,,768,1024,X01 | X02 | X03 | X04 | FZ03,Desktop 1363x936 đã mở; đây là AFTER test chưa chạy,PASS,PASS,PASS,PASS,PASS,PASS,PASS,PASS,PASS,evidence/after/render/PRACTICE-NhapMonLuatHoc-LuyenDe-Tổng quan-768.png; implementation/visual-review.json; evidence/after/contact-sheets/_NguyenLyKeToan_LuyenDe__TCCN_LuyenDe__NhapMonLuatHoc_LuyenDe__KTQT_LuyenDe__LTMQT_LuyenDe__NLTTTC_LuyenDe/sheet-001.png,Codex,2f6eadb67fd1d5e07e58f4684dab5812002458f2,"Measurements and explicit full-body image inspection PASS. Whole chapter/mode body inspected, including disclosures and both card faces. Accepted whole-body layout; route replacement survey used where applicable."
PRACTICE-NhapMonLuatHoc-LuyenDe-Tổng quan-1366,PRACTICE,/NhapMonLuatHoc-LuyenDe,NhapMonLuatHoc-LuyenDe.html,Tổng quan,Tổng quan,,1366,900,X01 | X02 | X03 | X04 | FZ03,Desktop 1363x936 đã mở; đây là AFTER test chưa chạy,PASS,PASS,PASS,PASS,PASS,PASS,PASS,PASS,PASS,evidence/after/render/PRACTICE-NhapMonLuatHoc-LuyenDe-Tổng quan-1366.png; implementation/visual-review.json; evidence/after/contact-sheets/_NguyenLyKeToan_LuyenDe__TCCN_LuyenDe__NhapMonLuatHoc_LuyenDe__KTQT_LuyenDe__LTMQT_LuyenDe__NLTTTC_LuyenDe/sheet-002.png,Codex,2f6eadb67fd1d5e07e58f4684dab5812002458f2,"Measurements and explicit full-body image inspection PASS. Whole chapter/mode body inspected, including disclosures and both card faces. Accepted whole-body layout; route replacement survey used where applicable."
PRACTICE-NhapMonLuatHoc-LuyenDe-Theo chương-320,PRACTICE,/NhapMonLuatHoc-LuyenDe,NhapMonLuatHoc-LuyenDe.html,Theo chương,Theo chương,,320,740,X01 | X02 | X03 | X04 | FZ03,Desktop 1363x936 đã mở; đây là AFTER test chưa chạy,PASS,PASS,PASS,PASS,PASS,PASS,PASS,PASS,PASS,evidence/after/render/PRACTICE-NhapMonLuatHoc-LuyenDe-Theo chương-320.png; implementation/visual-review.json; evidence/after/contact-sheets/_NguyenLyKeToan_LuyenDe__TCCN_LuyenDe__NhapMonLuatHoc_LuyenDe__KTQT_LuyenDe__LTMQT_LuyenDe__NLTTTC_LuyenDe/sheet-001.png,Codex,2f6eadb67fd1d5e07e58f4684dab5812002458f2,"Measurements and explicit full-body image inspection PASS. Whole chapter/mode body inspected, including disclosures and both card faces. Accepted whole-body layout; route replacement survey used where applicable."
PRACTICE-NhapMonLuatHoc-LuyenDe-Theo chương-390,PRACTICE,/NhapMonLuatHoc-LuyenDe,NhapMonLuatHoc-LuyenDe.html,Theo chương,Theo chương,,390,844,X01 | X02 | X03 | X04 | FZ03,Desktop 1363x936 đã mở; đây là AFTER test chưa chạy,PASS,PASS,PASS,PASS,PASS,PASS,PASS,PASS,PASS,evidence/after/render/PRACTICE-NhapMonLuatHoc-LuyenDe-Theo chương-390.png; implementation/visual-review.json; evidence/after/contact-sheets/_NguyenLyKeToan_LuyenDe__TCCN_LuyenDe__NhapMonLuatHoc_LuyenDe__KTQT_LuyenDe__LTMQT_LuyenDe__NLTTTC_LuyenDe/sheet-001.png,Codex,2f6eadb67fd1d5e07e58f4684dab5812002458f2,"Measurements and explicit full-body image inspection PASS. Whole chapter/mode body inspected, including disclosures and both card faces. Accepted whole-body layout; route replacement survey used where applicable."
PRACTICE-NhapMonLuatHoc-LuyenDe-Theo chương-768,PRACTICE,/NhapMonLuatHoc-LuyenDe,NhapMonLuatHoc-LuyenDe.html,Theo chương,Theo chương,,768,1024,X01 | X02 | X03 | X04 | FZ03,Desktop 1363x936 đã mở; đây là AFTER test chưa chạy,PASS,PASS,PASS,PASS,PASS,PASS,PASS,PASS,PASS,evidence/after/render/PRACTICE-NhapMonLuatHoc-LuyenDe-Theo chương-768.png; implementation/visual-review.json; evidence/after/contact-sheets/_NguyenLyKeToan_LuyenDe__TCCN_LuyenDe__NhapMonLuatHoc_LuyenDe__KTQT_LuyenDe__LTMQT_LuyenDe__NLTTTC_LuyenDe/sheet-001.png,Codex,2f6eadb67fd1d5e07e58f4684dab5812002458f2,"Measurements and explicit full-body image inspection PASS. Whole chapter/mode body inspected, including disclosures and both card faces. Accepted whole-body layout; route replacement survey used where applicable."
PRACTICE-NhapMonLuatHoc-LuyenDe-Theo chương-1366,PRACTICE,/NhapMonLuatHoc-LuyenDe,NhapMonLuatHoc-LuyenDe.html,Theo chương,Theo chương,,1366,900,X01 | X02 | X03 | X04 | FZ03,Desktop 1363x936 đã mở; đây là AFTER test chưa chạy,PASS,PASS,PASS,PASS,PASS,PASS,PASS,PASS,PASS,evidence/after/render/PRACTICE-NhapMonLuatHoc-LuyenDe-Theo chương-1366.png; implementation/visual-review.json; evidence/after/contact-sheets/_NguyenLyKeToan_LuyenDe__TCCN_LuyenDe__NhapMonLuatHoc_LuyenDe__KTQT_LuyenDe__LTMQT_LuyenDe__NLTTTC_LuyenDe/sheet-002.png,Codex,2f6eadb67fd1d5e07e58f4684dab5812002458f2,"Measurements and explicit full-body image inspection PASS. Whole chapter/mode body inspected, including disclosures and both card faces. Accepted whole-body layout; route replacement survey used where applicable."
PRACTICE-NhapMonLuatHoc-LuyenDe-Trắc nghiệm-320,PRACTICE,/NhapMonLuatHoc-LuyenDe,NhapMonLuatHoc-LuyenDe.html,Trắc nghiệm,Trắc nghiệm,,320,740,X01 | X02 | X03 | X04 | FZ03,Desktop 1363x936 đã mở; đây là AFTER test chưa chạy,PASS,PASS,PASS,PASS,PASS,PASS,PASS,PASS,PASS,evidence/after/render/PRACTICE-NhapMonLuatHoc-LuyenDe-Trắc nghiệm-320.png; implementation/visual-review.json; evidence/after/contact-sheets/_NguyenLyKeToan_LuyenDe__TCCN_LuyenDe__NhapMonLuatHoc_LuyenDe__KTQT_LuyenDe__LTMQT_LuyenDe__NLTTTC_LuyenDe/sheet-001.png,Codex,2f6eadb67fd1d5e07e58f4684dab5812002458f2,"Measurements and explicit full-body image inspection PASS. Whole chapter/mode body inspected, including disclosures and both card faces. Accepted whole-body layout; route replacement survey used where applicable."
PRACTICE-NhapMonLuatHoc-LuyenDe-Trắc nghiệm-390,PRACTICE,/NhapMonLuatHoc-LuyenDe,NhapMonLuatHoc-LuyenDe.html,Trắc nghiệm,Trắc nghiệm,,390,844,X01 | X02 | X03 | X04 | FZ03,Desktop 1363x936 đã mở; đây là AFTER test chưa chạy,PASS,PASS,PASS,PASS,PASS,PASS,PASS,PASS,PASS,evidence/after/render/PRACTICE-NhapMonLuatHoc-LuyenDe-Trắc nghiệm-390.png; implementation/visual-review.json; evidence/after/contact-sheets/_NguyenLyKeToan_LuyenDe__TCCN_LuyenDe__NhapMonLuatHoc_LuyenDe__KTQT_LuyenDe__LTMQT_LuyenDe__NLTTTC_LuyenDe/sheet-001.png,Codex,2f6eadb67fd1d5e07e58f4684dab5812002458f2,"Measurements and explicit full-body image inspection PASS. Whole chapter/mode body inspected, including disclosures and both card faces. Accepted whole-body layout; route replacement survey used where applicable."
PRACTICE-NhapMonLuatHoc-LuyenDe-Trắc nghiệm-768,PRACTICE,/NhapMonLuatHoc-LuyenDe,NhapMonLuatHoc-LuyenDe.html,Trắc nghiệm,Trắc nghiệm,,768,1024,X01 | X02 | X03 | X04 | FZ03,Desktop 1363x936 đã mở; đây là AFTER test chưa chạy,PASS,PASS,PASS,PASS,PASS,PASS,PASS,PASS,PASS,evidence/after/render/PRACTICE-NhapMonLuatHoc-LuyenDe-Trắc nghiệm-768.png; implementation/visual-review.json; evidence/after/contact-sheets/_NguyenLyKeToan_LuyenDe__TCCN_LuyenDe__NhapMonLuatHoc_LuyenDe__KTQT_LuyenDe__LTMQT_LuyenDe__NLTTTC_LuyenDe/sheet-001.png,Codex,2f6eadb67fd1d5e07e58f4684dab5812002458f2,"Measurements and explicit full-body image inspection PASS. Whole chapter/mode body inspected, including disclosures and both card faces. Accepted whole-body layout; route replacement survey used where applicable."
PRACTICE-NhapMonLuatHoc-LuyenDe-Trắc nghiệm-1366,PRACTICE,/NhapMonLuatHoc-LuyenDe,NhapMonLuatHoc-LuyenDe.html,Trắc nghiệm,Trắc nghiệm,,1366,900,X01 | X02 | X03 | X04 | FZ03,Desktop 1363x936 đã mở; đây là AFTER test chưa chạy,PASS,PASS,PASS,PASS,PASS,PASS,PASS,PASS,PASS,evidence/after/render/PRACTICE-NhapMonLuatHoc-LuyenDe-Trắc nghiệm-1366.png; implementation/visual-review.json; evidence/after/contact-sheets/_NguyenLyKeToan_LuyenDe__TCCN_LuyenDe__NhapMonLuatHoc_LuyenDe__KTQT_LuyenDe__LTMQT_LuyenDe__NLTTTC_LuyenDe/sheet-002.png,Codex,2f6eadb67fd1d5e07e58f4684dab5812002458f2,"Measurements and explicit full-body image inspection PASS. Whole chapter/mode body inspected, including disclosures and both card faces. Accepted whole-body layout; route replacement survey used where applicable."
PRACTICE-KTQT-LuyenDe-Tổng quan-320,PRACTICE,/KTQT-LuyenDe,KTQT-LuyenDe.html,Tổng quan,Tổng quan,,320,740,X01 | X02 | X03 | X04 | FZ03,Desktop 1363x936 đã mở; đây là AFTER test chưa chạy,PASS,PASS,PASS,PASS,PASS,PASS,PASS,PASS,PASS,evidence/after/render/PRACTICE-KTQT-LuyenDe-Tổng quan-320.png; implementation/visual-review.json; evidence/after/contact-sheets/_NguyenLyKeToan_LuyenDe__TCCN_LuyenDe__NhapMonLuatHoc_LuyenDe__KTQT_LuyenDe__LTMQT_LuyenDe__NLTTTC_LuyenDe/sheet-002.png,Codex,2f6eadb67fd1d5e07e58f4684dab5812002458f2,"Measurements and explicit full-body image inspection PASS. Whole chapter/mode body inspected, including disclosures and both card faces. Accepted whole-body layout; route replacement survey used where applicable."
PRACTICE-KTQT-LuyenDe-Tổng quan-390,PRACTICE,/KTQT-LuyenDe,KTQT-LuyenDe.html,Tổng quan,Tổng quan,,390,844,X01 | X02 | X03 | X04 | FZ03,Desktop 1363x936 đã mở; đây là AFTER test chưa chạy,PASS,PASS,PASS,PASS,PASS,PASS,PASS,PASS,PASS,evidence/after/render/PRACTICE-KTQT-LuyenDe-Tổng quan-390.png; implementation/visual-review.json; evidence/after/contact-sheets/_NguyenLyKeToan_LuyenDe__TCCN_LuyenDe__NhapMonLuatHoc_LuyenDe__KTQT_LuyenDe__LTMQT_LuyenDe__NLTTTC_LuyenDe/sheet-002.png,Codex,2f6eadb67fd1d5e07e58f4684dab5812002458f2,"Measurements and explicit full-body image inspection PASS. Whole chapter/mode body inspected, including disclosures and both card faces. Accepted whole-body layout; route replacement survey used where applicable."
PRACTICE-KTQT-LuyenDe-Tổng quan-768,PRACTICE,/KTQT-LuyenDe,KTQT-LuyenDe.html,Tổng quan,Tổng quan,,768,1024,X01 | X02 | X03 | X04 | FZ03,Desktop 1363x936 đã mở; đây là AFTER test chưa chạy,PASS,PASS,PASS,PASS,PASS,PASS,PASS,PASS,PASS,evidence/after/render/PRACTICE-KTQT-LuyenDe-Tổng quan-768.png; implementation/visual-review.json; evidence/after/contact-sheets/_NguyenLyKeToan_LuyenDe__TCCN_LuyenDe__NhapMonLuatHoc_LuyenDe__KTQT_LuyenDe__LTMQT_LuyenDe__NLTTTC_LuyenDe/sheet-003.png,Codex,2f6eadb67fd1d5e07e58f4684dab5812002458f2,"Measurements and explicit full-body image inspection PASS. Whole chapter/mode body inspected, including disclosures and both card faces. Accepted whole-body layout; route replacement survey used where applicable."
PRACTICE-KTQT-LuyenDe-Tổng quan-1366,PRACTICE,/KTQT-LuyenDe,KTQT-LuyenDe.html,Tổng quan,Tổng quan,,1366,900,X01 | X02 | X03 | X04 | FZ03,Desktop 1363x936 đã mở; đây là AFTER test chưa chạy,PASS,PASS,PASS,PASS,PASS,PASS,PASS,PASS,PASS,evidence/after/render/PRACTICE-KTQT-LuyenDe-Tổng quan-1366.png; implementation/visual-review.json; evidence/after/contact-sheets/_NguyenLyKeToan_LuyenDe__TCCN_LuyenDe__NhapMonLuatHoc_LuyenDe__KTQT_LuyenDe__LTMQT_LuyenDe__NLTTTC_LuyenDe/sheet-003.png,Codex,2f6eadb67fd1d5e07e58f4684dab5812002458f2,"Measurements and explicit full-body image inspection PASS. Whole chapter/mode body inspected, including disclosures and both card faces. Accepted whole-body layout; route replacement survey used where applicable."
PRACTICE-KTQT-LuyenDe-Theo chương-320,PRACTICE,/KTQT-LuyenDe,KTQT-LuyenDe.html,Theo chương,Theo chương,,320,740,X01 | X02 | X03 | X04 | FZ03,Desktop 1363x936 đã mở; đây là AFTER test chưa chạy,PASS,PASS,PASS,PASS,PASS,PASS,PASS,PASS,PASS,evidence/after/render/PRACTICE-KTQT-LuyenDe-Theo chương-320.png; implementation/visual-review.json; evidence/after/contact-sheets/_NguyenLyKeToan_LuyenDe__TCCN_LuyenDe__NhapMonLuatHoc_LuyenDe__KTQT_LuyenDe__LTMQT_LuyenDe__NLTTTC_LuyenDe/sheet-002.png,Codex,2f6eadb67fd1d5e07e58f4684dab5812002458f2,"Measurements and explicit full-body image inspection PASS. Whole chapter/mode body inspected, including disclosures and both card faces. Accepted whole-body layout; route replacement survey used where applicable."
PRACTICE-KTQT-LuyenDe-Theo chương-390,PRACTICE,/KTQT-LuyenDe,KTQT-LuyenDe.html,Theo chương,Theo chương,,390,844,X01 | X02 | X03 | X04 | FZ03,Desktop 1363x936 đã mở; đây là AFTER test chưa chạy,PASS,PASS,PASS,PASS,PASS,PASS,PASS,PASS,PASS,evidence/after/render/PRACTICE-KTQT-LuyenDe-Theo chương-390.png; implementation/visual-review.json; evidence/after/contact-sheets/_NguyenLyKeToan_LuyenDe__TCCN_LuyenDe__NhapMonLuatHoc_LuyenDe__KTQT_LuyenDe__LTMQT_LuyenDe__NLTTTC_LuyenDe/sheet-002.png,Codex,2f6eadb67fd1d5e07e58f4684dab5812002458f2,"Measurements and explicit full-body image inspection PASS. Whole chapter/mode body inspected, including disclosures and both card faces. Accepted whole-body layout; route replacement survey used where applicable."
PRACTICE-KTQT-LuyenDe-Theo chương-768,PRACTICE,/KTQT-LuyenDe,KTQT-LuyenDe.html,Theo chương,Theo chương,,768,1024,X01 | X02 | X03 | X04 | FZ03,Desktop 1363x936 đã mở; đây là AFTER test chưa chạy,PASS,PASS,PASS,PASS,PASS,PASS,PASS,PASS,PASS,evidence/after/render/PRACTICE-KTQT-LuyenDe-Theo chương-768.png; implementation/visual-review.json; evidence/after/contact-sheets/_NguyenLyKeToan_LuyenDe__TCCN_LuyenDe__NhapMonLuatHoc_LuyenDe__KTQT_LuyenDe__LTMQT_LuyenDe__NLTTTC_LuyenDe/sheet-003.png,Codex,2f6eadb67fd1d5e07e58f4684dab5812002458f2,"Measurements and explicit full-body image inspection PASS. Whole chapter/mode body inspected, including disclosures and both card faces. Accepted whole-body layout; route replacement survey used where applicable."
PRACTICE-KTQT-LuyenDe-Theo chương-1366,PRACTICE,/KTQT-LuyenDe,KTQT-LuyenDe.html,Theo chương,Theo chương,,1366,900,X01 | X02 | X03 | X04 | FZ03,Desktop 1363x936 đã mở; đây là AFTER test chưa chạy,PASS,PASS,PASS,PASS,PASS,PASS,PASS,PASS,PASS,evidence/after/render/PRACTICE-KTQT-LuyenDe-Theo chương-1366.png; implementation/visual-review.json; evidence/after/contact-sheets/_NguyenLyKeToan_LuyenDe__TCCN_LuyenDe__NhapMonLuatHoc_LuyenDe__KTQT_LuyenDe__LTMQT_LuyenDe__NLTTTC_LuyenDe/sheet-003.png,Codex,2f6eadb67fd1d5e07e58f4684dab5812002458f2,"Measurements and explicit full-body image inspection PASS. Whole chapter/mode body inspected, including disclosures and both card faces. Accepted whole-body layout; route replacement survey used where applicable."
PRACTICE-KTQT-LuyenDe-Trắc nghiệm-320,PRACTICE,/KTQT-LuyenDe,KTQT-LuyenDe.html,Trắc nghiệm,Trắc nghiệm,,320,740,X01 | X02 | X03 | X04 | FZ03,Desktop 1363x936 đã mở; đây là AFTER test chưa chạy,PASS,PASS,PASS,PASS,PASS,PASS,PASS,PASS,PASS,evidence/after/render/PRACTICE-KTQT-LuyenDe-Trắc nghiệm-320.png; implementation/visual-review.json; evidence/after/contact-sheets/_NguyenLyKeToan_LuyenDe__TCCN_LuyenDe__NhapMonLuatHoc_LuyenDe__KTQT_LuyenDe__LTMQT_LuyenDe__NLTTTC_LuyenDe/sheet-002.png,Codex,2f6eadb67fd1d5e07e58f4684dab5812002458f2,"Measurements and explicit full-body image inspection PASS. Whole chapter/mode body inspected, including disclosures and both card faces. Accepted whole-body layout; route replacement survey used where applicable."
PRACTICE-KTQT-LuyenDe-Trắc nghiệm-390,PRACTICE,/KTQT-LuyenDe,KTQT-LuyenDe.html,Trắc nghiệm,Trắc nghiệm,,390,844,X01 | X02 | X03 | X04 | FZ03,Desktop 1363x936 đã mở; đây là AFTER test chưa chạy,PASS,PASS,PASS,PASS,PASS,PASS,PASS,PASS,PASS,evidence/after/render/PRACTICE-KTQT-LuyenDe-Trắc nghiệm-390.png; implementation/visual-review.json; evidence/after/contact-sheets/_NguyenLyKeToan_LuyenDe__TCCN_LuyenDe__NhapMonLuatHoc_LuyenDe__KTQT_LuyenDe__LTMQT_LuyenDe__NLTTTC_LuyenDe/sheet-002.png,Codex,2f6eadb67fd1d5e07e58f4684dab5812002458f2,"Measurements and explicit full-body image inspection PASS. Whole chapter/mode body inspected, including disclosures and both card faces. Accepted whole-body layout; route replacement survey used where applicable."
PRACTICE-KTQT-LuyenDe-Trắc nghiệm-768,PRACTICE,/KTQT-LuyenDe,KTQT-LuyenDe.html,Trắc nghiệm,Trắc nghiệm,,768,1024,X01 | X02 | X03 | X04 | FZ03,Desktop 1363x936 đã mở; đây là AFTER test chưa chạy,PASS,PASS,PASS,PASS,PASS,PASS,PASS,PASS,PASS,evidence/after/render/PRACTICE-KTQT-LuyenDe-Trắc nghiệm-768.png; implementation/visual-review.json; evidence/after/contact-sheets/_NguyenLyKeToan_LuyenDe__TCCN_LuyenDe__NhapMonLuatHoc_LuyenDe__KTQT_LuyenDe__LTMQT_LuyenDe__NLTTTC_LuyenDe/sheet-003.png,Codex,2f6eadb67fd1d5e07e58f4684dab5812002458f2,"Measurements and explicit full-body image inspection PASS. Whole chapter/mode body inspected, including disclosures and both card faces. Accepted whole-body layout; route replacement survey used where applicable."
PRACTICE-KTQT-LuyenDe-Trắc nghiệm-1366,PRACTICE,/KTQT-LuyenDe,KTQT-LuyenDe.html,Trắc nghiệm,Trắc nghiệm,,1366,900,X01 | X02 | X03 | X04 | FZ03,Desktop 1363x936 đã mở; đây là AFTER test chưa chạy,PASS,PASS,PASS,PASS,PASS,PASS,PASS,PASS,PASS,evidence/after/render/PRACTICE-KTQT-LuyenDe-Trắc nghiệm-1366.png; implementation/visual-review.json; evidence/after/contact-sheets/_NguyenLyKeToan_LuyenDe__TCCN_LuyenDe__NhapMonLuatHoc_LuyenDe__KTQT_LuyenDe__LTMQT_LuyenDe__NLTTTC_LuyenDe/sheet-003.png,Codex,2f6eadb67fd1d5e07e58f4684dab5812002458f2,"Measurements and explicit full-body image inspection PASS. Whole chapter/mode body inspected, including disclosures and both card faces. Accepted whole-body layout; route replacement survey used where applicable."
PRACTICE-LTMQT-LuyenDe-Tổng quan-320,PRACTICE,/LTMQT-LuyenDe,LTMQT-LuyenDe.html,Tổng quan,Tổng quan,,320,740,X01 | X02 | X03 | X04 | FZ03,Desktop 1363x936 đã mở; đây là AFTER test chưa chạy,PASS,PASS,PASS,PASS,PASS,PASS,PASS,PASS,PASS,evidence/after/render/PRACTICE-LTMQT-LuyenDe-Tổng quan-320.png; implementation/visual-review.json; evidence/after/contact-sheets/_NguyenLyKeToan_LuyenDe__TCCN_LuyenDe__NhapMonLuatHoc_LuyenDe__KTQT_LuyenDe__LTMQT_LuyenDe__NLTTTC_LuyenDe/sheet-003.png,Codex,2f6eadb67fd1d5e07e58f4684dab5812002458f2,"Measurements and explicit full-body image inspection PASS. Whole chapter/mode body inspected, including disclosures and both card faces. Accepted whole-body layout; route replacement survey used where applicable."
PRACTICE-LTMQT-LuyenDe-Tổng quan-390,PRACTICE,/LTMQT-LuyenDe,LTMQT-LuyenDe.html,Tổng quan,Tổng quan,,390,844,X01 | X02 | X03 | X04 | FZ03,Desktop 1363x936 đã mở; đây là AFTER test chưa chạy,PASS,PASS,PASS,PASS,PASS,PASS,PASS,PASS,PASS,evidence/after/render/PRACTICE-LTMQT-LuyenDe-Tổng quan-390.png; implementation/visual-review.json; evidence/after/contact-sheets/_NguyenLyKeToan_LuyenDe__TCCN_LuyenDe__NhapMonLuatHoc_LuyenDe__KTQT_LuyenDe__LTMQT_LuyenDe__NLTTTC_LuyenDe/sheet-003.png,Codex,2f6eadb67fd1d5e07e58f4684dab5812002458f2,"Measurements and explicit full-body image inspection PASS. Whole chapter/mode body inspected, including disclosures and both card faces. Accepted whole-body layout; route replacement survey used where applicable."
PRACTICE-LTMQT-LuyenDe-Tổng quan-768,PRACTICE,/LTMQT-LuyenDe,LTMQT-LuyenDe.html,Tổng quan,Tổng quan,,768,1024,X01 | X02 | X03 | X04 | FZ03,Desktop 1363x936 đã mở; đây là AFTER test chưa chạy,PASS,PASS,PASS,PASS,PASS,PASS,PASS,PASS,PASS,evidence/after/render/PRACTICE-LTMQT-LuyenDe-Tổng quan-768.png; implementation/visual-review.json; evidence/after/contact-sheets/_NguyenLyKeToan_LuyenDe__TCCN_LuyenDe__NhapMonLuatHoc_LuyenDe__KTQT_LuyenDe__LTMQT_LuyenDe__NLTTTC_LuyenDe/sheet-004.png,Codex,2f6eadb67fd1d5e07e58f4684dab5812002458f2,"Measurements and explicit full-body image inspection PASS. Whole chapter/mode body inspected, including disclosures and both card faces. Accepted whole-body layout; route replacement survey used where applicable."
PRACTICE-LTMQT-LuyenDe-Tổng quan-1366,PRACTICE,/LTMQT-LuyenDe,LTMQT-LuyenDe.html,Tổng quan,Tổng quan,,1366,900,X01 | X02 | X03 | X04 | FZ03,Desktop 1363x936 đã mở; đây là AFTER test chưa chạy,PASS,PASS,PASS,PASS,PASS,PASS,PASS,PASS,PASS,evidence/after/render/PRACTICE-LTMQT-LuyenDe-Tổng quan-1366.png; implementation/visual-review.json; evidence/after/contact-sheets/_NguyenLyKeToan_LuyenDe__TCCN_LuyenDe__NhapMonLuatHoc_LuyenDe__KTQT_LuyenDe__LTMQT_LuyenDe__NLTTTC_LuyenDe/sheet-004.png,Codex,2f6eadb67fd1d5e07e58f4684dab5812002458f2,"Measurements and explicit full-body image inspection PASS. Whole chapter/mode body inspected, including disclosures and both card faces. Accepted whole-body layout; route replacement survey used where applicable."
PRACTICE-LTMQT-LuyenDe-Theo chương-320,PRACTICE,/LTMQT-LuyenDe,LTMQT-LuyenDe.html,Theo chương,Theo chương,,320,740,X01 | X02 | X03 | X04 | FZ03,Desktop 1363x936 đã mở; đây là AFTER test chưa chạy,PASS,PASS,PASS,PASS,PASS,PASS,PASS,PASS,PASS,evidence/after/render/PRACTICE-LTMQT-LuyenDe-Theo chương-320.png; implementation/visual-review.json; evidence/after/contact-sheets/_NguyenLyKeToan_LuyenDe__TCCN_LuyenDe__NhapMonLuatHoc_LuyenDe__KTQT_LuyenDe__LTMQT_LuyenDe__NLTTTC_LuyenDe/sheet-003.png,Codex,2f6eadb67fd1d5e07e58f4684dab5812002458f2,"Measurements and explicit full-body image inspection PASS. Whole chapter/mode body inspected, including disclosures and both card faces. Accepted whole-body layout; route replacement survey used where applicable."
PRACTICE-LTMQT-LuyenDe-Theo chương-390,PRACTICE,/LTMQT-LuyenDe,LTMQT-LuyenDe.html,Theo chương,Theo chương,,390,844,X01 | X02 | X03 | X04 | FZ03,Desktop 1363x936 đã mở; đây là AFTER test chưa chạy,PASS,PASS,PASS,PASS,PASS,PASS,PASS,PASS,PASS,evidence/after/render/PRACTICE-LTMQT-LuyenDe-Theo chương-390.png; implementation/visual-review.json; evidence/after/contact-sheets/_NguyenLyKeToan_LuyenDe__TCCN_LuyenDe__NhapMonLuatHoc_LuyenDe__KTQT_LuyenDe__LTMQT_LuyenDe__NLTTTC_LuyenDe/sheet-004.png,Codex,2f6eadb67fd1d5e07e58f4684dab5812002458f2,"Measurements and explicit full-body image inspection PASS. Whole chapter/mode body inspected, including disclosures and both card faces. Accepted whole-body layout; route replacement survey used where applicable."
PRACTICE-LTMQT-LuyenDe-Theo chương-768,PRACTICE,/LTMQT-LuyenDe,LTMQT-LuyenDe.html,Theo chương,Theo chương,,768,1024,X01 | X02 | X03 | X04 | FZ03,Desktop 1363x936 đã mở; đây là AFTER test chưa chạy,PASS,PASS,PASS,PASS,PASS,PASS,PASS,PASS,PASS,evidence/after/render/PRACTICE-LTMQT-LuyenDe-Theo chương-768.png; implementation/visual-review.json; evidence/after/contact-sheets/_NguyenLyKeToan_LuyenDe__TCCN_LuyenDe__NhapMonLuatHoc_LuyenDe__KTQT_LuyenDe__LTMQT_LuyenDe__NLTTTC_LuyenDe/sheet-004.png,Codex,2f6eadb67fd1d5e07e58f4684dab5812002458f2,"Measurements and explicit full-body image inspection PASS. Whole chapter/mode body inspected, including disclosures and both card faces. Accepted whole-body layout; route replacement survey used where applicable."
PRACTICE-LTMQT-LuyenDe-Theo chương-1366,PRACTICE,/LTMQT-LuyenDe,LTMQT-LuyenDe.html,Theo chương,Theo chương,,1366,900,X01 | X02 | X03 | X04 | FZ03,Desktop 1363x936 đã mở; đây là AFTER test chưa chạy,PASS,PASS,PASS,PASS,PASS,PASS,PASS,PASS,PASS,evidence/after/render/PRACTICE-LTMQT-LuyenDe-Theo chương-1366.png; implementation/visual-review.json; evidence/after/contact-sheets/_NguyenLyKeToan_LuyenDe__TCCN_LuyenDe__NhapMonLuatHoc_LuyenDe__KTQT_LuyenDe__LTMQT_LuyenDe__NLTTTC_LuyenDe/sheet-004.png,Codex,2f6eadb67fd1d5e07e58f4684dab5812002458f2,"Measurements and explicit full-body image inspection PASS. Whole chapter/mode body inspected, including disclosures and both card faces. Accepted whole-body layout; route replacement survey used where applicable."
PRACTICE-LTMQT-LuyenDe-Trắc nghiệm-320,PRACTICE,/LTMQT-LuyenDe,LTMQT-LuyenDe.html,Trắc nghiệm,Trắc nghiệm,,320,740,X01 | X02 | X03 | X04 | FZ03,Desktop 1363x936 đã mở; đây là AFTER test chưa chạy,PASS,PASS,PASS,PASS,PASS,PASS,PASS,PASS,PASS,evidence/after/render/PRACTICE-LTMQT-LuyenDe-Trắc nghiệm-320.png; implementation/visual-review.json; evidence/after/contact-sheets/_NguyenLyKeToan_LuyenDe__TCCN_LuyenDe__NhapMonLuatHoc_LuyenDe__KTQT_LuyenDe__LTMQT_LuyenDe__NLTTTC_LuyenDe/sheet-003.png,Codex,2f6eadb67fd1d5e07e58f4684dab5812002458f2,"Measurements and explicit full-body image inspection PASS. Whole chapter/mode body inspected, including disclosures and both card faces. Accepted whole-body layout; route replacement survey used where applicable."
PRACTICE-LTMQT-LuyenDe-Trắc nghiệm-390,PRACTICE,/LTMQT-LuyenDe,LTMQT-LuyenDe.html,Trắc nghiệm,Trắc nghiệm,,390,844,X01 | X02 | X03 | X04 | FZ03,Desktop 1363x936 đã mở; đây là AFTER test chưa chạy,PASS,PASS,PASS,PASS,PASS,PASS,PASS,PASS,PASS,evidence/after/render/PRACTICE-LTMQT-LuyenDe-Trắc nghiệm-390.png; implementation/visual-review.json; evidence/after/contact-sheets/_NguyenLyKeToan_LuyenDe__TCCN_LuyenDe__NhapMonLuatHoc_LuyenDe__KTQT_LuyenDe__LTMQT_LuyenDe__NLTTTC_LuyenDe/sheet-004.png,Codex,2f6eadb67fd1d5e07e58f4684dab5812002458f2,"Measurements and explicit full-body image inspection PASS. Whole chapter/mode body inspected, including disclosures and both card faces. Accepted whole-body layout; route replacement survey used where applicable."
PRACTICE-LTMQT-LuyenDe-Trắc nghiệm-768,PRACTICE,/LTMQT-LuyenDe,LTMQT-LuyenDe.html,Trắc nghiệm,Trắc nghiệm,,768,1024,X01 | X02 | X03 | X04 | FZ03,Desktop 1363x936 đã mở; đây là AFTER test chưa chạy,PASS,PASS,PASS,PASS,PASS,PASS,PASS,PASS,PASS,evidence/after/render/PRACTICE-LTMQT-LuyenDe-Trắc nghiệm-768.png; implementation/visual-review.json; evidence/after/contact-sheets/_NguyenLyKeToan_LuyenDe__TCCN_LuyenDe__NhapMonLuatHoc_LuyenDe__KTQT_LuyenDe__LTMQT_LuyenDe__NLTTTC_LuyenDe/sheet-004.png,Codex,2f6eadb67fd1d5e07e58f4684dab5812002458f2,"Measurements and explicit full-body image inspection PASS. Whole chapter/mode body inspected, including disclosures and both card faces. Accepted whole-body layout; route replacement survey used where applicable."
PRACTICE-LTMQT-LuyenDe-Trắc nghiệm-1366,PRACTICE,/LTMQT-LuyenDe,LTMQT-LuyenDe.html,Trắc nghiệm,Trắc nghiệm,,1366,900,X01 | X02 | X03 | X04 | FZ03,Desktop 1363x936 đã mở; đây là AFTER test chưa chạy,PASS,PASS,PASS,PASS,PASS,PASS,PASS,PASS,PASS,evidence/after/render/PRACTICE-LTMQT-LuyenDe-Trắc nghiệm-1366.png; implementation/visual-review.json; evidence/after/contact-sheets/_NguyenLyKeToan_LuyenDe__TCCN_LuyenDe__NhapMonLuatHoc_LuyenDe__KTQT_LuyenDe__LTMQT_LuyenDe__NLTTTC_LuyenDe/sheet-004.png,Codex,2f6eadb67fd1d5e07e58f4684dab5812002458f2,"Measurements and explicit full-body image inspection PASS. Whole chapter/mode body inspected, including disclosures and both card faces. Accepted whole-body layout; route replacement survey used where applicable."
PRACTICE-NLTTTC-LuyenDe-Tổng quan-320,PRACTICE,/NLTTTC-LuyenDe,NLTTTC-LuyenDe.html,Tổng quan,Tổng quan,,320,740,X01 | X02 | X03 | X04 | FZ03,Desktop 1363x936 đã mở; đây là AFTER test chưa chạy,PASS,PASS,PASS,PASS,PASS,PASS,PASS,PASS,PASS,evidence/after/render/PRACTICE-NLTTTC-LuyenDe-Tổng quan-320.png; implementation/visual-review.json; evidence/after/contact-sheets/_NguyenLyKeToan_LuyenDe__TCCN_LuyenDe__NhapMonLuatHoc_LuyenDe__KTQT_LuyenDe__LTMQT_LuyenDe__NLTTTC_LuyenDe/sheet-004.png,Codex,2f6eadb67fd1d5e07e58f4684dab5812002458f2,"Measurements and explicit full-body image inspection PASS. Whole chapter/mode body inspected, including disclosures and both card faces. Accepted whole-body layout; route replacement survey used where applicable."
PRACTICE-NLTTTC-LuyenDe-Tổng quan-390,PRACTICE,/NLTTTC-LuyenDe,NLTTTC-LuyenDe.html,Tổng quan,Tổng quan,,390,844,X01 | X02 | X03 | X04 | FZ03,Desktop 1363x936 đã mở; đây là AFTER test chưa chạy,PASS,PASS,PASS,PASS,PASS,PASS,PASS,PASS,PASS,evidence/after/render/PRACTICE-NLTTTC-LuyenDe-Tổng quan-390.png; implementation/visual-review.json; evidence/after/contact-sheets/_NguyenLyKeToan_LuyenDe__TCCN_LuyenDe__NhapMonLuatHoc_LuyenDe__KTQT_LuyenDe__LTMQT_LuyenDe__NLTTTC_LuyenDe/sheet-005.png,Codex,2f6eadb67fd1d5e07e58f4684dab5812002458f2,"Measurements and explicit full-body image inspection PASS. Whole chapter/mode body inspected, including disclosures and both card faces. Accepted whole-body layout; route replacement survey used where applicable."
PRACTICE-NLTTTC-LuyenDe-Tổng quan-768,PRACTICE,/NLTTTC-LuyenDe,NLTTTC-LuyenDe.html,Tổng quan,Tổng quan,,768,1024,X01 | X02 | X03 | X04 | FZ03,Desktop 1363x936 đã mở; đây là AFTER test chưa chạy,PASS,PASS,PASS,PASS,PASS,PASS,PASS,PASS,PASS,evidence/after/render/PRACTICE-NLTTTC-LuyenDe-Tổng quan-768.png; implementation/visual-review.json; evidence/after/contact-sheets/_NguyenLyKeToan_LuyenDe__TCCN_LuyenDe__NhapMonLuatHoc_LuyenDe__KTQT_LuyenDe__LTMQT_LuyenDe__NLTTTC_LuyenDe/sheet-005.png,Codex,2f6eadb67fd1d5e07e58f4684dab5812002458f2,"Measurements and explicit full-body image inspection PASS. Whole chapter/mode body inspected, including disclosures and both card faces. Accepted whole-body layout; route replacement survey used where applicable."
PRACTICE-NLTTTC-LuyenDe-Tổng quan-1366,PRACTICE,/NLTTTC-LuyenDe,NLTTTC-LuyenDe.html,Tổng quan,Tổng quan,,1366,900,X01 | X02 | X03 | X04 | FZ03,Desktop 1363x936 đã mở; đây là AFTER test chưa chạy,PASS,PASS,PASS,PASS,PASS,PASS,PASS,PASS,PASS,evidence/after/render/PRACTICE-NLTTTC-LuyenDe-Tổng quan-1366.png; implementation/visual-review.json; evidence/after/contact-sheets/_NguyenLyKeToan_LuyenDe__TCCN_LuyenDe__NhapMonLuatHoc_LuyenDe__KTQT_LuyenDe__LTMQT_LuyenDe__NLTTTC_LuyenDe/sheet-005.png,Codex,2f6eadb67fd1d5e07e58f4684dab5812002458f2,"Measurements and explicit full-body image inspection PASS. Whole chapter/mode body inspected, including disclosures and both card faces. Accepted whole-body layout; route replacement survey used where applicable."
PRACTICE-NLTTTC-LuyenDe-Theo chương-320,PRACTICE,/NLTTTC-LuyenDe,NLTTTC-LuyenDe.html,Theo chương,Theo chương,,320,740,X01 | X02 | X03 | X04 | FZ03,Desktop 1363x936 đã mở; đây là AFTER test chưa chạy,PASS,PASS,PASS,PASS,PASS,PASS,PASS,PASS,PASS,evidence/after/render/PRACTICE-NLTTTC-LuyenDe-Theo chương-320.png; implementation/visual-review.json; evidence/after/contact-sheets/_NguyenLyKeToan_LuyenDe__TCCN_LuyenDe__NhapMonLuatHoc_LuyenDe__KTQT_LuyenDe__LTMQT_LuyenDe__NLTTTC_LuyenDe/sheet-004.png; evidence/after/contact-sheets/_NguyenLyKeToan_LuyenDe__TCCN_LuyenDe__NhapMonLuatHoc_LuyenDe__KTQT_LuyenDe__LTMQT_LuyenDe__NLTTTC_LuyenDe/sheet-005.png,Codex,2f6eadb67fd1d5e07e58f4684dab5812002458f2,"Measurements and explicit full-body image inspection PASS. Whole chapter/mode body inspected, including disclosures and both card faces. Accepted whole-body layout; route replacement survey used where applicable."
PRACTICE-NLTTTC-LuyenDe-Theo chương-390,PRACTICE,/NLTTTC-LuyenDe,NLTTTC-LuyenDe.html,Theo chương,Theo chương,,390,844,X01 | X02 | X03 | X04 | FZ03,Desktop 1363x936 đã mở; đây là AFTER test chưa chạy,PASS,PASS,PASS,PASS,PASS,PASS,PASS,PASS,PASS,evidence/after/render/PRACTICE-NLTTTC-LuyenDe-Theo chương-390.png; implementation/visual-review.json; evidence/after/contact-sheets/_NguyenLyKeToan_LuyenDe__TCCN_LuyenDe__NhapMonLuatHoc_LuyenDe__KTQT_LuyenDe__LTMQT_LuyenDe__NLTTTC_LuyenDe/sheet-005.png,Codex,2f6eadb67fd1d5e07e58f4684dab5812002458f2,"Measurements and explicit full-body image inspection PASS. Whole chapter/mode body inspected, including disclosures and both card faces. Accepted whole-body layout; route replacement survey used where applicable."
PRACTICE-NLTTTC-LuyenDe-Theo chương-768,PRACTICE,/NLTTTC-LuyenDe,NLTTTC-LuyenDe.html,Theo chương,Theo chương,,768,1024,X01 | X02 | X03 | X04 | FZ03,Desktop 1363x936 đã mở; đây là AFTER test chưa chạy,PASS,PASS,PASS,PASS,PASS,PASS,PASS,PASS,PASS,evidence/after/render/PRACTICE-NLTTTC-LuyenDe-Theo chương-768.png; implementation/visual-review.json; evidence/after/contact-sheets/_NguyenLyKeToan_LuyenDe__TCCN_LuyenDe__NhapMonLuatHoc_LuyenDe__KTQT_LuyenDe__LTMQT_LuyenDe__NLTTTC_LuyenDe/sheet-005.png,Codex,2f6eadb67fd1d5e07e58f4684dab5812002458f2,"Measurements and explicit full-body image inspection PASS. Whole chapter/mode body inspected, including disclosures and both card faces. Accepted whole-body layout; route replacement survey used where applicable."
PRACTICE-NLTTTC-LuyenDe-Theo chương-1366,PRACTICE,/NLTTTC-LuyenDe,NLTTTC-LuyenDe.html,Theo chương,Theo chương,,1366,900,X01 | X02 | X03 | X04 | FZ03,Desktop 1363x936 đã mở; đây là AFTER test chưa chạy,PASS,PASS,PASS,PASS,PASS,PASS,PASS,PASS,PASS,evidence/after/render/PRACTICE-NLTTTC-LuyenDe-Theo chương-1366.png; implementation/visual-review.json; evidence/after/contact-sheets/_NguyenLyKeToan_LuyenDe__TCCN_LuyenDe__NhapMonLuatHoc_LuyenDe__KTQT_LuyenDe__LTMQT_LuyenDe__NLTTTC_LuyenDe/sheet-005.png,Codex,2f6eadb67fd1d5e07e58f4684dab5812002458f2,"Measurements and explicit full-body image inspection PASS. Whole chapter/mode body inspected, including disclosures and both card faces. Accepted whole-body layout; route replacement survey used where applicable."
PRACTICE-NLTTTC-LuyenDe-Trắc nghiệm-320,PRACTICE,/NLTTTC-LuyenDe,NLTTTC-LuyenDe.html,Trắc nghiệm,Trắc nghiệm,,320,740,X01 | X02 | X03 | X04 | FZ03,Desktop 1363x936 đã mở; đây là AFTER test chưa chạy,PASS,PASS,PASS,PASS,PASS,PASS,PASS,PASS,PASS,evidence/after/render/PRACTICE-NLTTTC-LuyenDe-Trắc nghiệm-320.png; implementation/visual-review.json; evidence/after/contact-sheets/_NguyenLyKeToan_LuyenDe__TCCN_LuyenDe__NhapMonLuatHoc_LuyenDe__KTQT_LuyenDe__LTMQT_LuyenDe__NLTTTC_LuyenDe/sheet-005.png,Codex,2f6eadb67fd1d5e07e58f4684dab5812002458f2,"Measurements and explicit full-body image inspection PASS. Whole chapter/mode body inspected, including disclosures and both card faces. Accepted whole-body layout; route replacement survey used where applicable."
PRACTICE-NLTTTC-LuyenDe-Trắc nghiệm-390,PRACTICE,/NLTTTC-LuyenDe,NLTTTC-LuyenDe.html,Trắc nghiệm,Trắc nghiệm,,390,844,X01 | X02 | X03 | X04 | FZ03,Desktop 1363x936 đã mở; đây là AFTER test chưa chạy,PASS,PASS,PASS,PASS,PASS,PASS,PASS,PASS,PASS,evidence/after/render/PRACTICE-NLTTTC-LuyenDe-Trắc nghiệm-390.png; implementation/visual-review.json; evidence/after/contact-sheets/_NguyenLyKeToan_LuyenDe__TCCN_LuyenDe__NhapMonLuatHoc_LuyenDe__KTQT_LuyenDe__LTMQT_LuyenDe__NLTTTC_LuyenDe/sheet-005.png,Codex,2f6eadb67fd1d5e07e58f4684dab5812002458f2,"Measurements and explicit full-body image inspection PASS. Whole chapter/mode body inspected, including disclosures and both card faces. Accepted whole-body layout; route replacement survey used where applicable."
PRACTICE-NLTTTC-LuyenDe-Trắc nghiệm-768,PRACTICE,/NLTTTC-LuyenDe,NLTTTC-LuyenDe.html,Trắc nghiệm,Trắc nghiệm,,768,1024,X01 | X02 | X03 | X04 | FZ03,Desktop 1363x936 đã mở; đây là AFTER test chưa chạy,PASS,PASS,PASS,PASS,PASS,PASS,PASS,PASS,PASS,evidence/after/render/PRACTICE-NLTTTC-LuyenDe-Trắc nghiệm-768.png; implementation/visual-review.json; evidence/after/contact-sheets/_NguyenLyKeToan_LuyenDe__TCCN_LuyenDe__NhapMonLuatHoc_LuyenDe__KTQT_LuyenDe__LTMQT_LuyenDe__NLTTTC_LuyenDe/sheet-005.png,Codex,2f6eadb67fd1d5e07e58f4684dab5812002458f2,"Measurements and explicit full-body image inspection PASS. Whole chapter/mode body inspected, including disclosures and both card faces. Accepted whole-body layout; route replacement survey used where applicable."
PRACTICE-NLTTTC-LuyenDe-Trắc nghiệm-1366,PRACTICE,/NLTTTC-LuyenDe,NLTTTC-LuyenDe.html,Trắc nghiệm,Trắc nghiệm,,1366,900,X01 | X02 | X03 | X04 | FZ03,Desktop 1363x936 đã mở; đây là AFTER test chưa chạy,PASS,PASS,PASS,PASS,PASS,PASS,PASS,PASS,PASS,evidence/after/render/PRACTICE-NLTTTC-LuyenDe-Trắc nghiệm-1366.png; implementation/visual-review.json; evidence/after/contact-sheets/_NguyenLyKeToan_LuyenDe__TCCN_LuyenDe__NhapMonLuatHoc_LuyenDe__KTQT_LuyenDe__LTMQT_LuyenDe__NLTTTC_LuyenDe/sheet-006.png,Codex,2f6eadb67fd1d5e07e58f4684dab5812002458f2,"Measurements and explicit full-body image inspection PASS. Whole chapter/mode body inspected, including disclosures and both card faces. Accepted whole-body layout; route replacement survey used where applicable."
PRACTICE-TCCN-LuyenDe-Tổng quan-320,PRACTICE,/TCCN-LuyenDe,TCCN-LuyenDe.html,Tổng quan,Tổng quan,,320,740,X03 | X04 | X05 | X08 | FZ03,Desktop 1363x936 đã mở; đây là AFTER test chưa chạy,PASS,PASS,PASS,PASS,PASS,PASS,PASS,PASS,PASS,evidence/after/render/PRACTICE-TCCN-LuyenDe-Tổng quan-320.png; implementation/visual-review.json; evidence/after/contact-sheets/_NguyenLyKeToan_LuyenDe__TCCN_LuyenDe__NhapMonLuatHoc_LuyenDe__KTQT_LuyenDe__LTMQT_LuyenDe__NLTTTC_LuyenDe/sheet-006.png,Codex,2f6eadb67fd1d5e07e58f4684dab5812002458f2,"Measurements and explicit full-body image inspection PASS. Whole chapter/mode body inspected, including disclosures and both card faces. Accepted whole-body layout; route replacement survey used where applicable."
PRACTICE-TCCN-LuyenDe-Tổng quan-390,PRACTICE,/TCCN-LuyenDe,TCCN-LuyenDe.html,Tổng quan,Tổng quan,,390,844,X03 | X04 | X05 | X08 | FZ03,Desktop 1363x936 đã mở; đây là AFTER test chưa chạy,PASS,PASS,PASS,PASS,PASS,PASS,PASS,PASS,PASS,evidence/after/render/PRACTICE-TCCN-LuyenDe-Tổng quan-390.png; implementation/visual-review.json; evidence/after/contact-sheets/_NguyenLyKeToan_LuyenDe__TCCN_LuyenDe__NhapMonLuatHoc_LuyenDe__KTQT_LuyenDe__LTMQT_LuyenDe__NLTTTC_LuyenDe/sheet-006.png,Codex,2f6eadb67fd1d5e07e58f4684dab5812002458f2,"Measurements and explicit full-body image inspection PASS. Whole chapter/mode body inspected, including disclosures and both card faces. Accepted whole-body layout; route replacement survey used where applicable."
PRACTICE-TCCN-LuyenDe-Tổng quan-768,PRACTICE,/TCCN-LuyenDe,TCCN-LuyenDe.html,Tổng quan,Tổng quan,,768,1024,X03 | X04 | X05 | X08 | FZ03,Desktop 1363x936 đã mở; đây là AFTER test chưa chạy,PASS,PASS,PASS,PASS,PASS,PASS,PASS,PASS,PASS,evidence/after/render/PRACTICE-TCCN-LuyenDe-Tổng quan-768.png; implementation/visual-review.json; evidence/after/contact-sheets/_NguyenLyKeToan_LuyenDe__TCCN_LuyenDe__NhapMonLuatHoc_LuyenDe__KTQT_LuyenDe__LTMQT_LuyenDe__NLTTTC_LuyenDe/sheet-007.png,Codex,2f6eadb67fd1d5e07e58f4684dab5812002458f2,"Measurements and explicit full-body image inspection PASS. Whole chapter/mode body inspected, including disclosures and both card faces. Accepted whole-body layout; route replacement survey used where applicable."
PRACTICE-TCCN-LuyenDe-Tổng quan-1366,PRACTICE,/TCCN-LuyenDe,TCCN-LuyenDe.html,Tổng quan,Tổng quan,,1366,900,X03 | X04 | X05 | X08 | FZ03,Desktop 1363x936 đã mở; đây là AFTER test chưa chạy,PASS,PASS,PASS,PASS,PASS,PASS,PASS,PASS,PASS,evidence/after/render/PRACTICE-TCCN-LuyenDe-Tổng quan-1366.png; implementation/visual-review.json; evidence/after/contact-sheets/_NguyenLyKeToan_LuyenDe__TCCN_LuyenDe__NhapMonLuatHoc_LuyenDe__KTQT_LuyenDe__LTMQT_LuyenDe__NLTTTC_LuyenDe/sheet-007.png,Codex,2f6eadb67fd1d5e07e58f4684dab5812002458f2,"Measurements and explicit full-body image inspection PASS. Whole chapter/mode body inspected, including disclosures and both card faces. Accepted whole-body layout; route replacement survey used where applicable."
PRACTICE-TCCN-LuyenDe-Theo chương-320,PRACTICE,/TCCN-LuyenDe,TCCN-LuyenDe.html,Theo chương,Theo chương,,320,740,X03 | X04 | X05 | X08 | FZ03,Desktop 1363x936 đã mở; đây là AFTER test chưa chạy,PASS,PASS,PASS,PASS,PASS,PASS,PASS,PASS,PASS,evidence/after/render/PRACTICE-TCCN-LuyenDe-Theo chương-320.png; implementation/visual-review.json; evidence/after/contact-sheets/_NguyenLyKeToan_LuyenDe__TCCN_LuyenDe__NhapMonLuatHoc_LuyenDe__KTQT_LuyenDe__LTMQT_LuyenDe__NLTTTC_LuyenDe/sheet-006.png,Codex,2f6eadb67fd1d5e07e58f4684dab5812002458f2,"Measurements and explicit full-body image inspection PASS. Whole chapter/mode body inspected, including disclosures and both card faces. Accepted whole-body layout; route replacement survey used where applicable."
PRACTICE-TCCN-LuyenDe-Theo chương-390,PRACTICE,/TCCN-LuyenDe,TCCN-LuyenDe.html,Theo chương,Theo chương,,390,844,X03 | X04 | X05 | X08 | FZ03,Desktop 1363x936 đã mở; đây là AFTER test chưa chạy,PASS,PASS,PASS,PASS,PASS,PASS,PASS,PASS,PASS,evidence/after/render/PRACTICE-TCCN-LuyenDe-Theo chương-390.png; implementation/visual-review.json; evidence/after/contact-sheets/_NguyenLyKeToan_LuyenDe__TCCN_LuyenDe__NhapMonLuatHoc_LuyenDe__KTQT_LuyenDe__LTMQT_LuyenDe__NLTTTC_LuyenDe/sheet-006.png; evidence/after/contact-sheets/_NguyenLyKeToan_LuyenDe__TCCN_LuyenDe__NhapMonLuatHoc_LuyenDe__KTQT_LuyenDe__LTMQT_LuyenDe__NLTTTC_LuyenDe/sheet-007.png,Codex,2f6eadb67fd1d5e07e58f4684dab5812002458f2,"Measurements and explicit full-body image inspection PASS. Whole chapter/mode body inspected, including disclosures and both card faces. Accepted whole-body layout; route replacement survey used where applicable."
PRACTICE-TCCN-LuyenDe-Theo chương-768,PRACTICE,/TCCN-LuyenDe,TCCN-LuyenDe.html,Theo chương,Theo chương,,768,1024,X03 | X04 | X05 | X08 | FZ03,Desktop 1363x936 đã mở; đây là AFTER test chưa chạy,PASS,PASS,PASS,PASS,PASS,PASS,PASS,PASS,PASS,evidence/after/render/PRACTICE-TCCN-LuyenDe-Theo chương-768.png; implementation/visual-review.json; evidence/after/contact-sheets/_NguyenLyKeToan_LuyenDe__TCCN_LuyenDe__NhapMonLuatHoc_LuyenDe__KTQT_LuyenDe__LTMQT_LuyenDe__NLTTTC_LuyenDe/sheet-007.png,Codex,2f6eadb67fd1d5e07e58f4684dab5812002458f2,"Measurements and explicit full-body image inspection PASS. Whole chapter/mode body inspected, including disclosures and both card faces. Accepted whole-body layout; route replacement survey used where applicable."
PRACTICE-TCCN-LuyenDe-Theo chương-1366,PRACTICE,/TCCN-LuyenDe,TCCN-LuyenDe.html,Theo chương,Theo chương,,1366,900,X03 | X04 | X05 | X08 | FZ03,Desktop 1363x936 đã mở; đây là AFTER test chưa chạy,PASS,PASS,PASS,PASS,PASS,PASS,PASS,PASS,PASS,evidence/after/render/PRACTICE-TCCN-LuyenDe-Theo chương-1366.png; implementation/visual-review.json; evidence/after/contact-sheets/_NguyenLyKeToan_LuyenDe__TCCN_LuyenDe__NhapMonLuatHoc_LuyenDe__KTQT_LuyenDe__LTMQT_LuyenDe__NLTTTC_LuyenDe/sheet-007.png,Codex,2f6eadb67fd1d5e07e58f4684dab5812002458f2,"Measurements and explicit full-body image inspection PASS. Whole chapter/mode body inspected, including disclosures and both card faces. Accepted whole-body layout; route replacement survey used where applicable."
PRACTICE-TCCN-LuyenDe-Test 20 câu-320,PRACTICE,/TCCN-LuyenDe,TCCN-LuyenDe.html,Test 20 câu,Test 20 câu,,320,740,X03 | X04 | X05 | X08 | FZ03,Desktop 1363x936 đã mở; đây là AFTER test chưa chạy,PASS,PASS,PASS,PASS,PASS,PASS,PASS,PASS,PASS,evidence/after/render/PRACTICE-TCCN-LuyenDe-Test 20 câu-320.png; implementation/visual-review.json; evidence/after/contact-sheets/_NguyenLyKeToan_LuyenDe__TCCN_LuyenDe__NhapMonLuatHoc_LuyenDe__KTQT_LuyenDe__LTMQT_LuyenDe__NLTTTC_LuyenDe/sheet-006.png,Codex,2f6eadb67fd1d5e07e58f4684dab5812002458f2,"Measurements and explicit full-body image inspection PASS. Whole chapter/mode body inspected, including disclosures and both card faces. Accepted whole-body layout; route replacement survey used where applicable."
PRACTICE-TCCN-LuyenDe-Test 20 câu-390,PRACTICE,/TCCN-LuyenDe,TCCN-LuyenDe.html,Test 20 câu,Test 20 câu,,390,844,X03 | X04 | X05 | X08 | FZ03,Desktop 1363x936 đã mở; đây là AFTER test chưa chạy,PASS,PASS,PASS,PASS,PASS,PASS,PASS,PASS,PASS,evidence/after/render/PRACTICE-TCCN-LuyenDe-Test 20 câu-390.png; implementation/visual-review.json; evidence/after/contact-sheets/_NguyenLyKeToan_LuyenDe__TCCN_LuyenDe__NhapMonLuatHoc_LuyenDe__KTQT_LuyenDe__LTMQT_LuyenDe__NLTTTC_LuyenDe/sheet-007.png,Codex,2f6eadb67fd1d5e07e58f4684dab5812002458f2,"Measurements and explicit full-body image inspection PASS. Whole chapter/mode body inspected, including disclosures and both card faces. Accepted whole-body layout; route replacement survey used where applicable."
PRACTICE-TCCN-LuyenDe-Test 20 câu-768,PRACTICE,/TCCN-LuyenDe,TCCN-LuyenDe.html,Test 20 câu,Test 20 câu,,768,1024,X03 | X04 | X05 | X08 | FZ03,Desktop 1363x936 đã mở; đây là AFTER test chưa chạy,PASS,PASS,PASS,PASS,PASS,PASS,PASS,PASS,PASS,evidence/after/render/PRACTICE-TCCN-LuyenDe-Test 20 câu-768.png; implementation/visual-review.json; evidence/after/contact-sheets/_NguyenLyKeToan_LuyenDe__TCCN_LuyenDe__NhapMonLuatHoc_LuyenDe__KTQT_LuyenDe__LTMQT_LuyenDe__NLTTTC_LuyenDe/sheet-007.png,Codex,2f6eadb67fd1d5e07e58f4684dab5812002458f2,"Measurements and explicit full-body image inspection PASS. Whole chapter/mode body inspected, including disclosures and both card faces. Accepted whole-body layout; route replacement survey used where applicable."
PRACTICE-TCCN-LuyenDe-Test 20 câu-1366,PRACTICE,/TCCN-LuyenDe,TCCN-LuyenDe.html,Test 20 câu,Test 20 câu,,1366,900,X03 | X04 | X05 | X08 | FZ03,Desktop 1363x936 đã mở; đây là AFTER test chưa chạy,PASS,PASS,PASS,PASS,PASS,PASS,PASS,PASS,PASS,evidence/after/render/PRACTICE-TCCN-LuyenDe-Test 20 câu-1366.png; implementation/visual-review.json; evidence/after/contact-sheets/_NguyenLyKeToan_LuyenDe__TCCN_LuyenDe__NhapMonLuatHoc_LuyenDe__KTQT_LuyenDe__LTMQT_LuyenDe__NLTTTC_LuyenDe/sheet-008.png,Codex,2f6eadb67fd1d5e07e58f4684dab5812002458f2,"Measurements and explicit full-body image inspection PASS. Whole chapter/mode body inspected, including disclosures and both card faces. Accepted whole-body layout; route replacement survey used where applicable."
PRACTICE-TCCN-LuyenDe-Luyện thi-320,PRACTICE,/TCCN-LuyenDe,TCCN-LuyenDe.html,Luyện thi,Luyện thi,,320,740,X03 | X04 | X05 | X08 | FZ03,Desktop 1363x936 đã mở; đây là AFTER test chưa chạy,PASS,PASS,PASS,PASS,PASS,PASS,PASS,PASS,PASS,evidence/after/render/PRACTICE-TCCN-LuyenDe-Luyện thi-320.png; implementation/visual-review.json; evidence/after/contact-sheets/_NguyenLyKeToan_LuyenDe__TCCN_LuyenDe__NhapMonLuatHoc_LuyenDe__KTQT_LuyenDe__LTMQT_LuyenDe__NLTTTC_LuyenDe/sheet-006.png,Codex,2f6eadb67fd1d5e07e58f4684dab5812002458f2,"Measurements and explicit full-body image inspection PASS. Whole chapter/mode body inspected, including disclosures and both card faces. Accepted whole-body layout; route replacement survey used where applicable."
PRACTICE-TCCN-LuyenDe-Luyện thi-390,PRACTICE,/TCCN-LuyenDe,TCCN-LuyenDe.html,Luyện thi,Luyện thi,,390,844,X03 | X04 | X05 | X08 | FZ03,Desktop 1363x936 đã mở; đây là AFTER test chưa chạy,PASS,PASS,PASS,PASS,PASS,PASS,PASS,PASS,PASS,evidence/after/render/PRACTICE-TCCN-LuyenDe-Luyện thi-390.png; implementation/visual-review.json; evidence/after/contact-sheets/_NguyenLyKeToan_LuyenDe__TCCN_LuyenDe__NhapMonLuatHoc_LuyenDe__KTQT_LuyenDe__LTMQT_LuyenDe__NLTTTC_LuyenDe/sheet-007.png,Codex,2f6eadb67fd1d5e07e58f4684dab5812002458f2,"Measurements and explicit full-body image inspection PASS. Whole chapter/mode body inspected, including disclosures and both card faces. Accepted whole-body layout; route replacement survey used where applicable."
PRACTICE-TCCN-LuyenDe-Luyện thi-768,PRACTICE,/TCCN-LuyenDe,TCCN-LuyenDe.html,Luyện thi,Luyện thi,,768,1024,X03 | X04 | X05 | X08 | FZ03,Desktop 1363x936 đã mở; đây là AFTER test chưa chạy,PASS,PASS,PASS,PASS,PASS,PASS,PASS,PASS,PASS,evidence/after/render/PRACTICE-TCCN-LuyenDe-Luyện thi-768.png; implementation/visual-review.json; evidence/after/contact-sheets/_NguyenLyKeToan_LuyenDe__TCCN_LuyenDe__NhapMonLuatHoc_LuyenDe__KTQT_LuyenDe__LTMQT_LuyenDe__NLTTTC_LuyenDe/sheet-007.png,Codex,2f6eadb67fd1d5e07e58f4684dab5812002458f2,"Measurements and explicit full-body image inspection PASS. Whole chapter/mode body inspected, including disclosures and both card faces. Accepted whole-body layout; route replacement survey used where applicable."
PRACTICE-TCCN-LuyenDe-Luyện thi-1366,PRACTICE,/TCCN-LuyenDe,TCCN-LuyenDe.html,Luyện thi,Luyện thi,,1366,900,X03 | X04 | X05 | X08 | FZ03,Desktop 1363x936 đã mở; đây là AFTER test chưa chạy,PASS,PASS,PASS,PASS,PASS,PASS,PASS,PASS,PASS,evidence/after/render/PRACTICE-TCCN-LuyenDe-Luyện thi-1366.png; implementation/visual-review.json; evidence/after/contact-sheets/_NguyenLyKeToan_LuyenDe__TCCN_LuyenDe__NhapMonLuatHoc_LuyenDe__KTQT_LuyenDe__LTMQT_LuyenDe__NLTTTC_LuyenDe/sheet-008.png,Codex,2f6eadb67fd1d5e07e58f4684dab5812002458f2,"Measurements and explicit full-body image inspection PASS. Whole chapter/mode body inspected, including disclosures and both card faces. Accepted whole-body layout; route replacement survey used where applicable."
PRACTICE-TCCN-LuyenDe-Câu sai-320,PRACTICE,/TCCN-LuyenDe,TCCN-LuyenDe.html,Câu sai,Câu sai,,320,740,X03 | X04 | X05 | X08 | FZ03,Desktop 1363x936 đã mở; đây là AFTER test chưa chạy,PASS,PASS,PASS,PASS,PASS,PASS,PASS,PASS,PASS,evidence/after/render/PRACTICE-TCCN-LuyenDe-Câu sai-320.png; implementation/visual-review.json; evidence/after/contact-sheets/_NguyenLyKeToan_LuyenDe__TCCN_LuyenDe__NhapMonLuatHoc_LuyenDe__KTQT_LuyenDe__LTMQT_LuyenDe__NLTTTC_LuyenDe/sheet-006.png,Codex,2f6eadb67fd1d5e07e58f4684dab5812002458f2,"Measurements and explicit full-body image inspection PASS. Whole chapter/mode body inspected, including disclosures and both card faces. Accepted whole-body layout; route replacement survey used where applicable."
PRACTICE-TCCN-LuyenDe-Câu sai-390,PRACTICE,/TCCN-LuyenDe,TCCN-LuyenDe.html,Câu sai,Câu sai,,390,844,X03 | X04 | X05 | X08 | FZ03,Desktop 1363x936 đã mở; đây là AFTER test chưa chạy,PASS,PASS,PASS,PASS,PASS,PASS,PASS,PASS,PASS,evidence/after/render/PRACTICE-TCCN-LuyenDe-Câu sai-390.png; implementation/visual-review.json; evidence/after/contact-sheets/_NguyenLyKeToan_LuyenDe__TCCN_LuyenDe__NhapMonLuatHoc_LuyenDe__KTQT_LuyenDe__LTMQT_LuyenDe__NLTTTC_LuyenDe/sheet-007.png,Codex,2f6eadb67fd1d5e07e58f4684dab5812002458f2,"Measurements and explicit full-body image inspection PASS. Whole chapter/mode body inspected, including disclosures and both card faces. Accepted whole-body layout; route replacement survey used where applicable."
PRACTICE-TCCN-LuyenDe-Câu sai-768,PRACTICE,/TCCN-LuyenDe,TCCN-LuyenDe.html,Câu sai,Câu sai,,768,1024,X03 | X04 | X05 | X08 | FZ03,Desktop 1363x936 đã mở; đây là AFTER test chưa chạy,PASS,PASS,PASS,PASS,PASS,PASS,PASS,PASS,PASS,evidence/after/render/PRACTICE-TCCN-LuyenDe-Câu sai-768.png; implementation/visual-review.json; evidence/after/contact-sheets/_NguyenLyKeToan_LuyenDe__TCCN_LuyenDe__NhapMonLuatHoc_LuyenDe__KTQT_LuyenDe__LTMQT_LuyenDe__NLTTTC_LuyenDe/sheet-007.png,Codex,2f6eadb67fd1d5e07e58f4684dab5812002458f2,"Measurements and explicit full-body image inspection PASS. Whole chapter/mode body inspected, including disclosures and both card faces. Accepted whole-body layout; route replacement survey used where applicable."
PRACTICE-TCCN-LuyenDe-Câu sai-1366,PRACTICE,/TCCN-LuyenDe,TCCN-LuyenDe.html,Câu sai,Câu sai,,1366,900,X03 | X04 | X05 | X08 | FZ03,Desktop 1363x936 đã mở; đây là AFTER test chưa chạy,PASS,PASS,PASS,PASS,PASS,PASS,PASS,PASS,PASS,evidence/after/render/PRACTICE-TCCN-LuyenDe-Câu sai-1366.png; implementation/visual-review.json; evidence/after/contact-sheets/_NguyenLyKeToan_LuyenDe__TCCN_LuyenDe__NhapMonLuatHoc_LuyenDe__KTQT_LuyenDe__LTMQT_LuyenDe__NLTTTC_LuyenDe/sheet-008.png,Codex,2f6eadb67fd1d5e07e58f4684dab5812002458f2,"Measurements and explicit full-body image inspection PASS. Whole chapter/mode body inspected, including disclosures and both card faces. Accepted whole-body layout; route replacement survey used where applicable."
PRACTICE-NguyenLyKeToan-LuyenDe-Tổng quan-320,PRACTICE,/NguyenLyKeToan-LuyenDe,NguyenLyKeToan-LuyenDe.html,Tổng quan,Tổng quan,,320,740,X03 | X04 | X06 | X07 | FZ03,Desktop 1363x936 đã mở; đây là AFTER test chưa chạy,PASS,PASS,PASS,PASS,PASS,PASS,PASS,PASS,PASS,evidence/after/render/PRACTICE-NguyenLyKeToan-LuyenDe-Tổng quan-320.png; implementation/visual-review.json; evidence/after/contact-sheets/_NguyenLyKeToan_LuyenDe__TCCN_LuyenDe__NhapMonLuatHoc_LuyenDe__KTQT_LuyenDe__LTMQT_LuyenDe__NLTTTC_LuyenDe/sheet-008.png,Codex,2f6eadb67fd1d5e07e58f4684dab5812002458f2,"Measurements and explicit full-body image inspection PASS. Whole chapter/mode body inspected, including disclosures and both card faces. Accepted whole-body layout; route replacement survey used where applicable."
PRACTICE-NguyenLyKeToan-LuyenDe-Tổng quan-390,PRACTICE,/NguyenLyKeToan-LuyenDe,NguyenLyKeToan-LuyenDe.html,Tổng quan,Tổng quan,,390,844,X03 | X04 | X06 | X07 | FZ03,Desktop 1363x936 đã mở; đây là AFTER test chưa chạy,PASS,PASS,PASS,PASS,PASS,PASS,PASS,PASS,PASS,evidence/after/render/PRACTICE-NguyenLyKeToan-LuyenDe-Tổng quan-390.png; implementation/visual-review.json; evidence/after/contact-sheets/_NguyenLyKeToan_LuyenDe__TCCN_LuyenDe__NhapMonLuatHoc_LuyenDe__KTQT_LuyenDe__LTMQT_LuyenDe__NLTTTC_LuyenDe/sheet-008.png,Codex,2f6eadb67fd1d5e07e58f4684dab5812002458f2,"Measurements and explicit full-body image inspection PASS. Whole chapter/mode body inspected, including disclosures and both card faces. Accepted whole-body layout; route replacement survey used where applicable."
PRACTICE-NguyenLyKeToan-LuyenDe-Tổng quan-768,PRACTICE,/NguyenLyKeToan-LuyenDe,NguyenLyKeToan-LuyenDe.html,Tổng quan,Tổng quan,,768,1024,X03 | X04 | X06 | X07 | FZ03,Desktop 1363x936 đã mở; đây là AFTER test chưa chạy,PASS,PASS,PASS,PASS,PASS,PASS,PASS,PASS,PASS,evidence/after/render/PRACTICE-NguyenLyKeToan-LuyenDe-Tổng quan-768.png; implementation/visual-review.json; evidence/after/contact-sheets/_NguyenLyKeToan_LuyenDe__TCCN_LuyenDe__NhapMonLuatHoc_LuyenDe__KTQT_LuyenDe__LTMQT_LuyenDe__NLTTTC_LuyenDe/sheet-009.png,Codex,2f6eadb67fd1d5e07e58f4684dab5812002458f2,"Measurements and explicit full-body image inspection PASS. Whole chapter/mode body inspected, including disclosures and both card faces. Accepted whole-body layout; route replacement survey used where applicable."
PRACTICE-NguyenLyKeToan-LuyenDe-Tổng quan-1366,PRACTICE,/NguyenLyKeToan-LuyenDe,NguyenLyKeToan-LuyenDe.html,Tổng quan,Tổng quan,,1366,900,X03 | X04 | X06 | X07 | FZ03,Desktop 1363x936 đã mở; đây là AFTER test chưa chạy,PASS,PASS,PASS,PASS,PASS,PASS,PASS,PASS,PASS,evidence/after/render/PRACTICE-NguyenLyKeToan-LuyenDe-Tổng quan-1366.png; implementation/visual-review.json; evidence/after/contact-sheets/_NguyenLyKeToan_LuyenDe__TCCN_LuyenDe__NhapMonLuatHoc_LuyenDe__KTQT_LuyenDe__LTMQT_LuyenDe__NLTTTC_LuyenDe/sheet-009.png,Codex,2f6eadb67fd1d5e07e58f4684dab5812002458f2,"Measurements and explicit full-body image inspection PASS. Whole chapter/mode body inspected, including disclosures and both card faces. Accepted whole-body layout; route replacement survey used where applicable."
PRACTICE-NguyenLyKeToan-LuyenDe-Theo chương-320,PRACTICE,/NguyenLyKeToan-LuyenDe,NguyenLyKeToan-LuyenDe.html,Theo chương,Theo chương,,320,740,X03 | X04 | X06 | X07 | FZ03,Desktop 1363x936 đã mở; đây là AFTER test chưa chạy,PASS,PASS,PASS,PASS,PASS,PASS,PASS,PASS,PASS,evidence/after/render/PRACTICE-NguyenLyKeToan-LuyenDe-Theo chương-320.png; implementation/visual-review.json; evidence/after/contact-sheets/_NguyenLyKeToan_LuyenDe__TCCN_LuyenDe__NhapMonLuatHoc_LuyenDe__KTQT_LuyenDe__LTMQT_LuyenDe__NLTTTC_LuyenDe/sheet-008.png,Codex,2f6eadb67fd1d5e07e58f4684dab5812002458f2,"Measurements and explicit full-body image inspection PASS. Whole chapter/mode body inspected, including disclosures and both card faces. Accepted whole-body layout; route replacement survey used where applicable."
PRACTICE-NguyenLyKeToan-LuyenDe-Theo chương-390,PRACTICE,/NguyenLyKeToan-LuyenDe,NguyenLyKeToan-LuyenDe.html,Theo chương,Theo chương,,390,844,X03 | X04 | X06 | X07 | FZ03,Desktop 1363x936 đã mở; đây là AFTER test chưa chạy,PASS,PASS,PASS,PASS,PASS,PASS,PASS,PASS,PASS,evidence/after/render/PRACTICE-NguyenLyKeToan-LuyenDe-Theo chương-390.png; implementation/visual-review.json; evidence/after/contact-sheets/_NguyenLyKeToan_LuyenDe__TCCN_LuyenDe__NhapMonLuatHoc_LuyenDe__KTQT_LuyenDe__LTMQT_LuyenDe__NLTTTC_LuyenDe/sheet-009.png,Codex,2f6eadb67fd1d5e07e58f4684dab5812002458f2,"Measurements and explicit full-body image inspection PASS. Whole chapter/mode body inspected, including disclosures and both card faces. Accepted whole-body layout; route replacement survey used where applicable."
PRACTICE-NguyenLyKeToan-LuyenDe-Theo chương-768,PRACTICE,/NguyenLyKeToan-LuyenDe,NguyenLyKeToan-LuyenDe.html,Theo chương,Theo chương,,768,1024,X03 | X04 | X06 | X07 | FZ03,Desktop 1363x936 đã mở; đây là AFTER test chưa chạy,PASS,PASS,PASS,PASS,PASS,PASS,PASS,PASS,PASS,evidence/after/render/PRACTICE-NguyenLyKeToan-LuyenDe-Theo chương-768.png; implementation/visual-review.json; evidence/after/contact-sheets/_NguyenLyKeToan_LuyenDe__TCCN_LuyenDe__NhapMonLuatHoc_LuyenDe__KTQT_LuyenDe__LTMQT_LuyenDe__NLTTTC_LuyenDe/sheet-009.png,Codex,2f6eadb67fd1d5e07e58f4684dab5812002458f2,"Measurements and explicit full-body image inspection PASS. Whole chapter/mode body inspected, including disclosures and both card faces. Accepted whole-body layout; route replacement survey used where applicable."
PRACTICE-NguyenLyKeToan-LuyenDe-Theo chương-1366,PRACTICE,/NguyenLyKeToan-LuyenDe,NguyenLyKeToan-LuyenDe.html,Theo chương,Theo chương,,1366,900,X03 | X04 | X06 | X07 | FZ03,Desktop 1363x936 đã mở; đây là AFTER test chưa chạy,PASS,PASS,PASS,PASS,PASS,PASS,PASS,PASS,PASS,evidence/after/render/PRACTICE-NguyenLyKeToan-LuyenDe-Theo chương-1366.png; implementation/visual-review.json; evidence/after/contact-sheets/_NguyenLyKeToan_LuyenDe__TCCN_LuyenDe__NhapMonLuatHoc_LuyenDe__KTQT_LuyenDe__LTMQT_LuyenDe__NLTTTC_LuyenDe/sheet-009.png,Codex,2f6eadb67fd1d5e07e58f4684dab5812002458f2,"Measurements and explicit full-body image inspection PASS. Whole chapter/mode body inspected, including disclosures and both card faces. Accepted whole-body layout; route replacement survey used where applicable."
PRACTICE-NguyenLyKeToan-LuyenDe-Trắc nghiệm-320,PRACTICE,/NguyenLyKeToan-LuyenDe,NguyenLyKeToan-LuyenDe.html,Trắc nghiệm,Trắc nghiệm,,320,740,X03 | X04 | X06 | X07 | FZ03,Desktop 1363x936 đã mở; đây là AFTER test chưa chạy,PASS,PASS,PASS,PASS,PASS,PASS,PASS,PASS,PASS,evidence/after/render/PRACTICE-NguyenLyKeToan-LuyenDe-Trắc nghiệm-320.png; implementation/visual-review.json; evidence/after/contact-sheets/_NguyenLyKeToan_LuyenDe__TCCN_LuyenDe__NhapMonLuatHoc_LuyenDe__KTQT_LuyenDe__LTMQT_LuyenDe__NLTTTC_LuyenDe/sheet-008.png,Codex,2f6eadb67fd1d5e07e58f4684dab5812002458f2,"Measurements and explicit full-body image inspection PASS. Whole chapter/mode body inspected, including disclosures and both card faces. Accepted whole-body layout; route replacement survey used where applicable."
PRACTICE-NguyenLyKeToan-LuyenDe-Trắc nghiệm-390,PRACTICE,/NguyenLyKeToan-LuyenDe,NguyenLyKeToan-LuyenDe.html,Trắc nghiệm,Trắc nghiệm,,390,844,X03 | X04 | X06 | X07 | FZ03,Desktop 1363x936 đã mở; đây là AFTER test chưa chạy,PASS,PASS,PASS,PASS,PASS,PASS,PASS,PASS,PASS,evidence/after/render/PRACTICE-NguyenLyKeToan-LuyenDe-Trắc nghiệm-390.png; implementation/visual-review.json; evidence/after/contact-sheets/_NguyenLyKeToan_LuyenDe__TCCN_LuyenDe__NhapMonLuatHoc_LuyenDe__KTQT_LuyenDe__LTMQT_LuyenDe__NLTTTC_LuyenDe/sheet-009.png,Codex,2f6eadb67fd1d5e07e58f4684dab5812002458f2,"Measurements and explicit full-body image inspection PASS. Whole chapter/mode body inspected, including disclosures and both card faces. Accepted whole-body layout; route replacement survey used where applicable."
PRACTICE-NguyenLyKeToan-LuyenDe-Trắc nghiệm-768,PRACTICE,/NguyenLyKeToan-LuyenDe,NguyenLyKeToan-LuyenDe.html,Trắc nghiệm,Trắc nghiệm,,768,1024,X03 | X04 | X06 | X07 | FZ03,Desktop 1363x936 đã mở; đây là AFTER test chưa chạy,PASS,PASS,PASS,PASS,PASS,PASS,PASS,PASS,PASS,evidence/after/render/PRACTICE-NguyenLyKeToan-LuyenDe-Trắc nghiệm-768.png; implementation/visual-review.json; evidence/after/contact-sheets/_NguyenLyKeToan_LuyenDe__TCCN_LuyenDe__NhapMonLuatHoc_LuyenDe__KTQT_LuyenDe__LTMQT_LuyenDe__NLTTTC_LuyenDe/sheet-009.png,Codex,2f6eadb67fd1d5e07e58f4684dab5812002458f2,"Measurements and explicit full-body image inspection PASS. Whole chapter/mode body inspected, including disclosures and both card faces. Accepted whole-body layout; route replacement survey used where applicable."
PRACTICE-NguyenLyKeToan-LuyenDe-Trắc nghiệm-1366,PRACTICE,/NguyenLyKeToan-LuyenDe,NguyenLyKeToan-LuyenDe.html,Trắc nghiệm,Trắc nghiệm,,1366,900,X03 | X04 | X06 | X07 | FZ03,Desktop 1363x936 đã mở; đây là AFTER test chưa chạy,PASS,PASS,PASS,PASS,PASS,PASS,PASS,PASS,PASS,evidence/after/render/PRACTICE-NguyenLyKeToan-LuyenDe-Trắc nghiệm-1366.png; implementation/visual-review.json; evidence/after/contact-sheets/_NguyenLyKeToan_LuyenDe__TCCN_LuyenDe__NhapMonLuatHoc_LuyenDe__KTQT_LuyenDe__LTMQT_LuyenDe__NLTTTC_LuyenDe/sheet-009.png,Codex,2f6eadb67fd1d5e07e58f4684dab5812002458f2,"Measurements and explicit full-body image inspection PASS. Whole chapter/mode body inspected, including disclosures and both card faces. Accepted whole-body layout; route replacement survey used where applicable."
PRACTICE-NguyenLyKeToan-LuyenDe-Luyện đề-320,PRACTICE,/NguyenLyKeToan-LuyenDe,NguyenLyKeToan-LuyenDe.html,Luyện đề,Luyện đề,,320,740,X03 | X04 | X06 | X07 | FZ03,Desktop 1363x936 đã mở; đây là AFTER test chưa chạy,PASS,PASS,PASS,PASS,PASS,PASS,PASS,PASS,PASS,evidence/after/render/PRACTICE-NguyenLyKeToan-LuyenDe-Luyện đề-320.png; implementation/visual-review.json; evidence/after/contact-sheets/_NguyenLyKeToan_LuyenDe__TCCN_LuyenDe__NhapMonLuatHoc_LuyenDe__KTQT_LuyenDe__LTMQT_LuyenDe__NLTTTC_LuyenDe/sheet-008.png,Codex,2f6eadb67fd1d5e07e58f4684dab5812002458f2,"Measurements and explicit full-body image inspection PASS. Whole chapter/mode body inspected, including disclosures and both card faces. Accepted whole-body layout; route replacement survey used where applicable."
PRACTICE-NguyenLyKeToan-LuyenDe-Luyện đề-390,PRACTICE,/NguyenLyKeToan-LuyenDe,NguyenLyKeToan-LuyenDe.html,Luyện đề,Luyện đề,,390,844,X03 | X04 | X06 | X07 | FZ03,Desktop 1363x936 đã mở; đây là AFTER test chưa chạy,PASS,PASS,PASS,PASS,PASS,PASS,PASS,PASS,PASS,evidence/after/render/PRACTICE-NguyenLyKeToan-LuyenDe-Luyện đề-390.png; implementation/visual-review.json; evidence/after/contact-sheets/_NguyenLyKeToan_LuyenDe__TCCN_LuyenDe__NhapMonLuatHoc_LuyenDe__KTQT_LuyenDe__LTMQT_LuyenDe__NLTTTC_LuyenDe/sheet-009.png,Codex,2f6eadb67fd1d5e07e58f4684dab5812002458f2,"Measurements and explicit full-body image inspection PASS. Whole chapter/mode body inspected, including disclosures and both card faces. Accepted whole-body layout; route replacement survey used where applicable."
PRACTICE-NguyenLyKeToan-LuyenDe-Luyện đề-768,PRACTICE,/NguyenLyKeToan-LuyenDe,NguyenLyKeToan-LuyenDe.html,Luyện đề,Luyện đề,,768,1024,X03 | X04 | X06 | X07 | FZ03,Desktop 1363x936 đã mở; đây là AFTER test chưa chạy,PASS,PASS,PASS,PASS,PASS,PASS,PASS,PASS,PASS,evidence/after/render/PRACTICE-NguyenLyKeToan-LuyenDe-Luyện đề-768.png; implementation/visual-review.json; evidence/after/contact-sheets/_NguyenLyKeToan_LuyenDe__TCCN_LuyenDe__NhapMonLuatHoc_LuyenDe__KTQT_LuyenDe__LTMQT_LuyenDe__NLTTTC_LuyenDe/sheet-009.png,Codex,2f6eadb67fd1d5e07e58f4684dab5812002458f2,"Measurements and explicit full-body image inspection PASS. Whole chapter/mode body inspected, including disclosures and both card faces. Accepted whole-body layout; route replacement survey used where applicable."
PRACTICE-NguyenLyKeToan-LuyenDe-Luyện đề-1366,PRACTICE,/NguyenLyKeToan-LuyenDe,NguyenLyKeToan-LuyenDe.html,Luyện đề,Luyện đề,,1366,900,X03 | X04 | X06 | X07 | FZ03,Desktop 1363x936 đã mở; đây là AFTER test chưa chạy,PASS,PASS,PASS,PASS,PASS,PASS,PASS,PASS,PASS,evidence/after/render/PRACTICE-NguyenLyKeToan-LuyenDe-Luyện đề-1366.png; implementation/visual-review.json; evidence/after/contact-sheets/_NguyenLyKeToan_LuyenDe__TCCN_LuyenDe__NhapMonLuatHoc_LuyenDe__KTQT_LuyenDe__LTMQT_LuyenDe__NLTTTC_LuyenDe/sheet-009.png,Codex,2f6eadb67fd1d5e07e58f4684dab5812002458f2,"Measurements and explicit full-body image inspection PASS. Whole chapter/mode body inspected, including disclosures and both card faces. Accepted whole-body layout; route replacement survey used where applicable."
HOME-home-homepage-320,HOME,/,index.html,homepage,homepage,,320,740,H01 | H02 | H03 | H04,Ảnh desktop trước sửa; AFTER chưa chạy,PASS,PASS,PASS,PASS,PASS,PASS,PASS,PASS,PASS,evidence/after/render/HOME-home-homepage-320.png; implementation/visual-review.json; evidence/after/contact-sheets/gradient-components/sheet-004.png,Codex,2f6eadb67fd1d5e07e58f4684dab5812002458f2,"Measurements and explicit full-body image inspection PASS. Whole chapter/mode body inspected, including disclosures and both card faces. Accepted whole-body layout; route replacement survey used where applicable."
HOME-home-homepage-390,HOME,/,index.html,homepage,homepage,,390,844,H01 | H02 | H03 | H04,Ảnh desktop trước sửa; AFTER chưa chạy,PASS,PASS,PASS,PASS,PASS,PASS,PASS,PASS,PASS,evidence/after/render/HOME-home-homepage-390.png; implementation/visual-review.json; evidence/after/contact-sheets/gradient-components/sheet-004.png,Codex,2f6eadb67fd1d5e07e58f4684dab5812002458f2,"Measurements and explicit full-body image inspection PASS. Whole chapter/mode body inspected, including disclosures and both card faces. Accepted whole-body layout; route replacement survey used where applicable."
HOME-home-homepage-768,HOME,/,index.html,homepage,homepage,,768,1024,H01 | H02 | H03 | H04,Ảnh desktop trước sửa; AFTER chưa chạy,PASS,PASS,PASS,PASS,PASS,PASS,PASS,PASS,PASS,evidence/after/render/HOME-home-homepage-768.png; implementation/visual-review.json; evidence/after/contact-sheets/gradient-components/sheet-004.png,Codex,2f6eadb67fd1d5e07e58f4684dab5812002458f2,"Measurements and explicit full-body image inspection PASS. Whole chapter/mode body inspected, including disclosures and both card faces. Accepted whole-body layout; route replacement survey used where applicable."
HOME-home-homepage-1366,HOME,/,index.html,homepage,homepage,,1366,900,H01 | H02 | H03 | H04,Ảnh desktop trước sửa; AFTER chưa chạy,PASS,PASS,PASS,PASS,PASS,PASS,PASS,PASS,PASS,evidence/after/render/HOME-home-homepage-1366.png; implementation/visual-review.json; evidence/after/contact-sheets/gradient-components/sheet-005.png,Codex,2f6eadb67fd1d5e07e58f4684dab5812002458f2,"Measurements and explicit full-body image inspection PASS. Whole chapter/mode body inspected, including disclosures and both card faces. Accepted whole-body layout; route replacement survey used where applicable."
